{"accuracy_test":0.7454635500907898,"_timestamp":1.764773584400717e+09,"_step":5000,"loss_test":0.48078957200050354,"kl_loss":5.169834613800049,"_wandb":{"runtime":218},"_runtime":218.780802568}