{"_step":11,"Cross Entropy Loss":0.5135368704795837,"kl_loss":-0.7095617651939392,"accuracy_test":0.7267088890075684,"Correlation original params & latents":0.025157744048932156,"_wandb":{"runtime":645},"_runtime":645.469525854,"_timestamp":1.7648629953298602e+09}