{"_step":4499,"kl_loss":-0.04647619649767876,"training accuracy":0.735744059085846,"Cross Entropy Loss":0.5004616975784302,"_runtime":2554.301986246,"_wandb":{"runtime":2554},"accuracy_test":0.7344642877578735,"Correlation original params & latents":0.0009155248507145496,"_timestamp":1.7653667820531027e+09}