{"_step":10000,"kl_loss":1.3694980144500732,"accuracy_test":0.7310497164726257,"training accuracy":0.7270718216896057,"Correlation original params & latents":-0.012935890326241432,"_runtime":4334.370489518,"Cross Entropy Loss":0.5157630443572998,"_wandb":{"runtime":4334},"_timestamp":1.765406920836473e+09}