dataset_id,fold,session,nll_summed,model
0,0,5,125.5109050584397,Q (common fit)
0,0,9,106.96884185291655,Q (common fit)
0,0,12,79.7921602205049,Q (common fit)
0,0,15,110.72165577357308,Q (common fit)
0,0,16,92.63836163191613,Q (common fit)
0,0,18,135.2968310184977,Q (common fit)
0,0,19,112.96067219768328,Q (common fit)
0,0,24,100.1913985838124,Q (common fit)
0,0,29,126.95679816564758,Q (common fit)
0,0,30,110.24773285739975,Q (common fit)
0,0,31,81.3753843535612,Q (common fit)
0,0,35,128.08890390715754,Q (common fit)
0,0,38,129.86485926189357,Q (common fit)
0,0,42,138.8350656983537,Q (common fit)
0,0,45,89.79914854731287,Q (common fit)
0,0,55,105.09661367484476,Q (common fit)
0,0,56,140.4911850610219,Q (common fit)
0,0,60,75.10275237840449,Q (common fit)
0,0,65,138.0730667355345,Q (common fit)
0,0,66,133.63259283530434,Q (common fit)
0,0,67,133.70598722064491,Q (common fit)
0,0,68,103.8435364775683,Q (common fit)
0,0,69,137.5380034185748,Q (common fit)
0,0,73,91.93314871769216,Q (common fit)
0,0,75,92.05497465097268,Q (common fit)
0,0,76,138.43252811428115,Q (common fit)
0,0,78,97.00902925267393,Q (common fit)
0,0,79,70.68972406355958,Q (common fit)
0,0,82,126.86176569855134,Q (common fit)
0,0,84,81.77173994426136,Q (common fit)
0,0,86,97.45824146149582,Q (common fit)
0,0,93,106.02503880185672,Q (common fit)
0,0,95,100.89666899943722,Q (common fit)
0,0,96,117.96753124394291,Q (common fit)
0,0,97,92.90213123474835,Q (common fit)
0,0,98,139.81122699972468,Q (common fit)
0,0,104,99.3790666417708,Q (common fit)
0,0,114,134.8451429757232,Q (common fit)
0,0,115,86.51037124180685,Q (common fit)
0,0,117,108.31528096257736,Q (common fit)
0,0,119,92.33482686001844,Q (common fit)
0,0,122,121.01120537862263,Q (common fit)
0,0,124,104.0742597276349,Q (common fit)
0,0,125,127.57939000570455,Q (common fit)
0,0,126,113.57653134396186,Q (common fit)
0,0,128,134.66352477996253,Q (common fit)
0,0,132,138.2343877042462,Q (common fit)
0,0,135,136.5079757088183,Q (common fit)
0,0,137,103.8520026017254,Q (common fit)
0,0,140,80.42825574051146,Q (common fit)
0,0,143,101.70865494758618,Q (common fit)
0,0,148,145.99949625313386,Q (common fit)
0,0,150,92.1446350482397,Q (common fit)
0,0,152,138.53234065959114,Q (common fit)
0,0,158,129.73917026481442,Q (common fit)
0,0,164,103.34423560893684,Q (common fit)
0,0,165,129.26344711189168,Q (common fit)
0,0,169,131.34031293695736,Q (common fit)
0,0,170,135.0392237548489,Q (common fit)
0,0,172,106.5021846747934,Q (common fit)
0,0,173,136.0678794348928,Q (common fit)
0,0,174,84.99218260914509,Q (common fit)
0,0,177,82.88083229935911,Q (common fit)
0,0,182,131.2454727074955,Q (common fit)
0,0,186,109.66766020624476,Q (common fit)
0,0,195,75.00421850947092,Q (common fit)
0,0,197,128.4839435664789,Q (common fit)
0,0,5,125.34385872243492,Q (MAP)
0,0,9,107.63636470993664,Q (MAP)
0,0,12,71.61847106909262,Q (MAP)
0,0,15,111.93641062393743,Q (MAP)
0,0,16,88.62827048556785,Q (MAP)
0,0,18,135.53697355591285,Q (MAP)
0,0,19,110.9750799413984,Q (MAP)
0,0,24,97.71664835746128,Q (MAP)
0,0,29,114.29655932974003,Q (MAP)
0,0,30,108.365241607402,Q (MAP)
0,0,31,76.12007985593866,Q (MAP)
0,0,35,124.237887910305,Q (MAP)
0,0,38,129.10934027386028,Q (MAP)
0,0,42,137.5557931530591,Q (MAP)
0,0,45,84.95465687796727,Q (MAP)
0,0,55,101.65687746126872,Q (MAP)
0,0,56,137.95541244150036,Q (MAP)
0,0,60,68.2593973923482,Q (MAP)
0,0,65,138.5648883389748,Q (MAP)
0,0,66,134.50952288106123,Q (MAP)
0,0,67,132.02687336919212,Q (MAP)
0,0,68,96.44658643846974,Q (MAP)
0,0,69,137.93710805618858,Q (MAP)
0,0,73,80.75504395496414,Q (MAP)
0,0,75,85.07706098093209,Q (MAP)
0,0,76,138.86851852327433,Q (MAP)
0,0,78,97.8346795820468,Q (MAP)
0,0,79,68.44078969102378,Q (MAP)
0,0,82,119.58418402318114,Q (MAP)
0,0,84,78.44392104214192,Q (MAP)
0,0,86,95.05233591103644,Q (MAP)
0,0,93,106.3820819666846,Q (MAP)
0,0,95,97.61346407816572,Q (MAP)
0,0,96,118.51570723293216,Q (MAP)
0,0,97,87.65933087712038,Q (MAP)
0,0,98,137.47354043290738,Q (MAP)
0,0,104,90.682268249544,Q (MAP)
0,0,114,135.06641345678918,Q (MAP)
0,0,115,72.46107414182548,Q (MAP)
0,0,117,107.18823442379856,Q (MAP)
0,0,119,91.80039080273056,Q (MAP)
0,0,122,120.04403729189708,Q (MAP)
0,0,124,101.47356497690043,Q (MAP)
0,0,125,124.4624946091889,Q (MAP)
0,0,126,114.3186540891572,Q (MAP)
0,0,128,134.56564012461462,Q (MAP)
0,0,132,139.34063989817597,Q (MAP)
0,0,135,135.46661117192448,Q (MAP)
0,0,137,104.12616439413046,Q (MAP)
0,0,140,70.33423070787933,Q (MAP)
0,0,143,97.06631952881132,Q (MAP)
0,0,148,139.9680327469614,Q (MAP)
0,0,150,74.95925851725929,Q (MAP)
0,0,152,135.8167360919559,Q (MAP)
0,0,158,130.33631466391836,Q (MAP)
0,0,164,95.61936974599529,Q (MAP)
0,0,165,126.83559518883015,Q (MAP)
0,0,169,130.78576299551426,Q (MAP)
0,0,170,134.902643056307,Q (MAP)
0,0,172,106.35976330429204,Q (MAP)
0,0,173,135.25440494349814,Q (MAP)
0,0,174,83.47831613020448,Q (MAP)
0,0,177,76.16164809024404,Q (MAP)
0,0,182,129.83541279100675,Q (MAP)
0,0,186,112.52941602008858,Q (MAP)
0,0,195,71.25613850394097,Q (MAP)
0,0,197,130.8395936919744,Q (MAP)
0,0,5,125.24403385478,FQ (common fit)
0,0,9,73.1568201972977,FQ (common fit)
0,0,12,67.71229484913306,FQ (common fit)
0,0,15,97.45418318575716,FQ (common fit)
0,0,16,64.77537950520735,FQ (common fit)
0,0,18,135.681163562493,FQ (common fit)
0,0,19,99.06690189690094,FQ (common fit)
0,0,24,83.3537699568203,FQ (common fit)
0,0,29,118.94118364798422,FQ (common fit)
0,0,30,78.13823886661852,FQ (common fit)
0,0,31,63.70437384693607,FQ (common fit)
0,0,35,125.4556907299442,FQ (common fit)
0,0,38,125.42116204560976,FQ (common fit)
0,0,42,139.2063555596223,FQ (common fit)
0,0,45,79.86263386818358,FQ (common fit)
0,0,55,83.4914495063594,FQ (common fit)
0,0,56,140.70606985646066,FQ (common fit)
0,0,60,60.02239542650833,FQ (common fit)
0,0,65,137.24472072544813,FQ (common fit)
0,0,66,131.9915198587265,FQ (common fit)
0,0,67,132.20662188109375,FQ (common fit)
0,0,68,101.07997567383528,FQ (common fit)
0,0,69,135.35769513728587,FQ (common fit)
0,0,73,75.1755485623355,FQ (common fit)
0,0,75,87.64831468057432,FQ (common fit)
0,0,76,137.90718322883075,FQ (common fit)
0,0,78,89.04750631095938,FQ (common fit)
0,0,79,67.9985655245642,FQ (common fit)
0,0,82,87.67965593051807,FQ (common fit)
0,0,84,71.4310290653526,FQ (common fit)
0,0,86,84.15700713629205,FQ (common fit)
0,0,93,90.9598516082919,FQ (common fit)
0,0,95,83.7476453975756,FQ (common fit)
0,0,96,88.4370072773212,FQ (common fit)
0,0,97,80.79812438583487,FQ (common fit)
0,0,98,140.66918629002149,FQ (common fit)
0,0,104,75.85782852655372,FQ (common fit)
0,0,114,133.42520077326816,FQ (common fit)
0,0,115,57.35098113908658,FQ (common fit)
0,0,117,70.58197544922,FQ (common fit)
0,0,119,88.99251464369235,FQ (common fit)
0,0,122,120.79820792148904,FQ (common fit)
0,0,124,79.1097271524842,FQ (common fit)
0,0,125,128.28106864130612,FQ (common fit)
0,0,126,80.91964494465736,FQ (common fit)
0,0,128,136.35992738540148,FQ (common fit)
0,0,132,138.80067077376268,FQ (common fit)
0,0,135,135.01432006306962,FQ (common fit)
0,0,137,61.299189552870494,FQ (common fit)
0,0,140,70.29407425005361,FQ (common fit)
0,0,143,94.1591920009392,FQ (common fit)
0,0,148,145.53362982339695,FQ (common fit)
0,0,150,44.83430071908749,FQ (common fit)
0,0,152,140.9400559602725,FQ (common fit)
0,0,158,114.05126693244804,FQ (common fit)
0,0,164,104.98502785766384,FQ (common fit)
0,0,165,128.3360377987807,FQ (common fit)
0,0,169,127.88130348745256,FQ (common fit)
0,0,170,132.89318137612244,FQ (common fit)
0,0,172,63.60735758201941,FQ (common fit)
0,0,173,136.02596815634865,FQ (common fit)
0,0,174,77.34010281495014,FQ (common fit)
0,0,177,72.85518415469492,FQ (common fit)
0,0,182,130.9317883817829,FQ (common fit)
0,0,186,94.07415556088716,FQ (common fit)
0,0,195,70.47644507644539,FQ (common fit)
0,0,197,74.40993614137135,FQ (common fit)
0,0,5,124.36686067072291,FQ (MAP)
0,0,9,67.97172560134763,FQ (MAP)
0,0,12,63.44103633027735,FQ (MAP)
0,0,15,95.7225768449796,FQ (MAP)
0,0,16,63.37587554309612,FQ (MAP)
0,0,18,135.67866798398214,FQ (MAP)
0,0,19,95.5062365323814,FQ (MAP)
0,0,24,82.73831226513079,FQ (MAP)
0,0,29,106.2233057522161,FQ (MAP)
0,0,30,77.85610675687897,FQ (MAP)
0,0,31,59.66813778131575,FQ (MAP)
0,0,35,122.54656137529297,FQ (MAP)
0,0,38,123.00081434440584,FQ (MAP)
0,0,42,137.0777514526759,FQ (MAP)
0,0,45,77.36151938262662,FQ (MAP)
0,0,55,75.73329740523718,FQ (MAP)
0,0,56,138.21937667271504,FQ (MAP)
0,0,60,58.49092583988281,FQ (MAP)
0,0,65,137.52482479219114,FQ (MAP)
0,0,66,132.1700490278935,FQ (MAP)
0,0,67,130.86781163410538,FQ (MAP)
0,0,68,91.38563441502912,FQ (MAP)
0,0,69,135.1134218978636,FQ (MAP)
0,0,73,69.02062729284964,FQ (MAP)
0,0,75,84.54162605967848,FQ (MAP)
0,0,76,138.00508868272098,FQ (MAP)
0,0,78,89.21716079310026,FQ (MAP)
0,0,79,63.93586209192334,FQ (MAP)
0,0,82,87.86228718841751,FQ (MAP)
0,0,84,69.76197591110859,FQ (MAP)
0,0,86,81.50172020270142,FQ (MAP)
0,0,93,90.69909342691356,FQ (MAP)
0,0,95,83.65585228614484,FQ (MAP)
0,0,96,88.07758885491437,FQ (MAP)
0,0,97,78.18794473373096,FQ (MAP)
0,0,98,136.21475049055184,FQ (MAP)
0,0,104,65.85137561524428,FQ (MAP)
0,0,114,133.24266145386846,FQ (MAP)
0,0,115,51.48140332118695,FQ (MAP)
0,0,117,68.60018260195561,FQ (MAP)
0,0,119,88.57822113713617,FQ (MAP)
0,0,122,120.32078320202594,FQ (MAP)
0,0,124,79.07419348398889,FQ (MAP)
0,0,125,125.11319792445738,FQ (MAP)
0,0,126,77.99964429388852,FQ (MAP)
0,0,128,135.4359754957351,FQ (MAP)
0,0,132,137.7808107649314,FQ (MAP)
0,0,135,133.71144711164033,FQ (MAP)
0,0,137,60.52983731601787,FQ (MAP)
0,0,140,64.16067022457376,FQ (MAP)
0,0,143,93.47932691742464,FQ (MAP)
0,0,148,136.55913391109462,FQ (MAP)
0,0,150,40.540646646026026,FQ (MAP)
0,0,152,137.5080495287901,FQ (MAP)
0,0,158,108.04379908808129,FQ (MAP)
0,0,164,92.60041833175087,FQ (MAP)
0,0,165,127.70649598544792,FQ (MAP)
0,0,169,127.7637303869235,FQ (MAP)
0,0,170,132.42020744283977,FQ (MAP)
0,0,172,62.410878899066645,FQ (MAP)
0,0,173,135.33031147040228,FQ (MAP)
0,0,174,77.0463734974264,FQ (MAP)
0,0,177,70.5500742801444,FQ (MAP)
0,0,182,130.1547413323587,FQ (MAP)
0,0,186,93.02689069030956,FQ (MAP)
0,0,195,69.67328814928767,FQ (MAP)
0,0,197,71.00975074409205,FQ (MAP)
0,0,5,125.00413318585016,True model
0,0,9,68.41012754211344,True model
0,0,12,63.25572894927478,True model
0,0,15,95.61013327563418,True model
0,0,16,63.331677208667415,True model
0,0,18,135.71934834851123,True model
0,0,19,95.97009754575988,True model
0,0,24,83.14525110520404,True model
0,0,29,105.79014219454216,True model
0,0,30,77.93308208491854,True model
0,0,31,59.87441763413236,True model
0,0,35,121.99632771828584,True model
0,0,38,122.93693854023576,True model
0,0,42,135.9904246631709,True model
0,0,45,77.31537639247,True model
0,0,55,74.60552597134793,True model
0,0,56,137.35349263460623,True model
0,0,60,58.59810322012773,True model
0,0,65,137.5739590203268,True model
0,0,66,132.41941771394124,True model
0,0,67,130.339230062483,True model
0,0,68,91.08345753367276,True model
0,0,69,134.81203211146703,True model
0,0,73,68.5952694312123,True model
0,0,75,84.36169538140507,True model
0,0,76,138.41053859762462,True model
0,0,78,89.50670288125909,True model
0,0,79,64.15182543638761,True model
0,0,82,88.07051398450729,True model
0,0,84,69.75327408040249,True model
0,0,86,81.2397584203963,True model
0,0,93,90.9048129826881,True model
0,0,95,83.64534221622179,True model
0,0,96,88.09706254759783,True model
0,0,97,79.73709391020984,True model
0,0,98,135.33544030162432,True model
0,0,104,64.8995792647767,True model
0,0,114,134.02384511287843,True model
0,0,115,50.66463661545197,True model
0,0,117,69.28049187847083,True model
0,0,119,88.63077398121932,True model
0,0,122,120.83833300366518,True model
0,0,124,80.36397830549816,True model
0,0,125,128.59663503215896,True model
0,0,126,78.19502495678722,True model
0,0,128,136.00154654538446,True model
0,0,132,137.26457165429915,True model
0,0,135,133.94914557576655,True model
0,0,137,61.28005277352475,True model
0,0,140,63.417585436986464,True model
0,0,143,93.44067182132878,True model
0,0,148,135.98681141130595,True model
0,0,150,40.58369450026135,True model
0,0,152,137.12937756130503,True model
0,0,158,108.57502863206814,True model
0,0,164,93.32921390131555,True model
0,0,165,126.83373020181271,True model
0,0,169,127.66871752029454,True model
0,0,170,132.17266589614127,True model
0,0,172,62.651089528953854,True model
0,0,173,135.10969326267664,True model
0,0,174,78.32403243998712,True model
0,0,177,71.58082665314399,True model
0,0,182,129.7471750380633,True model
0,0,186,92.64239831331308,True model
0,0,195,70.24865356681876,True model
0,0,197,71.13933001302442,True model
0,1,0,77.2126663319626,Q (common fit)
0,1,2,106.7346106193969,Q (common fit)
0,1,4,89.34013502854891,Q (common fit)
0,1,6,112.51161120516612,Q (common fit)
0,1,10,135.3418918887764,Q (common fit)
0,1,11,65.92174626131195,Q (common fit)
0,1,22,135.5151203177247,Q (common fit)
0,1,23,90.97787724607818,Q (common fit)
0,1,25,124.08091623208448,Q (common fit)
0,1,26,98.25971897994528,Q (common fit)
0,1,27,114.7213775060364,Q (common fit)
0,1,28,105.24594097387356,Q (common fit)
0,1,32,135.66538201088846,Q (common fit)
0,1,33,97.38154460630264,Q (common fit)
0,1,36,95.42068039116036,Q (common fit)
0,1,39,131.9505942643444,Q (common fit)
0,1,40,137.72704748196057,Q (common fit)
0,1,41,89.37686993559088,Q (common fit)
0,1,44,132.01213285289035,Q (common fit)
0,1,46,108.8114638008444,Q (common fit)
0,1,47,105.32560326103751,Q (common fit)
0,1,51,86.29613163998445,Q (common fit)
0,1,61,88.79441362745003,Q (common fit)
0,1,62,97.18842007234014,Q (common fit)
0,1,64,68.80908599469223,Q (common fit)
0,1,70,133.40671511910352,Q (common fit)
0,1,77,122.82220245732412,Q (common fit)
0,1,81,135.7599194246087,Q (common fit)
0,1,85,99.51510911662108,Q (common fit)
0,1,90,131.68130332922533,Q (common fit)
0,1,94,61.92153781076483,Q (common fit)
0,1,100,137.813661677082,Q (common fit)
0,1,101,81.99529032134811,Q (common fit)
0,1,108,145.37499737050476,Q (common fit)
0,1,109,119.82486850786832,Q (common fit)
0,1,111,141.13049117331508,Q (common fit)
0,1,112,128.71519097149613,Q (common fit)
0,1,113,106.60535514096742,Q (common fit)
0,1,118,80.11830016934157,Q (common fit)
0,1,120,112.31125427177194,Q (common fit)
0,1,123,103.18479218216432,Q (common fit)
0,1,127,119.98170970354224,Q (common fit)
0,1,136,99.34281602941778,Q (common fit)
0,1,139,83.03612211343649,Q (common fit)
0,1,141,144.47675431167124,Q (common fit)
0,1,142,101.29581433483284,Q (common fit)
0,1,144,89.92033706828465,Q (common fit)
0,1,145,134.6038459747689,Q (common fit)
0,1,146,110.3127533480862,Q (common fit)
0,1,147,77.95646889371076,Q (common fit)
0,1,153,136.79694497018528,Q (common fit)
0,1,154,107.7205483397236,Q (common fit)
0,1,155,109.62458528514168,Q (common fit)
0,1,156,126.3355004097218,Q (common fit)
0,1,159,130.4059526221798,Q (common fit)
0,1,161,102.84107010614468,Q (common fit)
0,1,162,82.92098433919598,Q (common fit)
0,1,163,87.4513020137688,Q (common fit)
0,1,166,112.07614394399268,Q (common fit)
0,1,168,109.40512106514736,Q (common fit)
0,1,184,142.96454852002242,Q (common fit)
0,1,187,129.5851708233516,Q (common fit)
0,1,189,136.9916293805649,Q (common fit)
0,1,190,108.4866075930274,Q (common fit)
0,1,191,98.2384883741462,Q (common fit)
0,1,194,127.8681956995262,Q (common fit)
0,1,198,103.66654105232196,Q (common fit)
0,1,0,70.24929072797983,Q (MAP)
0,1,2,105.6971350765948,Q (MAP)
0,1,4,82.3716589837888,Q (MAP)
0,1,6,99.69543542061132,Q (MAP)
0,1,10,96.3102224623103,Q (MAP)
0,1,11,57.30712185194885,Q (MAP)
0,1,22,135.747724353087,Q (MAP)
0,1,23,90.03804882870396,Q (MAP)
0,1,25,122.1966716957611,Q (MAP)
0,1,26,97.53522707715202,Q (MAP)
0,1,27,112.6653067970356,Q (MAP)
0,1,28,106.58842080798428,Q (MAP)
0,1,32,118.42204734695524,Q (MAP)
0,1,33,89.66073911314793,Q (MAP)
0,1,36,95.20947799342134,Q (MAP)
0,1,39,119.80863464644143,Q (MAP)
0,1,40,132.26812643856923,Q (MAP)
0,1,41,83.83337931709237,Q (MAP)
0,1,44,95.59803219056565,Q (MAP)
0,1,46,107.82639282980644,Q (MAP)
0,1,47,105.19680358117924,Q (MAP)
0,1,51,85.38610520944582,Q (MAP)
0,1,61,88.10270412185648,Q (MAP)
0,1,62,95.24451333884105,Q (MAP)
0,1,64,66.2724684860404,Q (MAP)
0,1,70,130.69240614591146,Q (MAP)
0,1,77,107.32758730034112,Q (MAP)
0,1,81,132.65503240028332,Q (MAP)
0,1,85,96.36877780444809,Q (MAP)
0,1,90,120.09804004808342,Q (MAP)
0,1,94,57.21115699665773,Q (MAP)
0,1,100,136.40564841963277,Q (MAP)
0,1,101,79.999699384046,Q (MAP)
0,1,108,139.70629784160226,Q (MAP)
0,1,109,106.61101468318044,Q (MAP)
0,1,111,139.59735922505322,Q (MAP)
0,1,112,126.12852635200494,Q (MAP)
0,1,113,102.64420475947358,Q (MAP)
0,1,118,71.57559663929695,Q (MAP)
0,1,120,113.39462259988387,Q (MAP)
0,1,123,96.61967269149554,Q (MAP)
0,1,127,121.7530915721616,Q (MAP)
0,1,136,101.0725216189194,Q (MAP)
0,1,139,79.31491091677927,Q (MAP)
0,1,141,140.63496337989142,Q (MAP)
0,1,142,100.1642763149341,Q (MAP)
0,1,144,87.01616438748555,Q (MAP)
0,1,145,133.51505639454138,Q (MAP)
0,1,146,106.34714190808675,Q (MAP)
0,1,147,73.26107739680833,Q (MAP)
0,1,153,135.84928022993392,Q (MAP)
0,1,154,108.2306616582375,Q (MAP)
0,1,155,101.46275166569085,Q (MAP)
0,1,156,127.6084015803436,Q (MAP)
0,1,159,124.5986624510784,Q (MAP)
0,1,161,100.79782954888312,Q (MAP)
0,1,162,80.85613887602084,Q (MAP)
0,1,163,86.3694059866356,Q (MAP)
0,1,166,110.88715894096713,Q (MAP)
0,1,168,98.5516799980881,Q (MAP)
0,1,184,140.1968686107948,Q (MAP)
0,1,187,129.05785230886485,Q (MAP)
0,1,189,137.01901322432036,Q (MAP)
0,1,190,87.1556264960912,Q (MAP)
0,1,191,90.38029794779324,Q (MAP)
0,1,194,127.89237687085148,Q (MAP)
0,1,198,101.87262066477712,Q (MAP)
0,1,0,68.60106546558998,FQ (common fit)
0,1,2,93.19826878201889,FQ (common fit)
0,1,4,83.81555754067917,FQ (common fit)
0,1,6,110.37979935391613,FQ (common fit)
0,1,10,96.50921621351668,FQ (common fit)
0,1,11,59.35830691777662,FQ (common fit)
0,1,22,133.01635099016212,FQ (common fit)
0,1,23,85.75104275234514,FQ (common fit)
0,1,25,123.66149644764792,FQ (common fit)
0,1,26,93.32219947945482,FQ (common fit)
0,1,27,112.69042129299832,FQ (common fit)
0,1,28,86.58670249655064,FQ (common fit)
0,1,32,116.0531462996952,FQ (common fit)
0,1,33,63.079900382683896,FQ (common fit)
0,1,36,92.37463622888065,FQ (common fit)
0,1,39,82.23131680579911,FQ (common fit)
0,1,40,140.5622979770782,FQ (common fit)
0,1,41,60.73291181189232,FQ (common fit)
0,1,44,69.76253773928211,FQ (common fit)
0,1,46,92.84021875671156,FQ (common fit)
0,1,47,73.06929616813339,FQ (common fit)
0,1,51,72.16091139595912,FQ (common fit)
0,1,61,89.61118539403657,FQ (common fit)
0,1,62,82.8503020793718,FQ (common fit)
0,1,64,65.47270199872301,FQ (common fit)
0,1,70,132.0932357089858,FQ (common fit)
0,1,77,118.7689794739368,FQ (common fit)
0,1,81,132.5286698119987,FQ (common fit)
0,1,85,81.09566670826688,FQ (common fit)
0,1,90,127.83224919824094,FQ (common fit)
0,1,94,57.87796588394593,FQ (common fit)
0,1,100,139.62932128569977,FQ (common fit)
0,1,101,56.22488409041309,FQ (common fit)
0,1,108,139.7090941915832,FQ (common fit)
0,1,109,123.89639978956042,FQ (common fit)
0,1,111,141.46635756504773,FQ (common fit)
0,1,112,125.29857204078186,FQ (common fit)
0,1,113,80.49671338810323,FQ (common fit)
0,1,118,70.0003969885088,FQ (common fit)
0,1,120,82.13278198276117,FQ (common fit)
0,1,123,99.36350181463544,FQ (common fit)
0,1,127,71.05947589164761,FQ (common fit)
0,1,136,91.05411354478478,FQ (common fit)
0,1,139,76.57774118910558,FQ (common fit)
0,1,141,142.58214503756653,FQ (common fit)
0,1,142,92.6670064977084,FQ (common fit)
0,1,144,78.02030563291196,FQ (common fit)
0,1,145,135.2187653333976,FQ (common fit)
0,1,146,72.74089639672128,FQ (common fit)
0,1,147,63.570789110359776,FQ (common fit)
0,1,153,134.8301761417053,FQ (common fit)
0,1,154,92.7159802270446,FQ (common fit)
0,1,155,86.12005377809103,FQ (common fit)
0,1,156,96.15369130522258,FQ (common fit)
0,1,159,125.01535067519212,FQ (common fit)
0,1,161,85.69136708799519,FQ (common fit)
0,1,162,76.45737922497374,FQ (common fit)
0,1,163,67.75782577949849,FQ (common fit)
0,1,166,108.87255459029495,FQ (common fit)
0,1,168,106.17846746567425,FQ (common fit)
0,1,184,136.0043273894104,FQ (common fit)
0,1,187,130.43774125655864,FQ (common fit)
0,1,189,137.1117635206437,FQ (common fit)
0,1,190,79.35198841420059,FQ (common fit)
0,1,191,84.82361856931483,FQ (common fit)
0,1,194,130.2349249063504,FQ (common fit)
0,1,198,92.32614789601028,FQ (common fit)
0,1,0,65.31347987513112,FQ (MAP)
0,1,2,90.86718649773007,FQ (MAP)
0,1,4,78.52544690687904,FQ (MAP)
0,1,6,100.81201461827936,FQ (MAP)
0,1,10,81.42979642193633,FQ (MAP)
0,1,11,55.11148792669875,FQ (MAP)
0,1,22,132.7279267363433,FQ (MAP)
0,1,23,85.71033962552485,FQ (MAP)
0,1,25,122.21948586946186,FQ (MAP)
0,1,26,88.64450208488374,FQ (MAP)
0,1,27,112.12837626827368,FQ (MAP)
0,1,28,86.2394395195219,FQ (MAP)
0,1,32,102.53505948139798,FQ (MAP)
0,1,33,55.928592133115686,FQ (MAP)
0,1,36,90.66022445284368,FQ (MAP)
0,1,39,82.11180777990212,FQ (MAP)
0,1,40,132.66485903332767,FQ (MAP)
0,1,41,59.57642607755088,FQ (MAP)
0,1,44,66.58377962894099,FQ (MAP)
0,1,46,91.82657693888936,FQ (MAP)
0,1,47,71.60870029916228,FQ (MAP)
0,1,51,71.16838264824692,FQ (MAP)
0,1,61,87.76594183438509,FQ (MAP)
0,1,62,77.30224078072858,FQ (MAP)
0,1,64,63.20393287138868,FQ (MAP)
0,1,70,130.1683849067037,FQ (MAP)
0,1,77,109.9004316304106,FQ (MAP)
0,1,81,131.4236852663992,FQ (MAP)
0,1,85,78.52933378959457,FQ (MAP)
0,1,90,118.20885989741554,FQ (MAP)
0,1,94,56.24917223173514,FQ (MAP)
0,1,100,137.26573706290063,FQ (MAP)
0,1,101,54.30944462842679,FQ (MAP)
0,1,108,134.74599098515694,FQ (MAP)
0,1,109,106.79278275949711,FQ (MAP)
0,1,111,138.60944418430688,FQ (MAP)
0,1,112,123.94854994923172,FQ (MAP)
0,1,113,78.15467628325011,FQ (MAP)
0,1,118,63.05203799691842,FQ (MAP)
0,1,120,80.87605799288536,FQ (MAP)
0,1,123,94.56601257335564,FQ (MAP)
0,1,127,68.45497846218774,FQ (MAP)
0,1,136,91.49553228596106,FQ (MAP)
0,1,139,70.9040132715747,FQ (MAP)
0,1,141,140.60414671577294,FQ (MAP)
0,1,142,91.8348244630796,FQ (MAP)
0,1,144,76.95859629155649,FQ (MAP)
0,1,145,133.50155577008962,FQ (MAP)
0,1,146,72.57275040551241,FQ (MAP)
0,1,147,60.65337488980979,FQ (MAP)
0,1,153,134.46221564376685,FQ (MAP)
0,1,154,87.70763332633493,FQ (MAP)
0,1,155,84.54054267663881,FQ (MAP)
0,1,156,95.2084228184957,FQ (MAP)
0,1,159,122.51608827754345,FQ (MAP)
0,1,161,85.81385611793891,FQ (MAP)
0,1,162,76.07760198179297,FQ (MAP)
0,1,163,67.2108680866465,FQ (MAP)
0,1,166,109.52729104905146,FQ (MAP)
0,1,168,98.630418749108,FQ (MAP)
0,1,184,135.8714814667855,FQ (MAP)
0,1,187,130.18120784728472,FQ (MAP)
0,1,189,137.02883319317812,FQ (MAP)
0,1,190,75.74448559150659,FQ (MAP)
0,1,191,78.21313875050816,FQ (MAP)
0,1,194,129.70465585842982,FQ (MAP)
0,1,198,89.07876457966604,FQ (MAP)
0,1,0,66.47251358122551,True model
0,1,2,90.5241369233846,True model
0,1,4,78.44795237952685,True model
0,1,6,100.35304043294424,True model
0,1,10,80.7259814652107,True model
0,1,11,55.11098213095897,True model
0,1,22,132.88273497722523,True model
0,1,23,85.65390224912807,True model
0,1,25,121.98263460357067,True model
0,1,26,88.45039131985645,True model
0,1,27,112.26345457873524,True model
0,1,28,86.0942866335082,True model
0,1,32,102.4793722850874,True model
0,1,33,55.18802462330509,True model
0,1,36,90.57921722213084,True model
0,1,39,82.2024813844282,True model
0,1,40,132.4399481057456,True model
0,1,41,59.82435379818759,True model
0,1,44,66.66212511540189,True model
0,1,46,91.79151111093076,True model
0,1,47,72.33087116078148,True model
0,1,51,71.25739144699874,True model
0,1,61,87.60263424261049,True model
0,1,62,76.79747970857274,True model
0,1,64,63.64346974347497,True model
0,1,70,129.7384485053101,True model
0,1,77,109.31102162446706,True model
0,1,81,131.58909593725377,True model
0,1,85,79.0537358815205,True model
0,1,90,117.9695685772348,True model
0,1,94,56.79362795379844,True model
0,1,100,136.2938373560513,True model
0,1,101,54.57172448531894,True model
0,1,108,135.4594312994268,True model
0,1,109,107.1996096229388,True model
0,1,111,138.1831714113819,True model
0,1,112,123.32798631718228,True model
0,1,113,78.2625662033059,True model
0,1,118,62.22854166149629,True model
0,1,120,80.58160144048162,True model
0,1,123,94.20500084562823,True model
0,1,127,68.92700815775287,True model
0,1,136,91.35152261860934,True model
0,1,139,69.6413408452205,True model
0,1,141,140.87073106164917,True model
0,1,142,92.99334661553938,True model
0,1,144,77.24887548354333,True model
0,1,145,134.11787496418032,True model
0,1,146,72.95800845090541,True model
0,1,147,62.28168643705871,True model
0,1,153,134.75531430005958,True model
0,1,154,86.16868012472258,True model
0,1,155,84.53752232733689,True model
0,1,156,94.98093978977911,True model
0,1,159,122.38484627715948,True model
0,1,161,86.24220915205095,True model
0,1,162,76.1443871144854,True model
0,1,163,67.24633689188161,True model
0,1,166,109.27061776171936,True model
0,1,168,98.27649399810096,True model
0,1,184,135.76279309693126,True model
0,1,187,130.44708681494143,True model
0,1,189,137.00538953286616,True model
0,1,190,76.43473508884813,True model
0,1,191,77.34055285407241,True model
0,1,194,129.6553062158676,True model
0,1,198,88.50193655243237,True model
0,2,1,68.7403651449868,Q (common fit)
0,2,3,108.85962192731031,Q (common fit)
0,2,7,96.77071099899484,Q (common fit)
0,2,8,130.49619722835004,Q (common fit)
0,2,13,118.73777969572336,Q (common fit)
0,2,14,136.23888736202045,Q (common fit)
0,2,17,131.2523585457726,Q (common fit)
0,2,20,132.48830061840894,Q (common fit)
0,2,21,140.25294814666805,Q (common fit)
0,2,34,95.94911329829849,Q (common fit)
0,2,37,146.8150016872678,Q (common fit)
0,2,43,128.15713276661333,Q (common fit)
0,2,48,130.31260561454314,Q (common fit)
0,2,49,131.19175670873375,Q (common fit)
0,2,50,87.56422030490523,Q (common fit)
0,2,52,92.80459251845102,Q (common fit)
0,2,53,132.61670221697202,Q (common fit)
0,2,54,124.6758183839709,Q (common fit)
0,2,57,126.86501287386773,Q (common fit)
0,2,58,147.35791115359757,Q (common fit)
0,2,59,137.39158766494185,Q (common fit)
0,2,63,88.76299081346006,Q (common fit)
0,2,71,85.5979737743356,Q (common fit)
0,2,72,146.02464158908495,Q (common fit)
0,2,74,100.6307361179898,Q (common fit)
0,2,80,94.44729621326488,Q (common fit)
0,2,83,143.95993696013812,Q (common fit)
0,2,87,76.73472535487612,Q (common fit)
0,2,88,102.16117396571698,Q (common fit)
0,2,89,95.93726092587193,Q (common fit)
0,2,91,79.6229013201016,Q (common fit)
0,2,92,130.75325059073063,Q (common fit)
0,2,99,136.95550245991834,Q (common fit)
0,2,102,102.82209927240304,Q (common fit)
0,2,103,97.38257405141898,Q (common fit)
0,2,105,80.29305499730101,Q (common fit)
0,2,106,133.2163623766828,Q (common fit)
0,2,107,129.57399401225567,Q (common fit)
0,2,110,143.7051772550711,Q (common fit)
0,2,116,72.35322737600548,Q (common fit)
0,2,121,106.16514489234552,Q (common fit)
0,2,129,121.00804830321988,Q (common fit)
0,2,130,100.2556505661721,Q (common fit)
0,2,131,118.99679996435653,Q (common fit)
0,2,133,127.3081890471969,Q (common fit)
0,2,134,99.73340535491732,Q (common fit)
0,2,138,115.44308121594024,Q (common fit)
0,2,149,79.81501016464952,Q (common fit)
0,2,151,117.53470498346998,Q (common fit)
0,2,157,119.5016337752627,Q (common fit)
0,2,160,97.2121410911739,Q (common fit)
0,2,167,106.6598726423868,Q (common fit)
0,2,171,120.85726778120912,Q (common fit)
0,2,175,136.27962550084723,Q (common fit)
0,2,176,125.3735923697034,Q (common fit)
0,2,178,136.4460640249994,Q (common fit)
0,2,179,139.6469795724753,Q (common fit)
0,2,180,91.757968856115,Q (common fit)
0,2,181,136.91703359514494,Q (common fit)
0,2,183,91.27788330960406,Q (common fit)
0,2,185,84.26839119985493,Q (common fit)
0,2,188,106.4456245700316,Q (common fit)
0,2,192,102.32370822548792,Q (common fit)
0,2,193,116.83769159624046,Q (common fit)
0,2,196,111.51458060231394,Q (common fit)
0,2,199,84.5264258586805,Q (common fit)
0,2,1,56.664158894408125,Q (MAP)
0,2,3,108.1140070939479,Q (MAP)
0,2,7,89.58485790782527,Q (MAP)
0,2,8,129.63641052174344,Q (MAP)
0,2,13,102.05257015826972,Q (MAP)
0,2,14,130.01220282949555,Q (MAP)
0,2,17,131.14217054340662,Q (MAP)
0,2,20,132.48334650405403,Q (MAP)
0,2,21,137.00347703968674,Q (MAP)
0,2,34,89.74722866396401,Q (MAP)
0,2,37,112.96244810381998,Q (MAP)
0,2,43,121.21039785360232,Q (MAP)
0,2,48,128.95298133599437,Q (MAP)
0,2,49,111.1272356999377,Q (MAP)
0,2,50,75.87073071534185,Q (MAP)
0,2,52,83.58019615936685,Q (MAP)
0,2,53,131.58212205918733,Q (MAP)
0,2,54,122.82656632505665,Q (MAP)
0,2,57,115.6084143583902,Q (MAP)
0,2,58,144.07428720566264,Q (MAP)
0,2,59,137.81051325995088,Q (MAP)
0,2,63,83.15780943215762,Q (MAP)
0,2,71,82.78677514326579,Q (MAP)
0,2,72,138.83172858243253,Q (MAP)
0,2,74,96.75661246266056,Q (MAP)
0,2,80,91.26111325395858,Q (MAP)
0,2,83,137.92265194444676,Q (MAP)
0,2,87,69.57638787729101,Q (MAP)
0,2,88,97.11278813896104,Q (MAP)
0,2,89,92.47432071711984,Q (MAP)
0,2,91,75.67795443622114,Q (MAP)
0,2,92,129.72811268542216,Q (MAP)
0,2,99,129.61937214970283,Q (MAP)
0,2,102,102.9253667084346,Q (MAP)
0,2,103,94.03382868905152,Q (MAP)
0,2,105,75.72254985148348,Q (MAP)
0,2,106,133.64657063577857,Q (MAP)
0,2,107,128.78055450314636,Q (MAP)
0,2,110,140.84628199956973,Q (MAP)
0,2,116,65.47393661441858,Q (MAP)
0,2,121,104.54192338601348,Q (MAP)
0,2,129,120.62497371512175,Q (MAP)
0,2,130,99.278428887985,Q (MAP)
0,2,131,116.23082823705614,Q (MAP)
0,2,133,127.21194091428193,Q (MAP)
0,2,134,97.32605136800348,Q (MAP)
0,2,138,114.1466487490882,Q (MAP)
0,2,149,75.97900288230593,Q (MAP)
0,2,151,121.80861002343356,Q (MAP)
0,2,157,116.47669465573452,Q (MAP)
0,2,160,97.042044448866,Q (MAP)
0,2,167,105.9008695882942,Q (MAP)
0,2,171,94.85969136271912,Q (MAP)
0,2,175,136.21633770667856,Q (MAP)
0,2,176,125.19013874907094,Q (MAP)
0,2,178,136.7653748399923,Q (MAP)
0,2,179,107.4096871293602,Q (MAP)
0,2,180,90.37353386761784,Q (MAP)
0,2,181,133.06596638518425,Q (MAP)
0,2,183,84.63123954140761,Q (MAP)
0,2,185,80.63634323299148,Q (MAP)
0,2,188,104.92435709172568,Q (MAP)
0,2,192,87.48222633671998,Q (MAP)
0,2,193,111.57437097664544,Q (MAP)
0,2,196,109.32792351861906,Q (MAP)
0,2,199,79.17726725306267,Q (MAP)
0,2,1,55.19678118221833,FQ (common fit)
0,2,3,82.94622412526135,FQ (common fit)
0,2,7,71.05455461212662,FQ (common fit)
0,2,8,128.23243717402363,FQ (common fit)
0,2,13,99.36824626548412,FQ (common fit)
0,2,14,119.13371837137944,FQ (common fit)
0,2,17,130.20964193358742,FQ (common fit)
0,2,20,130.45145731488748,FQ (common fit)
0,2,21,138.7154152071221,FQ (common fit)
0,2,34,89.89446811427528,FQ (common fit)
0,2,37,117.1478990435554,FQ (common fit)
0,2,43,122.41150183445824,FQ (common fit)
0,2,48,130.01154579491725,FQ (common fit)
0,2,49,89.88136498058292,FQ (common fit)
0,2,50,64.6295411126918,FQ (common fit)
0,2,52,80.01627135058327,FQ (common fit)
0,2,53,132.83328146091668,FQ (common fit)
0,2,54,68.66827135780436,FQ (common fit)
0,2,57,99.7801242233394,FQ (common fit)
0,2,58,141.76186285930672,FQ (common fit)
0,2,59,137.29221886984485,FQ (common fit)
0,2,63,66.98273978960147,FQ (common fit)
0,2,71,77.64020360785032,FQ (common fit)
0,2,72,142.03198349578855,FQ (common fit)
0,2,74,76.97506946958345,FQ (common fit)
0,2,80,86.52223961161337,FQ (common fit)
0,2,83,143.2123240999416,FQ (common fit)
0,2,87,73.12306286915002,FQ (common fit)
0,2,88,81.75934912132787,FQ (common fit)
0,2,89,86.9167777425612,FQ (common fit)
0,2,91,69.68450482136723,FQ (common fit)
0,2,92,128.69818872464657,FQ (common fit)
0,2,99,132.52757319873427,FQ (common fit)
0,2,102,95.72437142676296,FQ (common fit)
0,2,103,81.95294447098019,FQ (common fit)
0,2,105,73.76748908758097,FQ (common fit)
0,2,106,131.5018885917597,FQ (common fit)
0,2,107,125.4590613644238,FQ (common fit)
0,2,110,141.67827396239372,FQ (common fit)
0,2,116,58.84006374232021,FQ (common fit)
0,2,121,69.55221622246039,FQ (common fit)
0,2,129,124.81247127851628,FQ (common fit)
0,2,130,86.62203283382355,FQ (common fit)
0,2,131,105.44737057697876,FQ (common fit)
0,2,133,123.21335363727492,FQ (common fit)
0,2,134,82.7241029209218,FQ (common fit)
0,2,138,71.00271928322182,FQ (common fit)
0,2,149,73.49938968763368,FQ (common fit)
0,2,151,97.59576659091744,FQ (common fit)
0,2,157,115.47624491092644,FQ (common fit)
0,2,160,72.59967760190236,FQ (common fit)
0,2,167,97.32640844710782,FQ (common fit)
0,2,171,99.35090025929104,FQ (common fit)
0,2,175,137.7692390397075,FQ (common fit)
0,2,176,121.55518739951354,FQ (common fit)
0,2,178,135.84077001275298,FQ (common fit)
0,2,179,102.54271487986765,FQ (common fit)
0,2,180,75.98262337401765,FQ (common fit)
0,2,181,139.15538013176908,FQ (common fit)
0,2,183,80.13673250375369,FQ (common fit)
0,2,185,78.5179101533402,FQ (common fit)
0,2,188,72.89278089436246,FQ (common fit)
0,2,192,93.14833904387228,FQ (common fit)
0,2,193,88.37454798433765,FQ (common fit)
0,2,196,92.61516560547643,FQ (common fit)
0,2,199,71.30109032091235,FQ (common fit)
0,2,1,49.25693138046743,FQ (MAP)
0,2,3,82.03600059536836,FQ (MAP)
0,2,7,66.14124976127863,FQ (MAP)
0,2,8,127.96644717381646,FQ (MAP)
0,2,13,89.55631246641994,FQ (MAP)
0,2,14,113.76966586632902,FQ (MAP)
0,2,17,129.9927117195292,FQ (MAP)
0,2,20,130.07114886719827,FQ (MAP)
0,2,21,137.01096115055023,FQ (MAP)
0,2,34,84.9089711085992,FQ (MAP)
0,2,37,103.22120399339916,FQ (MAP)
0,2,43,118.99208579108068,FQ (MAP)
0,2,48,129.0301500943535,FQ (MAP)
0,2,49,83.36367833108845,FQ (MAP)
0,2,50,53.40489369710776,FQ (MAP)
0,2,52,75.43715449478279,FQ (MAP)
0,2,53,130.91091565442017,FQ (MAP)
0,2,54,67.78625614985816,FQ (MAP)
0,2,57,95.79107781363729,FQ (MAP)
0,2,58,140.87844604530798,FQ (MAP)
0,2,59,137.13990510108178,FQ (MAP)
0,2,63,63.28230252219872,FQ (MAP)
0,2,71,75.60192451775048,FQ (MAP)
0,2,72,137.34356897111434,FQ (MAP)
0,2,74,72.49419862193486,FQ (MAP)
0,2,80,80.94289153421776,FQ (MAP)
0,2,83,138.8064359976289,FQ (MAP)
0,2,87,68.6420089232215,FQ (MAP)
0,2,88,70.37324401638301,FQ (MAP)
0,2,89,87.2119321248913,FQ (MAP)
0,2,91,67.2511335662988,FQ (MAP)
0,2,92,127.83919079747834,FQ (MAP)
0,2,99,129.59272363796208,FQ (MAP)
0,2,102,95.94545591589257,FQ (MAP)
0,2,103,82.52959836954015,FQ (MAP)
0,2,105,72.27006711383218,FQ (MAP)
0,2,106,131.79451150292232,FQ (MAP)
0,2,107,124.6264695493816,FQ (MAP)
0,2,110,140.1515207373622,FQ (MAP)
0,2,116,55.70897248367586,FQ (MAP)
0,2,121,64.71710207314317,FQ (MAP)
0,2,129,124.85013511461898,FQ (MAP)
0,2,130,84.24154216071007,FQ (MAP)
0,2,131,99.8875761789982,FQ (MAP)
0,2,133,122.88960771173888,FQ (MAP)
0,2,134,80.86372595069935,FQ (MAP)
0,2,138,69.91834567580199,FQ (MAP)
0,2,149,71.41090874944274,FQ (MAP)
0,2,151,98.18275751793227,FQ (MAP)
0,2,157,113.46867341913216,FQ (MAP)
0,2,160,72.07286185211706,FQ (MAP)
0,2,167,92.53467799084171,FQ (MAP)
0,2,171,92.0110951286881,FQ (MAP)
0,2,175,137.18392941333047,FQ (MAP)
0,2,176,120.19065475122484,FQ (MAP)
0,2,178,135.44858327005886,FQ (MAP)
0,2,179,90.34589591278244,FQ (MAP)
0,2,180,75.44246963175759,FQ (MAP)
0,2,181,133.68865476558727,FQ (MAP)
0,2,183,76.44928472287499,FQ (MAP)
0,2,185,76.88063898362316,FQ (MAP)
0,2,188,73.04407089544213,FQ (MAP)
0,2,192,83.00516828789469,FQ (MAP)
0,2,193,88.49291489443239,FQ (MAP)
0,2,196,91.93860889255022,FQ (MAP)
0,2,199,67.88389279503495,FQ (MAP)
0,2,1,48.43916131339984,True model
0,2,3,81.93418672132977,True model
0,2,7,65.22911977273603,True model
0,2,8,129.5414299900437,True model
0,2,13,90.5288062191384,True model
0,2,14,113.52338883115272,True model
0,2,17,129.9906758530503,True model
0,2,20,131.62363910006593,True model
0,2,21,136.44425805601742,True model
0,2,34,83.99587710520183,True model
0,2,37,103.80006147328558,True model
0,2,43,118.09062703879522,True model
0,2,48,129.27447258344586,True model
0,2,49,83.40083679796477,True model
0,2,50,51.898211949235176,True model
0,2,52,74.43708289324258,True model
0,2,53,129.49521366071974,True model
0,2,54,67.66120995764106,True model
0,2,57,95.67676222713256,True model
0,2,58,139.9711616337722,True model
0,2,59,137.0537630465723,True model
0,2,63,64.22748302241598,True model
0,2,71,76.22465461115627,True model
0,2,72,135.78996088149074,True model
0,2,74,72.4426777209234,True model
0,2,80,80.1051159304672,True model
0,2,83,138.03626856836271,True model
0,2,87,69.6225381047497,True model
0,2,88,69.6051455537874,True model
0,2,89,87.29763465272143,True model
0,2,91,67.34524732261931,True model
0,2,92,127.66530140728102,True model
0,2,99,129.1538827152358,True model
0,2,102,95.87346661034894,True model
0,2,103,82.47894084177051,True model
0,2,105,79.60020887269174,True model
0,2,106,131.71922490210704,True model
0,2,107,124.41587583984123,True model
0,2,110,140.63360101124204,True model
0,2,116,55.81723794644442,True model
0,2,121,63.83390567722248,True model
0,2,129,125.09888867888765,True model
0,2,130,85.2160830195389,True model
0,2,131,100.09801342034824,True model
0,2,133,123.25133356772125,True model
0,2,134,82.72943774660291,True model
0,2,138,69.98078043759773,True model
0,2,149,71.40915065714654,True model
0,2,151,98.13272492261228,True model
0,2,157,113.5943754493006,True model
0,2,160,72.53232610695251,True model
0,2,167,92.45057440518396,True model
0,2,171,91.588561682543,True model
0,2,175,136.8179973839618,True model
0,2,176,119.97242264010488,True model
0,2,178,134.50949779452884,True model
0,2,179,91.05787469392598,True model
0,2,180,75.65926637076419,True model
0,2,181,133.44675209319112,True model
0,2,183,76.46740771103873,True model
0,2,185,76.7539848551169,True model
0,2,188,73.35682891725011,True model
0,2,192,82.16098425142297,True model
0,2,193,88.70555771793046,True model
0,2,196,92.10583858670384,True model
0,2,199,67.49787668350095,True model
10,0,5,78.22151221755453,Q (common fit)
10,0,9,62.6166616403137,Q (common fit)
10,0,12,134.85090411035537,Q (common fit)
10,0,15,100.53256808635754,Q (common fit)
10,0,16,118.97096368542752,Q (common fit)
10,0,18,77.50619441900287,Q (common fit)
10,0,19,147.5653136669483,Q (common fit)
10,0,24,73.62002115781117,Q (common fit)
10,0,29,121.83098527037956,Q (common fit)
10,0,30,129.27096442620373,Q (common fit)
10,0,31,103.48645416857686,Q (common fit)
10,0,35,96.71676699608489,Q (common fit)
10,0,38,101.59445809729807,Q (common fit)
10,0,42,111.71882835409548,Q (common fit)
10,0,45,93.97934619691895,Q (common fit)
10,0,55,84.99727597556439,Q (common fit)
10,0,56,101.51022366703374,Q (common fit)
10,0,60,112.33778234065578,Q (common fit)
10,0,65,127.28900324455108,Q (common fit)
10,0,66,104.01581230320708,Q (common fit)
10,0,67,85.83157034969521,Q (common fit)
10,0,68,151.94354943286012,Q (common fit)
10,0,69,95.26833755595791,Q (common fit)
10,0,73,81.03030511718622,Q (common fit)
10,0,75,96.99445791802772,Q (common fit)
10,0,76,122.56974907761848,Q (common fit)
10,0,78,79.37887978116194,Q (common fit)
10,0,79,107.4555574372839,Q (common fit)
10,0,82,76.39376960246376,Q (common fit)
10,0,84,131.0544933656759,Q (common fit)
10,0,86,85.09349914410473,Q (common fit)
10,0,93,79.13116067004886,Q (common fit)
10,0,95,135.4014825560112,Q (common fit)
10,0,96,119.3402055935804,Q (common fit)
10,0,97,95.66767144613938,Q (common fit)
10,0,98,141.73771753537451,Q (common fit)
10,0,104,80.14640161716129,Q (common fit)
10,0,114,95.81341012814774,Q (common fit)
10,0,115,92.5979100024448,Q (common fit)
10,0,117,138.85295207122556,Q (common fit)
10,0,119,69.98817916562143,Q (common fit)
10,0,122,133.63660800247183,Q (common fit)
10,0,124,128.6505450374901,Q (common fit)
10,0,125,98.2203235158481,Q (common fit)
10,0,126,115.5732133364023,Q (common fit)
10,0,128,130.46475474403226,Q (common fit)
10,0,132,96.11633370049849,Q (common fit)
10,0,135,95.12812161154928,Q (common fit)
10,0,137,93.12510461023196,Q (common fit)
10,0,140,96.61935760700496,Q (common fit)
10,0,143,91.8571840968908,Q (common fit)
10,0,148,92.26988833152993,Q (common fit)
10,0,150,138.9303674859265,Q (common fit)
10,0,152,131.38567993047295,Q (common fit)
10,0,158,149.049324440918,Q (common fit)
10,0,164,126.29504621526569,Q (common fit)
10,0,165,100.17459758055368,Q (common fit)
10,0,169,113.248908609853,Q (common fit)
10,0,170,73.45127983931073,Q (common fit)
10,0,172,102.79565019155235,Q (common fit)
10,0,173,130.76741863510077,Q (common fit)
10,0,174,133.87815677968214,Q (common fit)
10,0,177,96.71000732761394,Q (common fit)
10,0,182,109.72520601864072,Q (common fit)
10,0,186,83.38424376678928,Q (common fit)
10,0,195,110.24462363241612,Q (common fit)
10,0,197,89.53827455311101,Q (common fit)
10,0,5,76.82057039931863,Q (MAP)
10,0,9,53.508401573893,Q (MAP)
10,0,12,135.60939506764953,Q (MAP)
10,0,15,99.47417694276466,Q (MAP)
10,0,16,114.60115327353314,Q (MAP)
10,0,18,71.7211583275971,Q (MAP)
10,0,19,140.8534697041812,Q (MAP)
10,0,24,71.45363788552106,Q (MAP)
10,0,29,110.18957867827466,Q (MAP)
10,0,30,129.1132110296122,Q (MAP)
10,0,31,103.47556466548622,Q (MAP)
10,0,35,87.79913350412968,Q (MAP)
10,0,38,102.10870601093588,Q (MAP)
10,0,42,96.26632950555154,Q (MAP)
10,0,45,88.67696156042712,Q (MAP)
10,0,55,75.55350077154304,Q (MAP)
10,0,56,92.60850012800734,Q (MAP)
10,0,60,111.42887566404724,Q (MAP)
10,0,65,126.5327497827681,Q (MAP)
10,0,66,98.5971717225708,Q (MAP)
10,0,67,73.78769533514844,Q (MAP)
10,0,68,140.55622937690427,Q (MAP)
10,0,69,90.54844459088312,Q (MAP)
10,0,73,74.6361309186114,Q (MAP)
10,0,75,94.45669881841344,Q (MAP)
10,0,76,119.58042223575536,Q (MAP)
10,0,78,78.58055146754587,Q (MAP)
10,0,79,99.30939292699696,Q (MAP)
10,0,82,73.84839385841603,Q (MAP)
10,0,84,130.6072492488397,Q (MAP)
10,0,86,76.7105247634493,Q (MAP)
10,0,93,78.36467366192464,Q (MAP)
10,0,95,134.78755365537685,Q (MAP)
10,0,96,119.75363096361156,Q (MAP)
10,0,97,95.1815019883318,Q (MAP)
10,0,98,138.09593079913918,Q (MAP)
10,0,104,77.93171448443333,Q (MAP)
10,0,114,94.93781072232667,Q (MAP)
10,0,115,77.44593655173833,Q (MAP)
10,0,117,139.27827699639195,Q (MAP)
10,0,119,67.69123178887516,Q (MAP)
10,0,122,133.557733143368,Q (MAP)
10,0,124,121.79277425997712,Q (MAP)
10,0,125,95.17367782027516,Q (MAP)
10,0,126,114.87607834720428,Q (MAP)
10,0,128,96.28395959227616,Q (MAP)
10,0,132,94.7206345339465,Q (MAP)
10,0,135,93.50698945239928,Q (MAP)
10,0,137,90.55897631377567,Q (MAP)
10,0,140,90.8054057121876,Q (MAP)
10,0,143,90.0231966117171,Q (MAP)
10,0,148,81.69150539762087,Q (MAP)
10,0,150,138.99751436512403,Q (MAP)
10,0,152,123.2470124211823,Q (MAP)
10,0,158,138.96986077444342,Q (MAP)
10,0,164,116.93917079781544,Q (MAP)
10,0,165,96.41570068448344,Q (MAP)
10,0,169,112.4983877142975,Q (MAP)
10,0,170,66.00186503408885,Q (MAP)
10,0,172,100.2870875270906,Q (MAP)
10,0,173,130.3333340455004,Q (MAP)
10,0,174,132.53641267087514,Q (MAP)
10,0,177,95.4249146541781,Q (MAP)
10,0,182,108.67293671034771,Q (MAP)
10,0,186,76.15665106138093,Q (MAP)
10,0,195,111.40807320373136,Q (MAP)
10,0,197,87.7160101695191,Q (MAP)
10,0,5,81.41005355650023,FQ (common fit)
10,0,9,53.41640536020894,FQ (common fit)
10,0,12,124.9910098169538,FQ (common fit)
10,0,15,92.30969232566608,FQ (common fit)
10,0,16,98.29812688814351,FQ (common fit)
10,0,18,73.78509141269203,FQ (common fit)
10,0,19,129.88010948126146,FQ (common fit)
10,0,24,62.89191461588837,FQ (common fit)
10,0,29,115.98031437295306,FQ (common fit)
10,0,30,127.74537584781837,FQ (common fit)
10,0,31,96.93198930247722,FQ (common fit)
10,0,35,84.68179973822294,FQ (common fit)
10,0,38,87.84646435071741,FQ (common fit)
10,0,42,113.0810869514934,FQ (common fit)
10,0,45,71.78054055305743,FQ (common fit)
10,0,55,69.26346056109891,FQ (common fit)
10,0,56,97.1307840123948,FQ (common fit)
10,0,60,75.42085555445074,FQ (common fit)
10,0,65,119.48668387509076,FQ (common fit)
10,0,66,98.48280266656988,FQ (common fit)
10,0,67,58.816128010505686,FQ (common fit)
10,0,68,145.3487354080616,FQ (common fit)
10,0,69,82.45309116599691,FQ (common fit)
10,0,73,74.52994325370783,FQ (common fit)
10,0,75,88.45652501740389,FQ (common fit)
10,0,76,119.0182772387142,FQ (common fit)
10,0,78,76.40704666972961,FQ (common fit)
10,0,79,100.53135121411066,FQ (common fit)
10,0,82,68.78261532186708,FQ (common fit)
10,0,84,131.79836011357688,FQ (common fit)
10,0,86,77.11115519791664,FQ (common fit)
10,0,93,74.37752969044821,FQ (common fit)
10,0,95,135.28688757712123,FQ (common fit)
10,0,96,106.90596655074296,FQ (common fit)
10,0,97,94.98622848280948,FQ (common fit)
10,0,98,139.5803707002224,FQ (common fit)
10,0,104,77.15040791254805,FQ (common fit)
10,0,114,82.36393500278032,FQ (common fit)
10,0,115,71.03434669343348,FQ (common fit)
10,0,117,140.20123909654237,FQ (common fit)
10,0,119,61.62722263950998,FQ (common fit)
10,0,122,134.85927687060985,FQ (common fit)
10,0,124,104.4267193607493,FQ (common fit)
10,0,125,63.560396406668936,FQ (common fit)
10,0,126,65.50634432750901,FQ (common fit)
10,0,128,102.08278721369972,FQ (common fit)
10,0,132,93.6263512305359,FQ (common fit)
10,0,135,82.94734612749416,FQ (common fit)
10,0,137,73.97741072024698,FQ (common fit)
10,0,140,83.29404857504417,FQ (common fit)
10,0,143,88.69565331571127,FQ (common fit)
10,0,148,82.15838518082762,FQ (common fit)
10,0,150,136.3624172652458,FQ (common fit)
10,0,152,131.9214469222537,FQ (common fit)
10,0,158,138.82893480263607,FQ (common fit)
10,0,164,106.28388063612783,FQ (common fit)
10,0,165,87.63273607396457,FQ (common fit)
10,0,169,80.76354387125308,FQ (common fit)
10,0,170,66.64583778631354,FQ (common fit)
10,0,172,95.3612914872858,FQ (common fit)
10,0,173,132.39599826159414,FQ (common fit)
10,0,174,130.48543109652394,FQ (common fit)
10,0,177,85.18386299122976,FQ (common fit)
10,0,182,98.36439223158892,FQ (common fit)
10,0,186,80.30679170497447,FQ (common fit)
10,0,195,89.49389152941133,FQ (common fit)
10,0,197,77.81510872287049,FQ (common fit)
10,0,5,76.75568423738184,FQ (MAP)
10,0,9,49.18010801639147,FQ (MAP)
10,0,12,123.60350924440704,FQ (MAP)
10,0,15,91.59249017517295,FQ (MAP)
10,0,16,96.17261292415148,FQ (MAP)
10,0,18,73.17973137155104,FQ (MAP)
10,0,19,128.39384079383777,FQ (MAP)
10,0,24,61.664029742851135,FQ (MAP)
10,0,29,106.92504828420977,FQ (MAP)
10,0,30,127.64607610466145,FQ (MAP)
10,0,31,95.20097094565986,FQ (MAP)
10,0,35,78.31428783099228,FQ (MAP)
10,0,38,86.85045616036834,FQ (MAP)
10,0,42,96.79094775713352,FQ (MAP)
10,0,45,70.09168584858008,FQ (MAP)
10,0,55,63.82714453021994,FQ (MAP)
10,0,56,92.72224104710996,FQ (MAP)
10,0,60,74.3517450242884,FQ (MAP)
10,0,65,117.76240021742215,FQ (MAP)
10,0,66,93.9564021200883,FQ (MAP)
10,0,67,51.892444545591694,FQ (MAP)
10,0,68,140.30967325696218,FQ (MAP)
10,0,69,76.68376954651467,FQ (MAP)
10,0,73,69.40271116754177,FQ (MAP)
10,0,75,84.84493867865675,FQ (MAP)
10,0,76,116.18805397647164,FQ (MAP)
10,0,78,75.7547146142302,FQ (MAP)
10,0,79,90.6057373441028,FQ (MAP)
10,0,82,65.51835370411561,FQ (MAP)
10,0,84,131.43706541468984,FQ (MAP)
10,0,86,71.20227229760292,FQ (MAP)
10,0,93,73.90241984481578,FQ (MAP)
10,0,95,134.883003446473,FQ (MAP)
10,0,96,107.4794180362168,FQ (MAP)
10,0,97,94.7629797440339,FQ (MAP)
10,0,98,136.48465109803035,FQ (MAP)
10,0,104,75.5072175823656,FQ (MAP)
10,0,114,78.92967813810623,FQ (MAP)
10,0,115,67.33383068461676,FQ (MAP)
10,0,117,139.36364692373036,FQ (MAP)
10,0,119,60.12586631264594,FQ (MAP)
10,0,122,133.20304685430008,FQ (MAP)
10,0,124,97.79630620368177,FQ (MAP)
10,0,125,62.17157377831244,FQ (MAP)
10,0,126,62.9581065130658,FQ (MAP)
10,0,128,92.18816619685704,FQ (MAP)
10,0,132,91.97326177569754,FQ (MAP)
10,0,135,81.40624880911135,FQ (MAP)
10,0,137,68.7516076052362,FQ (MAP)
10,0,140,76.45854076253565,FQ (MAP)
10,0,143,87.75125415260528,FQ (MAP)
10,0,148,75.00421733404266,FQ (MAP)
10,0,150,136.72091143500177,FQ (MAP)
10,0,152,123.44585147540762,FQ (MAP)
10,0,158,137.35766004864777,FQ (MAP)
10,0,164,98.35489994434012,FQ (MAP)
10,0,165,86.26724309847981,FQ (MAP)
10,0,169,80.93723024470145,FQ (MAP)
10,0,170,62.97985036054267,FQ (MAP)
10,0,172,94.9624126888917,FQ (MAP)
10,0,173,131.75499943957604,FQ (MAP)
10,0,174,129.97539650558195,FQ (MAP)
10,0,177,84.50629777848019,FQ (MAP)
10,0,182,94.59117526804268,FQ (MAP)
10,0,186,74.85419372487002,FQ (MAP)
10,0,195,89.30446283373158,FQ (MAP)
10,0,197,76.40858025441501,FQ (MAP)
10,0,5,76.47720399855865,True model
10,0,9,48.811953130341166,True model
10,0,12,122.9667195864354,True model
10,0,15,92.8305791896068,True model
10,0,16,96.31402485258678,True model
10,0,18,73.42202207871534,True model
10,0,19,128.3682012218353,True model
10,0,24,62.26041062686272,True model
10,0,29,106.52173119682084,True model
10,0,30,128.57535540816934,True model
10,0,31,95.67949690336118,True model
10,0,35,78.02435163099132,True model
10,0,38,86.79992270559849,True model
10,0,42,96.34348426159772,True model
10,0,45,69.86692433223118,True model
10,0,55,62.785123964733344,True model
10,0,56,92.5766937391799,True model
10,0,60,74.21024945062192,True model
10,0,65,118.17214697673133,True model
10,0,66,93.61059181456658,True model
10,0,67,51.58721639387782,True model
10,0,68,139.53612758708246,True model
10,0,69,76.279663829211,True model
10,0,73,68.74073414536954,True model
10,0,75,84.86160412535999,True model
10,0,76,115.6449925297094,True model
10,0,78,75.82995328173502,True model
10,0,79,90.39992082767068,True model
10,0,82,65.5923767571428,True model
10,0,84,131.4039754286406,True model
10,0,86,71.46887567834446,True model
10,0,93,74.33653831128609,True model
10,0,95,135.11651705185577,True model
10,0,96,107.90111681440158,True model
10,0,97,94.8905819387255,True model
10,0,98,135.72564312866,True model
10,0,104,76.59510723533995,True model
10,0,114,79.47999524990637,True model
10,0,115,67.26291574056296,True model
10,0,117,138.98222300067656,True model
10,0,119,60.011928709115296,True model
10,0,122,133.41991832239975,True model
10,0,124,98.17556587338102,True model
10,0,125,62.61305708993963,True model
10,0,126,62.88614978058753,True model
10,0,128,90.9042926313604,True model
10,0,132,92.8985006168313,True model
10,0,135,81.43188982514886,True model
10,0,137,69.36565388308028,True model
10,0,140,74.82344167511897,True model
10,0,143,87.82535652174002,True model
10,0,148,74.55619014132614,True model
10,0,150,136.15439071623643,True model
10,0,152,123.9407619058,True model
10,0,158,137.39483917537223,True model
10,0,164,98.2402748923108,True model
10,0,165,86.76937794111478,True model
10,0,169,81.46283047982763,True model
10,0,170,62.75098581094736,True model
10,0,172,94.99704030938553,True model
10,0,173,131.43510368715775,True model
10,0,174,129.84426169731915,True model
10,0,177,84.66322842975924,True model
10,0,182,94.0764042656408,True model
10,0,186,74.38361720673242,True model
10,0,195,89.40903188315573,True model
10,0,197,77.32524994956424,True model
10,1,0,80.77109123580674,Q (common fit)
10,1,2,142.27247321437474,Q (common fit)
10,1,4,135.33986066863088,Q (common fit)
10,1,6,155.68308685437782,Q (common fit)
10,1,10,143.55221311382326,Q (common fit)
10,1,11,101.20811584511364,Q (common fit)
10,1,22,130.02525466368658,Q (common fit)
10,1,23,127.45321149709945,Q (common fit)
10,1,25,130.88783247723643,Q (common fit)
10,1,26,107.01874780905158,Q (common fit)
10,1,27,106.92872494352208,Q (common fit)
10,1,28,87.74992608357553,Q (common fit)
10,1,32,109.40681121829329,Q (common fit)
10,1,33,103.7861487826709,Q (common fit)
10,1,36,93.97885621158892,Q (common fit)
10,1,39,84.16647212071666,Q (common fit)
10,1,40,133.67154371050054,Q (common fit)
10,1,41,111.91128872336616,Q (common fit)
10,1,44,74.96767458211002,Q (common fit)
10,1,46,96.0676384469638,Q (common fit)
10,1,47,140.10256019300508,Q (common fit)
10,1,51,130.01747418948895,Q (common fit)
10,1,61,90.37807525556155,Q (common fit)
10,1,62,102.75741724940232,Q (common fit)
10,1,64,68.31579374731584,Q (common fit)
10,1,70,102.4307354223131,Q (common fit)
10,1,77,96.89492917995972,Q (common fit)
10,1,81,101.15117132030312,Q (common fit)
10,1,85,81.2599873083961,Q (common fit)
10,1,90,134.301271059168,Q (common fit)
10,1,94,127.82682304559766,Q (common fit)
10,1,100,135.68303343719884,Q (common fit)
10,1,101,107.31388827437698,Q (common fit)
10,1,108,113.29061818378092,Q (common fit)
10,1,109,137.1510032906058,Q (common fit)
10,1,111,133.37089479385878,Q (common fit)
10,1,112,125.59598155815952,Q (common fit)
10,1,113,125.53328187456938,Q (common fit)
10,1,118,124.22619788337448,Q (common fit)
10,1,120,80.7439377843322,Q (common fit)
10,1,123,144.68189789085966,Q (common fit)
10,1,127,88.42281317017553,Q (common fit)
10,1,136,97.86538249009467,Q (common fit)
10,1,139,92.00835668164554,Q (common fit)
10,1,141,81.26684734872839,Q (common fit)
10,1,142,123.09848564780768,Q (common fit)
10,1,144,82.29899513050539,Q (common fit)
10,1,145,140.94726398015126,Q (common fit)
10,1,146,125.40104923773688,Q (common fit)
10,1,147,95.85162731110108,Q (common fit)
10,1,153,132.42882802346426,Q (common fit)
10,1,154,137.46867729457554,Q (common fit)
10,1,155,132.17493406219714,Q (common fit)
10,1,156,137.29403610112635,Q (common fit)
10,1,159,139.8037106773321,Q (common fit)
10,1,161,135.45434182480344,Q (common fit)
10,1,162,80.26227333157104,Q (common fit)
10,1,163,96.2193965579474,Q (common fit)
10,1,166,132.93764604574355,Q (common fit)
10,1,168,126.48539874082252,Q (common fit)
10,1,184,130.44032088989604,Q (common fit)
10,1,187,113.93929489815224,Q (common fit)
10,1,189,99.84099556008285,Q (common fit)
10,1,190,122.28431821538798,Q (common fit)
10,1,191,117.34549037888176,Q (common fit)
10,1,194,88.78720288728685,Q (common fit)
10,1,198,127.91291061340546,Q (common fit)
10,1,0,79.83538015516628,Q (MAP)
10,1,2,136.97642738642523,Q (MAP)
10,1,4,135.15200834973277,Q (MAP)
10,1,6,144.47979444794225,Q (MAP)
10,1,10,140.49858851543922,Q (MAP)
10,1,11,86.51566544527343,Q (MAP)
10,1,22,129.6579972041232,Q (MAP)
10,1,23,120.8935455358174,Q (MAP)
10,1,25,128.26491107198888,Q (MAP)
10,1,26,105.59885397565336,Q (MAP)
10,1,27,106.10518100866922,Q (MAP)
10,1,28,84.03324212401164,Q (MAP)
10,1,32,108.11284384667654,Q (MAP)
10,1,33,102.9227381796586,Q (MAP)
10,1,36,93.05865902289123,Q (MAP)
10,1,39,84.36222273474674,Q (MAP)
10,1,40,133.85334903221982,Q (MAP)
10,1,41,113.00565249511077,Q (MAP)
10,1,44,71.99481625172744,Q (MAP)
10,1,46,97.37829443910076,Q (MAP)
10,1,47,135.76701593058394,Q (MAP)
10,1,51,128.29596009536937,Q (MAP)
10,1,61,88.98030891183751,Q (MAP)
10,1,62,102.5076155939948,Q (MAP)
10,1,64,66.71060735468353,Q (MAP)
10,1,70,101.76821229307694,Q (MAP)
10,1,77,93.5654564642358,Q (MAP)
10,1,81,101.50294358652502,Q (MAP)
10,1,85,73.86414223734367,Q (MAP)
10,1,90,133.86669458805778,Q (MAP)
10,1,94,129.0883569151339,Q (MAP)
10,1,100,115.35472552557256,Q (MAP)
10,1,101,106.98909963563156,Q (MAP)
10,1,108,100.8563872737303,Q (MAP)
10,1,109,111.16475104674866,Q (MAP)
10,1,111,132.71706753116467,Q (MAP)
10,1,112,119.9449039664908,Q (MAP)
10,1,113,125.38902484111688,Q (MAP)
10,1,118,122.59313760235938,Q (MAP)
10,1,120,74.40083895866935,Q (MAP)
10,1,123,138.25867712194938,Q (MAP)
10,1,127,77.86352147610118,Q (MAP)
10,1,136,96.73627984103572,Q (MAP)
10,1,139,87.10240152032709,Q (MAP)
10,1,141,78.74415729281975,Q (MAP)
10,1,142,120.83094193664456,Q (MAP)
10,1,144,80.63749521940626,Q (MAP)
10,1,145,125.79866657469448,Q (MAP)
10,1,146,127.80172855981144,Q (MAP)
10,1,147,94.6746869794666,Q (MAP)
10,1,153,133.36864704838663,Q (MAP)
10,1,154,129.21993493907942,Q (MAP)
10,1,155,129.69911033970433,Q (MAP)
10,1,156,137.3466614754547,Q (MAP)
10,1,159,139.91671883268955,Q (MAP)
10,1,161,135.2859917215245,Q (MAP)
10,1,162,79.01925524156177,Q (MAP)
10,1,163,95.98650677438316,Q (MAP)
10,1,166,132.77223848367623,Q (MAP)
10,1,168,110.233504997262,Q (MAP)
10,1,184,128.97023072579017,Q (MAP)
10,1,187,114.87671627036912,Q (MAP)
10,1,189,99.84979092036784,Q (MAP)
10,1,190,120.9059427879786,Q (MAP)
10,1,191,113.37518132716612,Q (MAP)
10,1,194,89.35579296629328,Q (MAP)
10,1,198,124.89238246048131,Q (MAP)
10,1,0,76.39772341602642,FQ (common fit)
10,1,2,134.35076245068382,FQ (common fit)
10,1,4,136.86456881706,FQ (common fit)
10,1,6,142.11820662134733,FQ (common fit)
10,1,10,140.40437100334387,FQ (common fit)
10,1,11,76.1122897850622,FQ (common fit)
10,1,22,131.37337951816622,FQ (common fit)
10,1,23,102.8790973597818,FQ (common fit)
10,1,25,128.44919902069938,FQ (common fit)
10,1,26,108.1831319316663,FQ (common fit)
10,1,27,85.93647935302816,FQ (common fit)
10,1,28,66.25815245330662,FQ (common fit)
10,1,32,111.88735860751802,FQ (common fit)
10,1,33,85.6720458469382,FQ (common fit)
10,1,36,80.47317394492883,FQ (common fit)
10,1,39,73.9084914783602,FQ (common fit)
10,1,40,128.84717837414078,FQ (common fit)
10,1,41,106.49442447121028,FQ (common fit)
10,1,44,61.37378007993207,FQ (common fit)
10,1,46,96.43380845906508,FQ (common fit)
10,1,47,135.7973390293438,FQ (common fit)
10,1,51,128.66608291606371,FQ (common fit)
10,1,61,81.86339875747048,FQ (common fit)
10,1,62,81.14093756519317,FQ (common fit)
10,1,64,68.21417827961993,FQ (common fit)
10,1,70,91.0428372102493,FQ (common fit)
10,1,77,96.8565106964865,FQ (common fit)
10,1,81,85.44591391652152,FQ (common fit)
10,1,85,62.19966579876909,FQ (common fit)
10,1,90,136.16492507560122,FQ (common fit)
10,1,94,87.73703942178228,FQ (common fit)
10,1,100,125.60750296972742,FQ (common fit)
10,1,101,99.64508951868396,FQ (common fit)
10,1,108,85.08310066120143,FQ (common fit)
10,1,109,117.18264718450604,FQ (common fit)
10,1,111,134.98542001016233,FQ (common fit)
10,1,112,124.29582843091556,FQ (common fit)
10,1,113,122.0965549659267,FQ (common fit)
10,1,118,120.2718715237043,FQ (common fit)
10,1,120,70.5262946352448,FQ (common fit)
10,1,123,145.07587375229934,FQ (common fit)
10,1,127,62.34877407279669,FQ (common fit)
10,1,136,76.65620791128825,FQ (common fit)
10,1,139,61.88306338212029,FQ (common fit)
10,1,141,77.72173413928805,FQ (common fit)
10,1,142,116.85905445220496,FQ (common fit)
10,1,144,73.20732372371842,FQ (common fit)
10,1,145,116.92842614921688,FQ (common fit)
10,1,146,101.3601942112142,FQ (common fit)
10,1,147,77.19809342077527,FQ (common fit)
10,1,153,124.99748558429202,FQ (common fit)
10,1,154,124.3586008263548,FQ (common fit)
10,1,155,132.2952882198059,FQ (common fit)
10,1,156,135.37510425171,FQ (common fit)
10,1,159,137.5532786228659,FQ (common fit)
10,1,161,135.18362785595318,FQ (common fit)
10,1,162,77.30425699859849,FQ (common fit)
10,1,163,84.23816599796511,FQ (common fit)
10,1,166,133.32075487865353,FQ (common fit)
10,1,168,119.65336666063058,FQ (common fit)
10,1,184,130.35184605046973,FQ (common fit)
10,1,187,91.93572836110305,FQ (common fit)
10,1,189,76.97188166937994,FQ (common fit)
10,1,190,124.74021598449768,FQ (common fit)
10,1,191,92.77737947371564,FQ (common fit)
10,1,194,91.27530439332072,FQ (common fit)
10,1,198,124.74555224465678,FQ (common fit)
10,1,0,75.45119303463733,FQ (MAP)
10,1,2,134.47077623713704,FQ (MAP)
10,1,4,135.87580916841054,FQ (MAP)
10,1,6,138.09197384990387,FQ (MAP)
10,1,10,138.42609235272653,FQ (MAP)
10,1,11,62.951082032476776,FQ (MAP)
10,1,22,131.17776294260943,FQ (MAP)
10,1,23,103.956531674885,FQ (MAP)
10,1,25,127.22730072408778,FQ (MAP)
10,1,26,104.99888386553329,FQ (MAP)
10,1,27,84.5611489250703,FQ (MAP)
10,1,28,64.92127243480392,FQ (MAP)
10,1,32,101.16845253012248,FQ (MAP)
10,1,33,81.93533702304543,FQ (MAP)
10,1,36,77.59224242063941,FQ (MAP)
10,1,39,73.61284123565778,FQ (MAP)
10,1,40,127.9568074364292,FQ (MAP)
10,1,41,107.18230780270538,FQ (MAP)
10,1,44,59.56303835720345,FQ (MAP)
10,1,46,96.2401850027276,FQ (MAP)
10,1,47,135.34002406882274,FQ (MAP)
10,1,51,128.23140103481728,FQ (MAP)
10,1,61,80.67058730003764,FQ (MAP)
10,1,62,78.08133892438016,FQ (MAP)
10,1,64,66.25051988010553,FQ (MAP)
10,1,70,88.12282146577442,FQ (MAP)
10,1,77,92.37296506573286,FQ (MAP)
10,1,81,85.1464456362082,FQ (MAP)
10,1,85,60.55115894833665,FQ (MAP)
10,1,90,133.68125442941377,FQ (MAP)
10,1,94,87.09697869706699,FQ (MAP)
10,1,100,115.02322188917007,FQ (MAP)
10,1,101,99.61387911853424,FQ (MAP)
10,1,108,82.88295685100137,FQ (MAP)
10,1,109,105.57687299312413,FQ (MAP)
10,1,111,133.18297662478443,FQ (MAP)
10,1,112,119.89038919740032,FQ (MAP)
10,1,113,120.78318576330985,FQ (MAP)
10,1,118,117.29201247761804,FQ (MAP)
10,1,120,69.27630435474477,FQ (MAP)
10,1,123,139.19941374446654,FQ (MAP)
10,1,127,59.020170146770056,FQ (MAP)
10,1,136,74.92695641992076,FQ (MAP)
10,1,139,56.247180120891855,FQ (MAP)
10,1,141,75.86928192230914,FQ (MAP)
10,1,142,116.22491056586571,FQ (MAP)
10,1,144,72.21422500590238,FQ (MAP)
10,1,145,113.37297671319756,FQ (MAP)
10,1,146,101.23434175409103,FQ (MAP)
10,1,147,75.67817203589081,FQ (MAP)
10,1,153,125.1217011467946,FQ (MAP)
10,1,154,120.5495610634172,FQ (MAP)
10,1,155,129.68469386642013,FQ (MAP)
10,1,156,135.30383455441117,FQ (MAP)
10,1,159,137.6136738598075,FQ (MAP)
10,1,161,135.0982557284028,FQ (MAP)
10,1,162,76.97135098713215,FQ (MAP)
10,1,163,83.56521957972745,FQ (MAP)
10,1,166,133.33416985768235,FQ (MAP)
10,1,168,111.74397321025486,FQ (MAP)
10,1,184,129.8468546665617,FQ (MAP)
10,1,187,92.17996357945096,FQ (MAP)
10,1,189,74.14667122118648,FQ (MAP)
10,1,190,114.45985733198974,FQ (MAP)
10,1,191,82.37663113074149,FQ (MAP)
10,1,194,91.54344141579436,FQ (MAP)
10,1,198,123.70625981184864,FQ (MAP)
10,1,0,75.5661685443074,True model
10,1,2,135.43311349851314,True model
10,1,4,135.52529869998017,True model
10,1,6,137.03517214521946,True model
10,1,10,137.73704034655196,True model
10,1,11,61.42175249844276,True model
10,1,22,130.99635861800286,True model
10,1,23,104.5427417317115,True model
10,1,25,126.87652812766105,True model
10,1,26,104.90030939984652,True model
10,1,27,85.40184379498305,True model
10,1,28,64.84439717077348,True model
10,1,32,100.64860989693398,True model
10,1,33,81.44384464337404,True model
10,1,36,77.50240054161732,True model
10,1,39,73.68537108233372,True model
10,1,40,129.36483552072005,True model
10,1,41,107.24410455233536,True model
10,1,44,59.93235296410023,True model
10,1,46,96.23561758842656,True model
10,1,47,136.21676205496783,True model
10,1,51,128.68144541546667,True model
10,1,61,80.78599067061016,True model
10,1,62,78.22293769745782,True model
10,1,64,66.16072073841721,True model
10,1,70,87.75137410255095,True model
10,1,77,92.53583423199753,True model
10,1,81,85.27393428801051,True model
10,1,85,60.50149188613885,True model
10,1,90,133.1293656254005,True model
10,1,94,88.08442352619657,True model
10,1,100,114.34056702026008,True model
10,1,101,100.52598283210251,True model
10,1,108,82.710082723963,True model
10,1,109,105.25941886572156,True model
10,1,111,133.05069782254512,True model
10,1,112,118.3572612925772,True model
10,1,113,120.231366782526,True model
10,1,118,116.36227213161436,True model
10,1,120,70.0024919080151,True model
10,1,123,139.3649440057469,True model
10,1,127,59.10416119808502,True model
10,1,136,75.8347591790018,True model
10,1,139,55.125965692550864,True model
10,1,141,75.9221857742354,True model
10,1,142,116.24133934917144,True model
10,1,144,72.89286641343762,True model
10,1,145,114.4181849776725,True model
10,1,146,101.38439766920666,True model
10,1,147,76.4029475516702,True model
10,1,153,125.14259307902168,True model
10,1,154,119.3053339453347,True model
10,1,155,129.71603911815998,True model
10,1,156,135.20386741346397,True model
10,1,159,137.42616047220054,True model
10,1,161,134.95082425127487,True model
10,1,162,77.34943860539924,True model
10,1,163,84.55313049874535,True model
10,1,166,133.25226560239753,True model
10,1,168,110.9477721659064,True model
10,1,184,129.63341071514105,True model
10,1,187,92.54015124095096,True model
10,1,189,74.0623632939268,True model
10,1,190,114.3710124315815,True model
10,1,191,81.74542445166291,True model
10,1,194,91.57970512415552,True model
10,1,198,124.70121486787092,True model
10,2,1,95.650752534428,Q (common fit)
10,2,3,100.32989594023452,Q (common fit)
10,2,7,126.67204757360084,Q (common fit)
10,2,8,129.2658183199999,Q (common fit)
10,2,13,129.09530430613967,Q (common fit)
10,2,14,102.05223677827146,Q (common fit)
10,2,17,135.52276943009295,Q (common fit)
10,2,20,141.30512473615295,Q (common fit)
10,2,21,97.02802880038595,Q (common fit)
10,2,34,123.56543727303485,Q (common fit)
10,2,37,142.19234096041708,Q (common fit)
10,2,43,104.4576478943302,Q (common fit)
10,2,48,69.53456890902774,Q (common fit)
10,2,49,112.34713515045318,Q (common fit)
10,2,50,101.2854267225668,Q (common fit)
10,2,52,109.44808628113245,Q (common fit)
10,2,53,80.47576006001904,Q (common fit)
10,2,54,126.0793208143876,Q (common fit)
10,2,57,120.2960271297802,Q (common fit)
10,2,58,143.60326873769878,Q (common fit)
10,2,59,141.09288536578316,Q (common fit)
10,2,63,124.4848442135046,Q (common fit)
10,2,71,112.19135486661438,Q (common fit)
10,2,72,135.17156562529422,Q (common fit)
10,2,74,134.84422815392213,Q (common fit)
10,2,80,107.3605983812063,Q (common fit)
10,2,83,117.94894560394116,Q (common fit)
10,2,87,82.97357198820491,Q (common fit)
10,2,88,105.25187068653364,Q (common fit)
10,2,89,88.9406667111709,Q (common fit)
10,2,91,99.27355182801614,Q (common fit)
10,2,92,96.22597485094109,Q (common fit)
10,2,99,120.02333885875794,Q (common fit)
10,2,102,129.27658717316027,Q (common fit)
10,2,103,93.32383475763558,Q (common fit)
10,2,105,99.0753500756906,Q (common fit)
10,2,106,91.87205600354092,Q (common fit)
10,2,107,87.94105106568595,Q (common fit)
10,2,110,80.219967211305,Q (common fit)
10,2,116,86.94764147129702,Q (common fit)
10,2,121,100.62074151078212,Q (common fit)
10,2,129,87.57379135371052,Q (common fit)
10,2,130,103.95980013502664,Q (common fit)
10,2,131,141.969791931117,Q (common fit)
10,2,133,99.94734954093587,Q (common fit)
10,2,134,94.26212407235523,Q (common fit)
10,2,138,84.14509918722311,Q (common fit)
10,2,149,114.0674122365765,Q (common fit)
10,2,151,98.7327867098942,Q (common fit)
10,2,157,94.02739062343642,Q (common fit)
10,2,160,132.623764095145,Q (common fit)
10,2,167,98.71673567022424,Q (common fit)
10,2,171,140.8765824098133,Q (common fit)
10,2,175,129.2677615125965,Q (common fit)
10,2,176,107.80800826121154,Q (common fit)
10,2,178,121.71643898255144,Q (common fit)
10,2,179,139.61945034850885,Q (common fit)
10,2,180,75.1227771454974,Q (common fit)
10,2,181,118.26990806837304,Q (common fit)
10,2,183,135.8012058600688,Q (common fit)
10,2,185,86.89540351866572,Q (common fit)
10,2,188,77.08728747647307,Q (common fit)
10,2,192,94.64576625122014,Q (common fit)
10,2,193,100.24218320942838,Q (common fit)
10,2,196,89.46657393121555,Q (common fit)
10,2,199,89.74067813712139,Q (common fit)
10,2,1,85.93733844556803,Q (MAP)
10,2,3,99.22777181544387,Q (MAP)
10,2,7,123.96779937438556,Q (MAP)
10,2,8,127.96241425123208,Q (MAP)
10,2,13,129.2626365334156,Q (MAP)
10,2,14,97.78417165659388,Q (MAP)
10,2,17,133.7530734952149,Q (MAP)
10,2,20,120.9650713725889,Q (MAP)
10,2,21,85.82555555435468,Q (MAP)
10,2,34,118.05870955012324,Q (MAP)
10,2,37,112.77842260854746,Q (MAP)
10,2,43,100.03277418745785,Q (MAP)
10,2,48,67.28907384789358,Q (MAP)
10,2,49,104.37125666520954,Q (MAP)
10,2,50,96.16889230400145,Q (MAP)
10,2,52,96.29913941380072,Q (MAP)
10,2,53,74.79845250840746,Q (MAP)
10,2,54,125.95270664065528,Q (MAP)
10,2,57,111.66665425294364,Q (MAP)
10,2,58,141.4129677041811,Q (MAP)
10,2,59,135.26944190122958,Q (MAP)
10,2,63,124.4574701691317,Q (MAP)
10,2,71,99.98075555324093,Q (MAP)
10,2,72,134.31211453149214,Q (MAP)
10,2,74,135.89906589917663,Q (MAP)
10,2,80,96.69100111303032,Q (MAP)
10,2,83,104.20312722330264,Q (MAP)
10,2,87,80.82963781486689,Q (MAP)
10,2,88,99.26084551291612,Q (MAP)
10,2,89,87.33119075628251,Q (MAP)
10,2,91,99.2974730856091,Q (MAP)
10,2,92,91.63451452609723,Q (MAP)
10,2,99,105.77381066510594,Q (MAP)
10,2,102,127.68252912536128,Q (MAP)
10,2,103,85.03741843175365,Q (MAP)
10,2,105,84.96276108091354,Q (MAP)
10,2,106,89.8585606703223,Q (MAP)
10,2,107,85.89439650881883,Q (MAP)
10,2,110,78.50348126168913,Q (MAP)
10,2,116,83.11732310090449,Q (MAP)
10,2,121,100.08650473997916,Q (MAP)
10,2,129,72.95132609547869,Q (MAP)
10,2,130,99.56132435677206,Q (MAP)
10,2,131,126.65443578227054,Q (MAP)
10,2,133,99.16844719231976,Q (MAP)
10,2,134,93.3941108419019,Q (MAP)
10,2,138,83.6239847098775,Q (MAP)
10,2,149,114.16015516086144,Q (MAP)
10,2,151,97.31926341254184,Q (MAP)
10,2,157,90.75935472530765,Q (MAP)
10,2,160,126.32712883924847,Q (MAP)
10,2,167,92.61165058042631,Q (MAP)
10,2,171,132.4764578892904,Q (MAP)
10,2,175,128.75256576973422,Q (MAP)
10,2,176,105.68698913875065,Q (MAP)
10,2,178,119.9646057370526,Q (MAP)
10,2,179,139.81895426432936,Q (MAP)
10,2,180,69.3355563037053,Q (MAP)
10,2,181,112.94415116027795,Q (MAP)
10,2,183,135.96640781990942,Q (MAP)
10,2,185,86.83691591173994,Q (MAP)
10,2,188,72.58733818648926,Q (MAP)
10,2,192,89.6778581575407,Q (MAP)
10,2,193,93.76248801787573,Q (MAP)
10,2,196,81.6664747564159,Q (MAP)
10,2,199,85.76209304230959,Q (MAP)
10,2,1,91.04804200093832,FQ (common fit)
10,2,3,82.72017845181236,FQ (common fit)
10,2,7,122.164934952155,FQ (common fit)
10,2,8,126.84480113671847,FQ (common fit)
10,2,13,129.8982037273439,FQ (common fit)
10,2,14,95.33321481017468,FQ (common fit)
10,2,17,130.0862033087392,FQ (common fit)
10,2,20,85.39740561255124,FQ (common fit)
10,2,21,84.78098246043774,FQ (common fit)
10,2,34,119.15864440421862,FQ (common fit)
10,2,37,112.14340751846778,FQ (common fit)
10,2,43,96.9208262137164,FQ (common fit)
10,2,48,64.12205176117091,FQ (common fit)
10,2,49,100.11728953598988,FQ (common fit)
10,2,50,82.10473501108112,FQ (common fit)
10,2,52,92.1168386145812,FQ (common fit)
10,2,53,74.94751275040534,FQ (common fit)
10,2,54,116.2161650165392,FQ (common fit)
10,2,57,119.81014158029376,FQ (common fit)
10,2,58,143.26711253035523,FQ (common fit)
10,2,59,133.41894915025512,FQ (common fit)
10,2,63,123.22392029452814,FQ (common fit)
10,2,71,100.31568916301735,FQ (common fit)
10,2,72,137.90077414947427,FQ (common fit)
10,2,74,123.66751934768004,FQ (common fit)
10,2,80,68.21941262424579,FQ (common fit)
10,2,83,114.93848863001152,FQ (common fit)
10,2,87,74.76708912734861,FQ (common fit)
10,2,88,91.30980910593696,FQ (common fit)
10,2,89,82.09041160030218,FQ (common fit)
10,2,91,89.07627531615847,FQ (common fit)
10,2,92,84.25646507607163,FQ (common fit)
10,2,99,108.5848577713645,FQ (common fit)
10,2,102,125.91311545177142,FQ (common fit)
10,2,103,79.53067475026437,FQ (common fit)
10,2,105,89.63352290876281,FQ (common fit)
10,2,106,88.95843177958871,FQ (common fit)
10,2,107,78.37433191016326,FQ (common fit)
10,2,110,80.6140213985133,FQ (common fit)
10,2,116,79.32421743847658,FQ (common fit)
10,2,121,59.66757705132561,FQ (common fit)
10,2,129,58.67576950758629,FQ (common fit)
10,2,130,97.26776625476106,FQ (common fit)
10,2,131,100.97944435726114,FQ (common fit)
10,2,133,96.33245968640593,FQ (common fit)
10,2,134,82.50444500586842,FQ (common fit)
10,2,138,78.01964506115674,FQ (common fit)
10,2,149,115.0315707472356,FQ (common fit)
10,2,151,77.91386323511567,FQ (common fit)
10,2,157,87.4050529155594,FQ (common fit)
10,2,160,90.51568185925494,FQ (common fit)
10,2,167,95.18668668994458,FQ (common fit)
10,2,171,138.79649707431508,FQ (common fit)
10,2,175,130.6760309303988,FQ (common fit)
10,2,176,92.0723482767008,FQ (common fit)
10,2,178,109.21577941262768,FQ (common fit)
10,2,179,139.7470490437667,FQ (common fit)
10,2,180,65.73383309500399,FQ (common fit)
10,2,181,114.0598187533353,FQ (common fit)
10,2,183,134.74159129767747,FQ (common fit)
10,2,185,75.32722308949938,FQ (common fit)
10,2,188,68.20297008443508,FQ (common fit)
10,2,192,60.93114931877414,FQ (common fit)
10,2,193,91.29180184830496,FQ (common fit)
10,2,196,73.89188728603342,FQ (common fit)
10,2,199,81.74174711405561,FQ (common fit)
10,2,1,84.61326364993229,FQ (MAP)
10,2,3,81.97049466605853,FQ (MAP)
10,2,7,118.8219973351624,FQ (MAP)
10,2,8,126.48570418966894,FQ (MAP)
10,2,13,129.92772830215256,FQ (MAP)
10,2,14,93.54516522933298,FQ (MAP)
10,2,17,127.44214929981456,FQ (MAP)
10,2,20,85.77713137269501,FQ (MAP)
10,2,21,77.73161977995773,FQ (MAP)
10,2,34,114.14231482971267,FQ (MAP)
10,2,37,99.66649421531308,FQ (MAP)
10,2,43,90.42557059898208,FQ (MAP)
10,2,48,63.27373415793276,FQ (MAP)
10,2,49,91.02088474844322,FQ (MAP)
10,2,50,76.42296354216587,FQ (MAP)
10,2,52,79.23596134696072,FQ (MAP)
10,2,53,70.7550748418555,FQ (MAP)
10,2,54,115.61569941484947,FQ (MAP)
10,2,57,108.95734928291816,FQ (MAP)
10,2,58,141.4602965375143,FQ (MAP)
10,2,59,132.64363879720992,FQ (MAP)
10,2,63,122.11193179373174,FQ (MAP)
10,2,71,92.61111551881554,FQ (MAP)
10,2,72,135.96282376082925,FQ (MAP)
10,2,74,122.65683002637114,FQ (MAP)
10,2,80,62.51623934058348,FQ (MAP)
10,2,83,105.23796963476424,FQ (MAP)
10,2,87,73.87981757576185,FQ (MAP)
10,2,88,86.34496578547532,FQ (MAP)
10,2,89,81.42085355026552,FQ (MAP)
10,2,91,89.23041980283232,FQ (MAP)
10,2,92,82.87968197165121,FQ (MAP)
10,2,99,100.53733146709212,FQ (MAP)
10,2,102,125.73046309113364,FQ (MAP)
10,2,103,76.27166150820067,FQ (MAP)
10,2,105,81.15429280873899,FQ (MAP)
10,2,106,89.01002833637754,FQ (MAP)
10,2,107,74.62426700946753,FQ (MAP)
10,2,110,78.51003752084591,FQ (MAP)
10,2,116,77.20252386793376,FQ (MAP)
10,2,121,53.49135104245659,FQ (MAP)
10,2,129,57.88428461607612,FQ (MAP)
10,2,130,97.69189048537096,FQ (MAP)
10,2,131,91.85232841305208,FQ (MAP)
10,2,133,96.77100314998847,FQ (MAP)
10,2,134,79.60649745531782,FQ (MAP)
10,2,138,77.47801915985207,FQ (MAP)
10,2,149,111.4272923544548,FQ (MAP)
10,2,151,74.9993984457598,FQ (MAP)
10,2,157,83.64957076992518,FQ (MAP)
10,2,160,89.94640885692267,FQ (MAP)
10,2,167,89.42782557971921,FQ (MAP)
10,2,171,131.17150748724802,FQ (MAP)
10,2,175,130.24021112055792,FQ (MAP)
10,2,176,90.07672429354676,FQ (MAP)
10,2,178,106.39162739730288,FQ (MAP)
10,2,179,139.78655727882366,FQ (MAP)
10,2,180,61.66386770492547,FQ (MAP)
10,2,181,107.3223667374401,FQ (MAP)
10,2,183,134.74696364647826,FQ (MAP)
10,2,185,74.49293559938953,FQ (MAP)
10,2,188,67.39655491075206,FQ (MAP)
10,2,192,56.41027149142543,FQ (MAP)
10,2,193,87.9870558879186,FQ (MAP)
10,2,196,67.64279101797852,FQ (MAP)
10,2,199,79.15877409017665,FQ (MAP)
10,2,1,83.67781637517237,True model
10,2,3,82.83643147873053,True model
10,2,7,118.14885871939548,True model
10,2,8,126.4679530664177,True model
10,2,13,130.7062363887818,True model
10,2,14,93.3211133927824,True model
10,2,17,129.69986567313396,True model
10,2,20,86.3616400496631,True model
10,2,21,77.59959753400545,True model
10,2,34,113.50200647213568,True model
10,2,37,99.9147509671222,True model
10,2,43,89.4782501368463,True model
10,2,48,63.26831430484485,True model
10,2,49,91.54614602129212,True model
10,2,50,75.46321339730986,True model
10,2,52,78.12131978332103,True model
10,2,53,70.31409166046585,True model
10,2,54,115.6736577152835,True model
10,2,57,110.29399984270536,True model
10,2,58,139.9124933337543,True model
10,2,59,132.62351985700911,True model
10,2,63,122.19836123710868,True model
10,2,71,92.89174705001368,True model
10,2,72,135.54724959731146,True model
10,2,74,122.57202117060416,True model
10,2,80,61.78763544494881,True model
10,2,83,104.7383306375744,True model
10,2,87,73.80011855927387,True model
10,2,88,85.90093044287528,True model
10,2,89,81.463978951251,True model
10,2,91,89.31659683116021,True model
10,2,92,83.6617064241353,True model
10,2,99,100.11631193696032,True model
10,2,102,125.81702006064516,True model
10,2,103,78.23448302367065,True model
10,2,105,83.37298967293708,True model
10,2,106,89.18914562765607,True model
10,2,107,74.26850381048638,True model
10,2,110,78.99209904750208,True model
10,2,116,77.014953581284,True model
10,2,121,52.62706986188832,True model
10,2,129,57.82419405660851,True model
10,2,130,97.9079592490402,True model
10,2,131,92.96450022809356,True model
10,2,133,97.6669083406576,True model
10,2,134,79.20878093448356,True model
10,2,138,77.46752182752093,True model
10,2,149,111.91941393913584,True model
10,2,151,74.8844971396211,True model
10,2,157,83.3362285816372,True model
10,2,160,90.03803489982533,True model
10,2,167,89.8033548439394,True model
10,2,171,130.44287625813757,True model
10,2,175,130.89076583351547,True model
10,2,176,89.93974619497348,True model
10,2,178,105.76803806315284,True model
10,2,179,138.9918582554113,True model
10,2,180,62.38578559976904,True model
10,2,181,107.20409400266372,True model
10,2,183,136.0041526188413,True model
10,2,185,74.58060091880027,True model
10,2,188,67.54235548849115,True model
10,2,192,56.475217827496174,True model
10,2,193,88.5615606526804,True model
10,2,196,68.06203658397018,True model
10,2,199,78.94886886544356,True model
12,0,5,94.68622710793947,Q (common fit)
12,0,9,103.40628909722292,Q (common fit)
12,0,12,81.46679104276353,Q (common fit)
12,0,15,135.12131654071274,Q (common fit)
12,0,16,114.18108339566145,Q (common fit)
12,0,18,88.66614989869039,Q (common fit)
12,0,19,86.28485863060764,Q (common fit)
12,0,24,130.39404849765603,Q (common fit)
12,0,29,131.3839484927488,Q (common fit)
12,0,30,74.41507062782236,Q (common fit)
12,0,31,96.016437062889,Q (common fit)
12,0,35,128.77818589649024,Q (common fit)
12,0,38,107.44067495436408,Q (common fit)
12,0,42,141.5293534991561,Q (common fit)
12,0,45,96.47978294198428,Q (common fit)
12,0,55,95.89230793116278,Q (common fit)
12,0,56,126.17681198743963,Q (common fit)
12,0,60,86.80905148975307,Q (common fit)
12,0,65,81.66720261053453,Q (common fit)
12,0,66,111.54343794832472,Q (common fit)
12,0,67,112.95009919625818,Q (common fit)
12,0,68,121.86049337117402,Q (common fit)
12,0,69,111.6242978364758,Q (common fit)
12,0,73,118.9111865664032,Q (common fit)
12,0,75,92.62338595156632,Q (common fit)
12,0,76,128.6979405121308,Q (common fit)
12,0,78,71.28030427560024,Q (common fit)
12,0,79,146.6967389771873,Q (common fit)
12,0,82,102.105762369251,Q (common fit)
12,0,84,119.109355666727,Q (common fit)
12,0,86,99.48835301736524,Q (common fit)
12,0,93,102.87893352702608,Q (common fit)
12,0,95,79.94080877861776,Q (common fit)
12,0,96,137.2968142582069,Q (common fit)
12,0,97,95.64116113931811,Q (common fit)
12,0,98,136.031869593656,Q (common fit)
12,0,104,123.56532202647098,Q (common fit)
12,0,114,97.16724732461576,Q (common fit)
12,0,115,134.56359395409638,Q (common fit)
12,0,117,101.37742575550666,Q (common fit)
12,0,119,100.75455093661924,Q (common fit)
12,0,122,125.42944304918112,Q (common fit)
12,0,124,138.2949862263156,Q (common fit)
12,0,125,129.3797791961611,Q (common fit)
12,0,126,90.23174703435346,Q (common fit)
12,0,128,138.65343829423307,Q (common fit)
12,0,132,80.8006737073644,Q (common fit)
12,0,135,109.67012543287044,Q (common fit)
12,0,137,83.38602855177032,Q (common fit)
12,0,140,108.16033638434745,Q (common fit)
12,0,143,97.79280206409248,Q (common fit)
12,0,148,116.44974771245222,Q (common fit)
12,0,150,106.1794966338216,Q (common fit)
12,0,152,99.55553520349554,Q (common fit)
12,0,158,133.58430059181902,Q (common fit)
12,0,164,136.87078183573055,Q (common fit)
12,0,165,132.4598535843624,Q (common fit)
12,0,169,130.09154145862144,Q (common fit)
12,0,170,106.21948723836164,Q (common fit)
12,0,172,129.37111402102914,Q (common fit)
12,0,173,101.29473852043424,Q (common fit)
12,0,174,102.47451710753376,Q (common fit)
12,0,177,135.96970916042935,Q (common fit)
12,0,182,111.5960520102646,Q (common fit)
12,0,186,84.61956980014789,Q (common fit)
12,0,195,94.41418351572617,Q (common fit)
12,0,197,88.62324634007817,Q (common fit)
12,0,5,92.09448386407796,Q (MAP)
12,0,9,92.92829045104295,Q (MAP)
12,0,12,73.4085673961705,Q (MAP)
12,0,15,134.85072030181723,Q (MAP)
12,0,16,112.091636568183,Q (MAP)
12,0,18,87.8284918453092,Q (MAP)
12,0,19,85.20117063752362,Q (MAP)
12,0,24,130.37044320505854,Q (MAP)
12,0,29,105.25116052645008,Q (MAP)
12,0,30,73.03512340810963,Q (MAP)
12,0,31,91.36356952753734,Q (MAP)
12,0,35,127.8833366418224,Q (MAP)
12,0,38,99.92602802324946,Q (MAP)
12,0,42,122.37351583574583,Q (MAP)
12,0,45,89.85489824779711,Q (MAP)
12,0,55,79.74147284144011,Q (MAP)
12,0,56,126.24390268295332,Q (MAP)
12,0,60,85.30467470795413,Q (MAP)
12,0,65,78.12239601640087,Q (MAP)
12,0,66,110.1283558332014,Q (MAP)
12,0,67,111.54243683882412,Q (MAP)
12,0,68,118.98518643766494,Q (MAP)
12,0,69,109.98868518429308,Q (MAP)
12,0,73,113.718523448225,Q (MAP)
12,0,75,90.89515854508689,Q (MAP)
12,0,76,126.544199003338,Q (MAP)
12,0,78,65.16056695223595,Q (MAP)
12,0,79,146.93019202509066,Q (MAP)
12,0,82,100.48102586280764,Q (MAP)
12,0,84,115.68602253870289,Q (MAP)
12,0,86,94.08528074109064,Q (MAP)
12,0,93,104.7019240313717,Q (MAP)
12,0,95,73.23920060145899,Q (MAP)
12,0,96,136.79127968344298,Q (MAP)
12,0,97,93.22826525007918,Q (MAP)
12,0,98,135.55138480084156,Q (MAP)
12,0,104,120.58834788346444,Q (MAP)
12,0,114,97.54051998961248,Q (MAP)
12,0,115,134.71370868716485,Q (MAP)
12,0,117,97.7038357145973,Q (MAP)
12,0,119,100.95331526766434,Q (MAP)
12,0,122,124.1630990693808,Q (MAP)
12,0,124,136.75592279224804,Q (MAP)
12,0,125,127.78241770699732,Q (MAP)
12,0,126,75.50159533042822,Q (MAP)
12,0,128,123.1390267418332,Q (MAP)
12,0,132,70.63641483753771,Q (MAP)
12,0,135,104.42252358475602,Q (MAP)
12,0,137,78.91098342061493,Q (MAP)
12,0,140,104.8564218238138,Q (MAP)
12,0,143,98.48945980802206,Q (MAP)
12,0,148,102.66682881678972,Q (MAP)
12,0,150,96.827052339711,Q (MAP)
12,0,152,97.99684335155438,Q (MAP)
12,0,158,132.5532300484138,Q (MAP)
12,0,164,137.08712561323574,Q (MAP)
12,0,165,128.76169192210125,Q (MAP)
12,0,169,130.23098755677034,Q (MAP)
12,0,170,104.5610133680493,Q (MAP)
12,0,172,129.0378852868795,Q (MAP)
12,0,173,95.10383762763117,Q (MAP)
12,0,174,101.69865905341116,Q (MAP)
12,0,177,135.61510322419218,Q (MAP)
12,0,182,99.79886365174032,Q (MAP)
12,0,186,72.35099320592083,Q (MAP)
12,0,195,92.8302102896596,Q (MAP)
12,0,197,87.47341547934137,Q (MAP)
12,0,5,87.4905126471658,FQ (common fit)
12,0,9,82.44867550377893,FQ (common fit)
12,0,12,71.32861363627272,FQ (common fit)
12,0,15,136.66518237895104,FQ (common fit)
12,0,16,101.11808790721838,FQ (common fit)
12,0,18,85.35087993273028,FQ (common fit)
12,0,19,79.74806268944815,FQ (common fit)
12,0,24,130.94548857049034,FQ (common fit)
12,0,29,105.35155375632884,FQ (common fit)
12,0,30,67.58562258468072,FQ (common fit)
12,0,31,92.35870818405638,FQ (common fit)
12,0,35,128.93520064353376,FQ (common fit)
12,0,38,49.30442575838464,FQ (common fit)
12,0,42,112.26370741399694,FQ (common fit)
12,0,45,61.84165647224934,FQ (common fit)
12,0,55,86.33676050264111,FQ (common fit)
12,0,56,130.02286164833632,FQ (common fit)
12,0,60,71.31231546514435,FQ (common fit)
12,0,65,54.96031855441062,FQ (common fit)
12,0,66,99.66711753235025,FQ (common fit)
12,0,67,90.47396888085991,FQ (common fit)
12,0,68,111.5185125320176,FQ (common fit)
12,0,69,88.29496651192235,FQ (common fit)
12,0,73,113.73733682176726,FQ (common fit)
12,0,75,80.50276452097688,FQ (common fit)
12,0,76,127.80605957882216,FQ (common fit)
12,0,78,62.38890864632369,FQ (common fit)
12,0,79,140.40095073572127,FQ (common fit)
12,0,82,92.23668835786916,FQ (common fit)
12,0,84,99.72277575177915,FQ (common fit)
12,0,86,56.18541072301231,FQ (common fit)
12,0,93,84.21300413404558,FQ (common fit)
12,0,95,75.707449678073,FQ (common fit)
12,0,96,133.723523307144,FQ (common fit)
12,0,97,78.32381463617104,FQ (common fit)
12,0,98,136.54814352242292,FQ (common fit)
12,0,104,115.6392428282064,FQ (common fit)
12,0,114,84.19906495551355,FQ (common fit)
12,0,115,135.51664580551503,FQ (common fit)
12,0,117,100.91830128525416,FQ (common fit)
12,0,119,79.43497295345917,FQ (common fit)
12,0,122,126.5425927761714,FQ (common fit)
12,0,124,134.40411881517886,FQ (common fit)
12,0,125,125.48716337737864,FQ (common fit)
12,0,126,74.03689322460417,FQ (common fit)
12,0,128,130.3895804824884,FQ (common fit)
12,0,132,77.05398849378716,FQ (common fit)
12,0,135,77.4362800342483,FQ (common fit)
12,0,137,80.43429813030497,FQ (common fit)
12,0,140,91.07590001348645,FQ (common fit)
12,0,143,95.20319587108368,FQ (common fit)
12,0,148,115.20622913325091,FQ (common fit)
12,0,150,87.70367457796611,FQ (common fit)
12,0,152,97.90572544306448,FQ (common fit)
12,0,158,129.03031221402242,FQ (common fit)
12,0,164,138.79768521310984,FQ (common fit)
12,0,165,129.9349499524579,FQ (common fit)
12,0,169,76.65260255136316,FQ (common fit)
12,0,170,80.88847115472909,FQ (common fit)
12,0,172,127.5376486259972,FQ (common fit)
12,0,173,88.63079746009488,FQ (common fit)
12,0,174,76.03842686445215,FQ (common fit)
12,0,177,138.47237821755945,FQ (common fit)
12,0,182,98.68920977886982,FQ (common fit)
12,0,186,69.24153819272607,FQ (common fit)
12,0,195,89.45347932609468,FQ (common fit)
12,0,197,73.4173144148078,FQ (common fit)
12,0,5,83.75845459259975,FQ (MAP)
12,0,9,78.39433346254312,FQ (MAP)
12,0,12,66.8489530841018,FQ (MAP)
12,0,15,135.6070785324001,FQ (MAP)
12,0,16,98.96283683894532,FQ (MAP)
12,0,18,85.47828736537146,FQ (MAP)
12,0,19,79.49782115952274,FQ (MAP)
12,0,24,130.75715311653192,FQ (MAP)
12,0,29,93.13601625055396,FQ (MAP)
12,0,30,66.59497911680583,FQ (MAP)
12,0,31,87.60830923029535,FQ (MAP)
12,0,35,128.50227782924446,FQ (MAP)
12,0,38,45.36934805278049,FQ (MAP)
12,0,42,101.03078365508318,FQ (MAP)
12,0,45,56.61085851501899,FQ (MAP)
12,0,55,74.05786626237067,FQ (MAP)
12,0,56,128.43243394127623,FQ (MAP)
12,0,60,70.56557208834688,FQ (MAP)
12,0,65,53.59389132254276,FQ (MAP)
12,0,66,95.44073411206824,FQ (MAP)
12,0,67,86.27336061866211,FQ (MAP)
12,0,68,103.62915887806372,FQ (MAP)
12,0,69,83.9392266763662,FQ (MAP)
12,0,73,110.88301970319483,FQ (MAP)
12,0,75,80.20608341663748,FQ (MAP)
12,0,76,126.60766915462033,FQ (MAP)
12,0,78,61.520553000105664,FQ (MAP)
12,0,79,139.52490184201895,FQ (MAP)
12,0,82,89.74801104411179,FQ (MAP)
12,0,84,100.07554564013051,FQ (MAP)
12,0,86,52.33186778784839,FQ (MAP)
12,0,93,84.36694215755499,FQ (MAP)
12,0,95,74.927577638751,FQ (MAP)
12,0,96,133.43964972829312,FQ (MAP)
12,0,97,77.64215870842182,FQ (MAP)
12,0,98,136.35613561855394,FQ (MAP)
12,0,104,111.53775735214182,FQ (MAP)
12,0,114,81.71218508699064,FQ (MAP)
12,0,115,135.45781555146394,FQ (MAP)
12,0,117,97.26523341730412,FQ (MAP)
12,0,119,78.8496119595593,FQ (MAP)
12,0,122,126.38318835764365,FQ (MAP)
12,0,124,133.83049247177652,FQ (MAP)
12,0,125,124.8363296263592,FQ (MAP)
12,0,126,66.51275354378454,FQ (MAP)
12,0,128,117.57342708415752,FQ (MAP)
12,0,132,67.29459289763233,FQ (MAP)
12,0,135,76.83669479217679,FQ (MAP)
12,0,137,79.02154441795787,FQ (MAP)
12,0,140,81.75315268338555,FQ (MAP)
12,0,143,91.29079485196384,FQ (MAP)
12,0,148,102.37254328851893,FQ (MAP)
12,0,150,81.36108347762382,FQ (MAP)
12,0,152,90.87988067788535,FQ (MAP)
12,0,158,128.31653939703884,FQ (MAP)
12,0,164,137.33153905558018,FQ (MAP)
12,0,165,128.5249592403703,FQ (MAP)
12,0,169,75.48326418963848,FQ (MAP)
12,0,170,73.85044218012082,FQ (MAP)
12,0,172,127.13224015971232,FQ (MAP)
12,0,173,85.9377032640196,FQ (MAP)
12,0,174,76.18797280184755,FQ (MAP)
12,0,177,136.77513434043553,FQ (MAP)
12,0,182,94.21363467699956,FQ (MAP)
12,0,186,64.49291848133245,FQ (MAP)
12,0,195,88.64221643623348,FQ (MAP)
12,0,197,70.52733097604056,FQ (MAP)
12,0,5,83.54796653252737,True model
12,0,9,78.2842613487714,True model
12,0,12,66.12966465099078,True model
12,0,15,135.2713853576355,True model
12,0,16,99.30753335991352,True model
12,0,18,85.52881701460446,True model
12,0,19,79.97759065043249,True model
12,0,24,131.22148878774357,True model
12,0,29,92.6684943514523,True model
12,0,30,66.61623490211122,True model
12,0,31,87.3961943913009,True model
12,0,35,128.905256107157,True model
12,0,38,45.08763763696785,True model
12,0,42,101.42768882390912,True model
12,0,45,56.886523434016055,True model
12,0,55,72.84432274449107,True model
12,0,56,128.84679183357397,True model
12,0,60,70.54352827913081,True model
12,0,65,53.44078918464752,True model
12,0,66,95.31953476222031,True model
12,0,67,86.15040559567849,True model
12,0,68,103.52776473946248,True model
12,0,69,83.46878549114139,True model
12,0,73,110.46901853359074,True model
12,0,75,83.03343285895834,True model
12,0,76,125.96720803978756,True model
12,0,78,61.70828263089241,True model
12,0,79,138.92248532405085,True model
12,0,82,95.1110552520507,True model
12,0,84,100.58695111546947,True model
12,0,86,51.94862113667902,True model
12,0,93,84.6665460680766,True model
12,0,95,75.21244139751232,True model
12,0,96,135.0782795320482,True model
12,0,97,77.61501752180422,True model
12,0,98,135.4916121828895,True model
12,0,104,111.00784474781008,True model
12,0,114,81.63004356649164,True model
12,0,115,134.7289409679811,True model
12,0,117,97.1231375582622,True model
12,0,119,78.82853603846465,True model
12,0,122,126.3723572592008,True model
12,0,124,133.7371569768435,True model
12,0,125,125.06933283490476,True model
12,0,126,65.88033416582516,True model
12,0,128,116.8229871619952,True model
12,0,132,67.08631301447248,True model
12,0,135,78.03536511008154,True model
12,0,137,78.79269303032791,True model
12,0,140,80.04439911092061,True model
12,0,143,92.8741884022224,True model
12,0,148,102.28853945573329,True model
12,0,150,81.26993739294846,True model
12,0,152,91.23909654446196,True model
12,0,158,128.1190461960672,True model
12,0,164,136.42152691542407,True model
12,0,165,128.48884636032312,True model
12,0,169,75.51829896303676,True model
12,0,170,74.33927171662712,True model
12,0,172,127.06730430796304,True model
12,0,173,85.79182618725366,True model
12,0,174,77.57171045248691,True model
12,0,177,138.59832939201715,True model
12,0,182,93.73035478693332,True model
12,0,186,63.75468163734856,True model
12,0,195,89.10720885690878,True model
12,0,197,70.89314344987594,True model
12,1,0,104.1097314320794,Q (common fit)
12,1,2,122.6055494976597,Q (common fit)
12,1,4,149.48321029878042,Q (common fit)
12,1,6,108.2656923881991,Q (common fit)
12,1,10,106.53181070002589,Q (common fit)
12,1,11,136.09500533586566,Q (common fit)
12,1,22,97.18479212118974,Q (common fit)
12,1,23,84.35076282012805,Q (common fit)
12,1,25,124.04598528460272,Q (common fit)
12,1,26,87.82560635933602,Q (common fit)
12,1,27,133.61758117763168,Q (common fit)
12,1,28,105.3648151640842,Q (common fit)
12,1,32,129.19792924499654,Q (common fit)
12,1,33,136.0965905317996,Q (common fit)
12,1,36,112.38660778534909,Q (common fit)
12,1,39,104.98970048798633,Q (common fit)
12,1,40,96.88420560344164,Q (common fit)
12,1,41,130.8190614343327,Q (common fit)
12,1,44,94.69735168273344,Q (common fit)
12,1,46,101.28595548273564,Q (common fit)
12,1,47,124.66801846863616,Q (common fit)
12,1,51,93.08216452522622,Q (common fit)
12,1,61,111.93473404189308,Q (common fit)
12,1,62,126.02206653360982,Q (common fit)
12,1,64,103.96967971606122,Q (common fit)
12,1,70,92.69562958465096,Q (common fit)
12,1,77,130.03609381346467,Q (common fit)
12,1,81,107.06605951738848,Q (common fit)
12,1,85,128.4996936121681,Q (common fit)
12,1,90,143.123868920259,Q (common fit)
12,1,94,116.59716005284945,Q (common fit)
12,1,100,135.27756155875275,Q (common fit)
12,1,101,90.46299414395328,Q (common fit)
12,1,108,87.62132003530348,Q (common fit)
12,1,109,106.64608861633526,Q (common fit)
12,1,111,144.01236210799084,Q (common fit)
12,1,112,129.3120303413735,Q (common fit)
12,1,113,131.8463689225939,Q (common fit)
12,1,118,119.930413829296,Q (common fit)
12,1,120,120.74482576505795,Q (common fit)
12,1,123,85.82849372398529,Q (common fit)
12,1,127,130.5545183201261,Q (common fit)
12,1,136,131.6593883742813,Q (common fit)
12,1,139,102.33352798343611,Q (common fit)
12,1,141,103.708487198378,Q (common fit)
12,1,142,137.53342543514188,Q (common fit)
12,1,144,91.26676942929946,Q (common fit)
12,1,145,150.88357986353327,Q (common fit)
12,1,146,141.76296557611383,Q (common fit)
12,1,147,78.16926013242492,Q (common fit)
12,1,153,92.39147661472371,Q (common fit)
12,1,154,116.87780718375012,Q (common fit)
12,1,155,125.66402212192196,Q (common fit)
12,1,156,133.5195638745424,Q (common fit)
12,1,159,109.7203713511445,Q (common fit)
12,1,161,99.14871094976554,Q (common fit)
12,1,162,125.7427432242639,Q (common fit)
12,1,163,121.58989451727676,Q (common fit)
12,1,166,106.26044071026008,Q (common fit)
12,1,168,101.12349421868818,Q (common fit)
12,1,184,86.80452954022967,Q (common fit)
12,1,187,136.51933469300442,Q (common fit)
12,1,189,101.86191627003808,Q (common fit)
12,1,190,128.305168036253,Q (common fit)
12,1,191,86.57829937540829,Q (common fit)
12,1,194,103.24349375442232,Q (common fit)
12,1,198,108.58394894582244,Q (common fit)
12,1,0,103.016397058145,Q (MAP)
12,1,2,120.30959313655296,Q (MAP)
12,1,4,123.58633014755898,Q (MAP)
12,1,6,94.18042511599845,Q (MAP)
12,1,10,96.0002639198922,Q (MAP)
12,1,11,135.0015605654542,Q (MAP)
12,1,22,96.33891413512836,Q (MAP)
12,1,23,81.04389828671275,Q (MAP)
12,1,25,121.41403882746332,Q (MAP)
12,1,26,85.22348503604569,Q (MAP)
12,1,27,132.590131247839,Q (MAP)
12,1,28,102.26241686673652,Q (MAP)
12,1,32,106.76892309576282,Q (MAP)
12,1,33,133.8146058218831,Q (MAP)
12,1,36,111.85646866787262,Q (MAP)
12,1,39,103.21718433187452,Q (MAP)
12,1,40,93.48112735174897,Q (MAP)
12,1,41,131.02087921588895,Q (MAP)
12,1,44,92.8800541039643,Q (MAP)
12,1,46,93.85880083102666,Q (MAP)
12,1,47,122.1326643919578,Q (MAP)
12,1,51,93.73389348114708,Q (MAP)
12,1,61,111.43549570472165,Q (MAP)
12,1,62,120.5345191029432,Q (MAP)
12,1,64,102.94203811908396,Q (MAP)
12,1,70,90.92215535163318,Q (MAP)
12,1,77,98.0704451287008,Q (MAP)
12,1,81,99.72562082933504,Q (MAP)
12,1,85,128.02553376318735,Q (MAP)
12,1,90,139.3317870376249,Q (MAP)
12,1,94,119.60507924400514,Q (MAP)
12,1,100,135.17121920402076,Q (MAP)
12,1,101,85.60628669803403,Q (MAP)
12,1,108,85.05082210025058,Q (MAP)
12,1,109,105.92889976340044,Q (MAP)
12,1,111,140.87007784283088,Q (MAP)
12,1,112,124.07765558449944,Q (MAP)
12,1,113,129.8432403562299,Q (MAP)
12,1,118,121.85786590457327,Q (MAP)
12,1,120,117.06366915425528,Q (MAP)
12,1,123,83.5328684752471,Q (MAP)
12,1,127,125.5103154411484,Q (MAP)
12,1,136,130.41969313079846,Q (MAP)
12,1,139,99.69590877736216,Q (MAP)
12,1,141,102.71941524649644,Q (MAP)
12,1,142,136.69910772985526,Q (MAP)
12,1,144,89.10919699072394,Q (MAP)
12,1,145,141.05080645362537,Q (MAP)
12,1,146,142.57535275251774,Q (MAP)
12,1,147,74.73337556340455,Q (MAP)
12,1,153,91.82729558099572,Q (MAP)
12,1,154,117.21080376599524,Q (MAP)
12,1,155,125.29785143240812,Q (MAP)
12,1,156,131.99169106559452,Q (MAP)
12,1,159,109.72159354381648,Q (MAP)
12,1,161,98.64373770015416,Q (MAP)
12,1,162,123.4720675521654,Q (MAP)
12,1,163,123.77410011038984,Q (MAP)
12,1,166,105.23399617001198,Q (MAP)
12,1,168,96.68635591567823,Q (MAP)
12,1,184,83.85437758855994,Q (MAP)
12,1,187,137.5560936857688,Q (MAP)
12,1,189,99.37275041874231,Q (MAP)
12,1,190,128.3260613087248,Q (MAP)
12,1,191,76.04739446964909,Q (MAP)
12,1,194,101.59356822531042,Q (MAP)
12,1,198,105.0787756276178,Q (MAP)
12,1,0,101.19516488425649,FQ (common fit)
12,1,2,118.27339710474644,FQ (common fit)
12,1,4,123.00726126583136,FQ (common fit)
12,1,6,99.81075048863462,FQ (common fit)
12,1,10,105.757537471588,FQ (common fit)
12,1,11,132.99093024415032,FQ (common fit)
12,1,22,87.21826984581405,FQ (common fit)
12,1,23,80.76733408951009,FQ (common fit)
12,1,25,119.69620979747867,FQ (common fit)
12,1,26,78.9636063889462,FQ (common fit)
12,1,27,127.32182488904284,FQ (common fit)
12,1,28,76.69052943772697,FQ (common fit)
12,1,32,110.03978229138544,FQ (common fit)
12,1,33,126.5582811110802,FQ (common fit)
12,1,36,96.53582090862558,FQ (common fit)
12,1,39,84.24690965505246,FQ (common fit)
12,1,40,97.6115077137706,FQ (common fit)
12,1,41,126.55901548236814,FQ (common fit)
12,1,44,74.21371574748275,FQ (common fit)
12,1,46,93.84732229436848,FQ (common fit)
12,1,47,122.71266999371382,FQ (common fit)
12,1,51,83.75949823784217,FQ (common fit)
12,1,61,90.53214760585934,FQ (common fit)
12,1,62,122.44904213490868,FQ (common fit)
12,1,64,103.29597786878097,FQ (common fit)
12,1,70,73.17043960397652,FQ (common fit)
12,1,77,108.85648324502296,FQ (common fit)
12,1,81,59.36180021360689,FQ (common fit)
12,1,85,122.29847365313286,FQ (common fit)
12,1,90,141.27524930461428,FQ (common fit)
12,1,94,96.3164911748872,FQ (common fit)
12,1,100,136.6507367592977,FQ (common fit)
12,1,101,80.23490561315229,FQ (common fit)
12,1,108,70.04486237821128,FQ (common fit)
12,1,109,112.86098723673597,FQ (common fit)
12,1,111,145.9446463947464,FQ (common fit)
12,1,112,125.06762955079276,FQ (common fit)
12,1,113,129.86847434748307,FQ (common fit)
12,1,118,105.07631324402416,FQ (common fit)
12,1,120,114.57607967581976,FQ (common fit)
12,1,123,81.8956856856535,FQ (common fit)
12,1,127,127.63282729669584,FQ (common fit)
12,1,136,129.29992159348123,FQ (common fit)
12,1,139,73.35815966371365,FQ (common fit)
12,1,141,87.66119260979107,FQ (common fit)
12,1,142,77.46075876086643,FQ (common fit)
12,1,144,90.63647413275268,FQ (common fit)
12,1,145,142.2943922255282,FQ (common fit)
12,1,146,140.10908007521013,FQ (common fit)
12,1,147,70.90410448913569,FQ (common fit)
12,1,153,81.43763270924069,FQ (common fit)
12,1,154,34.699109229089004,FQ (common fit)
12,1,155,127.65976899225622,FQ (common fit)
12,1,156,130.8883544647157,FQ (common fit)
12,1,159,63.22776042940438,FQ (common fit)
12,1,161,78.98283000721952,FQ (common fit)
12,1,162,123.2723048303591,FQ (common fit)
12,1,163,104.95768655546476,FQ (common fit)
12,1,166,85.34206546159692,FQ (common fit)
12,1,168,92.68185647849272,FQ (common fit)
12,1,184,77.73155058061045,FQ (common fit)
12,1,187,133.51535150451411,FQ (common fit)
12,1,189,90.365071168991,FQ (common fit)
12,1,190,129.50555803766974,FQ (common fit)
12,1,191,66.86687417828861,FQ (common fit)
12,1,194,87.56558068631772,FQ (common fit)
12,1,198,74.87895419335567,FQ (common fit)
12,1,0,101.26173479837418,FQ (MAP)
12,1,2,116.8776023185644,FQ (MAP)
12,1,4,114.65387942291945,FQ (MAP)
12,1,6,92.11413240906938,FQ (MAP)
12,1,10,98.72425626387788,FQ (MAP)
12,1,11,132.5841451896417,FQ (MAP)
12,1,22,87.23593591349704,FQ (MAP)
12,1,23,80.03053653973929,FQ (MAP)
12,1,25,117.26911820140398,FQ (MAP)
12,1,26,75.94837061453387,FQ (MAP)
12,1,27,126.86847546753084,FQ (MAP)
12,1,28,76.22207439245464,FQ (MAP)
12,1,32,97.98912002298722,FQ (MAP)
12,1,33,122.5394232203749,FQ (MAP)
12,1,36,96.48474119850412,FQ (MAP)
12,1,39,83.50301330510011,FQ (MAP)
12,1,40,92.06083893987751,FQ (MAP)
12,1,41,126.33667121094672,FQ (MAP)
12,1,44,70.73552913471396,FQ (MAP)
12,1,46,90.57963402351442,FQ (MAP)
12,1,47,122.332805523593,FQ (MAP)
12,1,51,82.60184540274804,FQ (MAP)
12,1,61,89.75565462366141,FQ (MAP)
12,1,62,119.13315627480316,FQ (MAP)
12,1,64,99.61891972622644,FQ (MAP)
12,1,70,67.88420355243312,FQ (MAP)
12,1,77,97.6248216352836,FQ (MAP)
12,1,81,56.996734687786144,FQ (MAP)
12,1,85,121.93207486279316,FQ (MAP)
12,1,90,137.50409404206263,FQ (MAP)
12,1,94,88.7398083824036,FQ (MAP)
12,1,100,136.40611030230684,FQ (MAP)
12,1,101,77.21566562178698,FQ (MAP)
12,1,108,67.94757771440439,FQ (MAP)
12,1,109,109.53717640981677,FQ (MAP)
12,1,111,141.40514721257773,FQ (MAP)
12,1,112,121.97522680118846,FQ (MAP)
12,1,113,129.077121238989,FQ (MAP)
12,1,118,103.95136532831523,FQ (MAP)
12,1,120,112.9820940761624,FQ (MAP)
12,1,123,77.87139824804262,FQ (MAP)
12,1,127,124.3827510790896,FQ (MAP)
12,1,136,127.42720872372706,FQ (MAP)
12,1,139,66.98493194571911,FQ (MAP)
12,1,141,87.4995052906764,FQ (MAP)
12,1,142,76.20208488049794,FQ (MAP)
12,1,144,88.81056718760226,FQ (MAP)
12,1,145,137.67452988682717,FQ (MAP)
12,1,146,140.51827029861505,FQ (MAP)
12,1,147,69.20600417769995,FQ (MAP)
12,1,153,80.26143642024788,FQ (MAP)
12,1,154,30.06591692417928,FQ (MAP)
12,1,155,126.88723915664876,FQ (MAP)
12,1,156,129.9740202953507,FQ (MAP)
12,1,159,60.19201956204109,FQ (MAP)
12,1,161,78.68733546622516,FQ (MAP)
12,1,162,122.857131263263,FQ (MAP)
12,1,163,105.74953286030404,FQ (MAP)
12,1,166,82.94664017170635,FQ (MAP)
12,1,168,86.63624532735874,FQ (MAP)
12,1,184,73.6228300406335,FQ (MAP)
12,1,187,133.66175774329415,FQ (MAP)
12,1,189,89.44084035319885,FQ (MAP)
12,1,190,127.78327411631513,FQ (MAP)
12,1,191,62.66713481797929,FQ (MAP)
12,1,194,88.09842339589778,FQ (MAP)
12,1,198,70.31816804918391,FQ (MAP)
12,1,0,101.2506319334093,True model
12,1,2,116.71326390961713,True model
12,1,4,114.71165869140624,True model
12,1,6,91.73496347084507,True model
12,1,10,98.40705138260208,True model
12,1,11,133.00144699831893,True model
12,1,22,87.55090242607712,True model
12,1,23,80.23130569576676,True model
12,1,25,116.77015000014988,True model
12,1,26,76.05441700141245,True model
12,1,27,126.98409607044792,True model
12,1,28,76.68569404751989,True model
12,1,32,98.01950639192172,True model
12,1,33,120.96293124949916,True model
12,1,36,96.55630045489217,True model
12,1,39,83.90157049687775,True model
12,1,40,91.7855988920616,True model
12,1,41,126.43616477290595,True model
12,1,44,70.80651800002512,True model
12,1,46,91.57471776129616,True model
12,1,47,122.34215794699244,True model
12,1,51,82.31597549969308,True model
12,1,61,89.47361710630747,True model
12,1,62,118.45284948177876,True model
12,1,64,100.45093024882854,True model
12,1,70,67.58765676483023,True model
12,1,77,97.5197836180547,True model
12,1,81,57.05695542061612,True model
12,1,85,121.98823752017375,True model
12,1,90,137.01720324000544,True model
12,1,94,89.19907741824754,True model
12,1,100,135.9750556951114,True model
12,1,101,77.51153548585924,True model
12,1,108,68.04061567481388,True model
12,1,109,109.15063708431416,True model
12,1,111,141.94006877853548,True model
12,1,112,121.18188005405511,True model
12,1,113,128.0753735242714,True model
12,1,118,103.574812645784,True model
12,1,120,113.47001644688902,True model
12,1,123,78.11441694683302,True model
12,1,127,123.53698536363096,True model
12,1,136,128.4715932974033,True model
12,1,139,66.51792743686238,True model
12,1,141,88.460601244466,True model
12,1,142,76.83533295468457,True model
12,1,144,88.9051157491977,True model
12,1,145,136.6922018874322,True model
12,1,146,140.90851470412048,True model
12,1,147,69.86535270007742,True model
12,1,153,81.01796035772111,True model
12,1,154,30.97082786732845,True model
12,1,155,127.08852405967431,True model
12,1,156,129.69834186593036,True model
12,1,159,60.04259795541601,True model
12,1,161,78.61857142564389,True model
12,1,162,122.77517955653325,True model
12,1,163,106.23729298988944,True model
12,1,166,83.35356075147925,True model
12,1,168,87.24703392058505,True model
12,1,184,73.8938433143782,True model
12,1,187,134.3010603891783,True model
12,1,189,89.39152721059438,True model
12,1,190,129.22018594480772,True model
12,1,191,62.08079735724567,True model
12,1,194,89.21501134410649,True model
12,1,198,70.08436373229975,True model
12,2,1,130.11218305703983,Q (common fit)
12,2,3,131.70762306559232,Q (common fit)
12,2,7,99.43950666369886,Q (common fit)
12,2,8,94.97965617769395,Q (common fit)
12,2,13,111.23877766594944,Q (common fit)
12,2,14,101.63082329392932,Q (common fit)
12,2,17,119.87604715258357,Q (common fit)
12,2,20,126.83241118047222,Q (common fit)
12,2,21,82.74935362155314,Q (common fit)
12,2,34,135.24790382556284,Q (common fit)
12,2,37,140.75480599174742,Q (common fit)
12,2,43,100.84187774661828,Q (common fit)
12,2,48,112.22773958022084,Q (common fit)
12,2,49,140.0705291711072,Q (common fit)
12,2,50,121.97747823402264,Q (common fit)
12,2,52,83.91469627410221,Q (common fit)
12,2,53,104.76395681868463,Q (common fit)
12,2,54,91.64832034389148,Q (common fit)
12,2,57,97.08971726944031,Q (common fit)
12,2,58,116.3303672217312,Q (common fit)
12,2,59,134.31288676602858,Q (common fit)
12,2,63,93.62089962070768,Q (common fit)
12,2,71,97.37852735039203,Q (common fit)
12,2,72,139.5498964739131,Q (common fit)
12,2,74,141.88699812253236,Q (common fit)
12,2,80,126.5029336891906,Q (common fit)
12,2,83,139.64550360025524,Q (common fit)
12,2,87,109.16219845734147,Q (common fit)
12,2,88,128.7581188353663,Q (common fit)
12,2,89,91.71451806099157,Q (common fit)
12,2,91,85.66316863964178,Q (common fit)
12,2,92,104.17366271500026,Q (common fit)
12,2,99,127.13249874072936,Q (common fit)
12,2,102,119.40189570933768,Q (common fit)
12,2,103,128.14054049820666,Q (common fit)
12,2,105,116.01713058152266,Q (common fit)
12,2,106,126.005771729193,Q (common fit)
12,2,107,105.68676848821032,Q (common fit)
12,2,110,119.85491200003916,Q (common fit)
12,2,116,133.6823521151618,Q (common fit)
12,2,121,129.90298146790394,Q (common fit)
12,2,129,98.13631137110508,Q (common fit)
12,2,130,132.40017985510065,Q (common fit)
12,2,131,131.1302820206818,Q (common fit)
12,2,133,94.41101350758122,Q (common fit)
12,2,134,86.9229194075478,Q (common fit)
12,2,138,85.89891568437598,Q (common fit)
12,2,149,134.6127136291422,Q (common fit)
12,2,151,127.1467343106326,Q (common fit)
12,2,157,102.32040361286232,Q (common fit)
12,2,160,132.7395248670379,Q (common fit)
12,2,167,138.94953853765944,Q (common fit)
12,2,171,109.76770991954876,Q (common fit)
12,2,175,104.68422358785116,Q (common fit)
12,2,176,131.19085690761165,Q (common fit)
12,2,178,135.20156541189007,Q (common fit)
12,2,179,113.07060850348157,Q (common fit)
12,2,180,127.82239861485408,Q (common fit)
12,2,181,105.96747572341845,Q (common fit)
12,2,183,100.30088857378053,Q (common fit)
12,2,185,134.63734261331155,Q (common fit)
12,2,188,93.19611556001117,Q (common fit)
12,2,192,104.63760269159076,Q (common fit)
12,2,193,127.90292375987856,Q (common fit)
12,2,196,106.72414717066536,Q (common fit)
12,2,199,130.61205010784903,Q (common fit)
12,2,1,121.44291447766123,Q (MAP)
12,2,3,130.59963243717704,Q (MAP)
12,2,7,93.76031774138634,Q (MAP)
12,2,8,94.7075954733216,Q (MAP)
12,2,13,109.39936556017138,Q (MAP)
12,2,14,99.4485441676768,Q (MAP)
12,2,17,118.76419515648205,Q (MAP)
12,2,20,121.98411024707367,Q (MAP)
12,2,21,74.54836810068035,Q (MAP)
12,2,34,134.1490845882101,Q (MAP)
12,2,37,137.21750583366008,Q (MAP)
12,2,43,94.56314549327418,Q (MAP)
12,2,48,109.82265586525035,Q (MAP)
12,2,49,138.77863456330138,Q (MAP)
12,2,50,113.31810239163242,Q (MAP)
12,2,52,76.36893257948613,Q (MAP)
12,2,53,100.4134532182391,Q (MAP)
12,2,54,91.44178587658274,Q (MAP)
12,2,57,97.41630494949524,Q (MAP)
12,2,58,89.85354036311992,Q (MAP)
12,2,59,130.45601483917105,Q (MAP)
12,2,63,92.8155968239064,Q (MAP)
12,2,71,95.8100489782364,Q (MAP)
12,2,72,104.359413939321,Q (MAP)
12,2,74,139.90575379196994,Q (MAP)
12,2,80,122.24995466078796,Q (MAP)
12,2,83,136.1776623414329,Q (MAP)
12,2,87,105.6696285100289,Q (MAP)
12,2,88,123.44052191693034,Q (MAP)
12,2,89,90.06550613287703,Q (MAP)
12,2,91,79.86309053956512,Q (MAP)
12,2,92,87.9479950590007,Q (MAP)
12,2,99,116.63765081341698,Q (MAP)
12,2,102,113.11547410037156,Q (MAP)
12,2,103,127.24227785729948,Q (MAP)
12,2,105,114.80127780132403,Q (MAP)
12,2,106,125.28408747926508,Q (MAP)
12,2,107,95.19917430448076,Q (MAP)
12,2,110,114.0067574368852,Q (MAP)
12,2,116,133.65101430940183,Q (MAP)
12,2,121,124.5359611145776,Q (MAP)
12,2,129,90.60281002977985,Q (MAP)
12,2,130,132.24383498866905,Q (MAP)
12,2,131,131.50871446142628,Q (MAP)
12,2,133,91.38178448039196,Q (MAP)
12,2,134,80.9842175712335,Q (MAP)
12,2,138,84.8670102607491,Q (MAP)
12,2,149,134.39201440579137,Q (MAP)
12,2,151,123.9138859479682,Q (MAP)
12,2,157,102.10094718731958,Q (MAP)
12,2,160,132.97698169118655,Q (MAP)
12,2,167,135.70950086645868,Q (MAP)
12,2,171,102.1482262456094,Q (MAP)
12,2,175,103.542881424862,Q (MAP)
12,2,176,129.79614786845158,Q (MAP)
12,2,178,134.74335191048056,Q (MAP)
12,2,179,100.96768133867624,Q (MAP)
12,2,180,120.1153265335259,Q (MAP)
12,2,181,83.31852360624866,Q (MAP)
12,2,183,97.31011733896275,Q (MAP)
12,2,185,132.2774162655171,Q (MAP)
12,2,188,82.96497577480788,Q (MAP)
12,2,192,96.61275679381608,Q (MAP)
12,2,193,126.0473579999072,Q (MAP)
12,2,196,106.41157326224314,Q (MAP)
12,2,199,127.61596990842652,Q (MAP)
12,2,1,127.45401350344429,FQ (common fit)
12,2,3,130.65987136155314,FQ (common fit)
12,2,7,81.57991445283092,FQ (common fit)
12,2,8,74.51918575395192,FQ (common fit)
12,2,13,112.5486298330707,FQ (common fit)
12,2,14,96.2381236934581,FQ (common fit)
12,2,17,121.46543788503838,FQ (common fit)
12,2,20,122.90346955749372,FQ (common fit)
12,2,21,68.528998933818,FQ (common fit)
12,2,34,134.22900731411045,FQ (common fit)
12,2,37,138.4605743256716,FQ (common fit)
12,2,43,69.6769929554966,FQ (common fit)
12,2,48,89.64798633797562,FQ (common fit)
12,2,49,142.82602317733358,FQ (common fit)
12,2,50,118.0666499941958,FQ (common fit)
12,2,52,80.24254397130883,FQ (common fit)
12,2,53,84.07114150394541,FQ (common fit)
12,2,54,81.97006261904164,FQ (common fit)
12,2,57,97.16096655077732,FQ (common fit)
12,2,58,95.4663208022245,FQ (common fit)
12,2,59,118.708348428947,FQ (common fit)
12,2,63,87.5962012065288,FQ (common fit)
12,2,71,94.77601139224429,FQ (common fit)
12,2,72,121.95397064100244,FQ (common fit)
12,2,74,139.9484566489693,FQ (common fit)
12,2,80,125.59466707718822,FQ (common fit)
12,2,83,141.6398024269859,FQ (common fit)
12,2,87,95.19319831687451,FQ (common fit)
12,2,88,126.20613462518712,FQ (common fit)
12,2,89,85.4848586369115,FQ (common fit)
12,2,91,72.34732032303997,FQ (common fit)
12,2,92,89.73558391219116,FQ (common fit)
12,2,99,114.65833548113656,FQ (common fit)
12,2,102,119.77713478258086,FQ (common fit)
12,2,103,121.90051967487749,FQ (common fit)
12,2,105,116.37932810408108,FQ (common fit)
12,2,106,123.95688036205104,FQ (common fit)
12,2,107,63.34467396159891,FQ (common fit)
12,2,110,104.21559407682136,FQ (common fit)
12,2,116,132.8952910688588,FQ (common fit)
12,2,121,126.11802617848588,FQ (common fit)
12,2,129,90.23553890403844,FQ (common fit)
12,2,130,129.9729395226777,FQ (common fit)
12,2,131,133.1737604792111,FQ (common fit)
12,2,133,71.39925234143251,FQ (common fit)
12,2,134,79.11755430011456,FQ (common fit)
12,2,138,82.21246166844878,FQ (common fit)
12,2,149,133.9725858568354,FQ (common fit)
12,2,151,112.55752044193844,FQ (common fit)
12,2,157,82.06345427962034,FQ (common fit)
12,2,160,132.94812496302018,FQ (common fit)
12,2,167,139.48791736069646,FQ (common fit)
12,2,171,110.72526677462676,FQ (common fit)
12,2,175,110.31558877307356,FQ (common fit)
12,2,176,131.2082325958759,FQ (common fit)
12,2,178,134.8826303751042,FQ (common fit)
12,2,179,97.19232159540482,FQ (common fit)
12,2,180,95.04604404106236,FQ (common fit)
12,2,181,86.70795282073261,FQ (common fit)
12,2,183,88.56011484506752,FQ (common fit)
12,2,185,133.63138796066386,FQ (common fit)
12,2,188,63.17506856602218,FQ (common fit)
12,2,192,89.21909403291865,FQ (common fit)
12,2,193,122.40445789015968,FQ (common fit)
12,2,196,90.32181192266329,FQ (common fit)
12,2,199,92.8601613344741,FQ (common fit)
12,2,1,121.68673862219867,FQ (MAP)
12,2,3,130.01875069669455,FQ (MAP)
12,2,7,75.89395650943636,FQ (MAP)
12,2,8,73.63926187352101,FQ (MAP)
12,2,13,107.76345230839664,FQ (MAP)
12,2,14,95.37365826058952,FQ (MAP)
12,2,17,121.27268358531204,FQ (MAP)
12,2,20,121.41779342810756,FQ (MAP)
12,2,21,64.11946432815174,FQ (MAP)
12,2,34,134.0157897542732,FQ (MAP)
12,2,37,137.60928683320887,FQ (MAP)
12,2,43,66.40947975032057,FQ (MAP)
12,2,48,88.02116429299612,FQ (MAP)
12,2,49,139.06827315560258,FQ (MAP)
12,2,50,113.88795568889,FQ (MAP)
12,2,52,78.3295750530712,FQ (MAP)
12,2,53,80.04095477542228,FQ (MAP)
12,2,54,81.51799791283209,FQ (MAP)
12,2,57,96.27379055704,FQ (MAP)
12,2,58,87.07391109019551,FQ (MAP)
12,2,59,118.0205887137083,FQ (MAP)
12,2,63,87.35122018837725,FQ (MAP)
12,2,71,91.78955331968164,FQ (MAP)
12,2,72,102.48715191371622,FQ (MAP)
12,2,74,139.91279048694255,FQ (MAP)
12,2,80,123.65833750390745,FQ (MAP)
12,2,83,136.73615591068588,FQ (MAP)
12,2,87,94.24195203153688,FQ (MAP)
12,2,88,123.5659872258413,FQ (MAP)
12,2,89,84.60947004573956,FQ (MAP)
12,2,91,69.91938128252082,FQ (MAP)
12,2,92,84.4501697827721,FQ (MAP)
12,2,99,107.1070684246878,FQ (MAP)
12,2,102,111.9193081413656,FQ (MAP)
12,2,103,121.17832342479412,FQ (MAP)
12,2,105,115.61457957826502,FQ (MAP)
12,2,106,123.4953399096922,FQ (MAP)
12,2,107,57.91352486435845,FQ (MAP)
12,2,110,103.8071847979619,FQ (MAP)
12,2,116,132.90573398590843,FQ (MAP)
12,2,121,124.16585203002931,FQ (MAP)
12,2,129,89.52089685008215,FQ (MAP)
12,2,130,129.8790922881999,FQ (MAP)
12,2,131,132.73778914648503,FQ (MAP)
12,2,133,70.40913030017597,FQ (MAP)
12,2,134,71.67817263097355,FQ (MAP)
12,2,138,81.98047024639223,FQ (MAP)
12,2,149,133.86665189053463,FQ (MAP)
12,2,151,108.07463587956693,FQ (MAP)
12,2,157,74.03216052879162,FQ (MAP)
12,2,160,132.67162246398098,FQ (MAP)
12,2,167,135.11244499425476,FQ (MAP)
12,2,171,103.42870368450475,FQ (MAP)
12,2,175,107.54913141585398,FQ (MAP)
12,2,176,130.85107006715677,FQ (MAP)
12,2,178,134.74375467556936,FQ (MAP)
12,2,179,93.0316997994875,FQ (MAP)
12,2,180,92.79643759437636,FQ (MAP)
12,2,181,79.56178329809407,FQ (MAP)
12,2,183,85.25193753419519,FQ (MAP)
12,2,185,131.78429027610844,FQ (MAP)
12,2,188,59.78561942744894,FQ (MAP)
12,2,192,85.02616129307539,FQ (MAP)
12,2,193,121.54912713082464,FQ (MAP)
12,2,196,90.14953921405709,FQ (MAP)
12,2,199,83.93483015038207,FQ (MAP)
12,2,1,119.9324801477874,True model
12,2,3,129.89751609196645,True model
12,2,7,75.32207595432841,True model
12,2,8,73.6648573993958,True model
12,2,13,108.1722023369776,True model
12,2,14,96.01740563824757,True model
12,2,17,121.80778709962848,True model
12,2,20,121.35278640900236,True model
12,2,21,64.07142309943161,True model
12,2,34,134.078439899963,True model
12,2,37,136.72105326521665,True model
12,2,43,65.37016387278177,True model
12,2,48,88.15886960264382,True model
12,2,49,139.35438114542805,True model
12,2,50,113.03997267026575,True model
12,2,52,80.3543923389601,True model
12,2,53,80.7006379107643,True model
12,2,54,81.69877245509262,True model
12,2,57,96.47848370237554,True model
12,2,58,86.56255296918133,True model
12,2,59,118.25367308309193,True model
12,2,63,87.45575888151417,True model
12,2,71,91.6133857674674,True model
12,2,72,101.84725949538988,True model
12,2,74,140.2396860879225,True model
12,2,80,122.67172989896554,True model
12,2,83,136.0118828809156,True model
12,2,87,94.20727918479602,True model
12,2,88,122.25242202308718,True model
12,2,89,85.68414976022824,True model
12,2,91,69.6628782567306,True model
12,2,92,84.12252949001268,True model
12,2,99,107.0795394442379,True model
12,2,102,116.3469117460932,True model
12,2,103,121.27497902603176,True model
12,2,105,116.388119756858,True model
12,2,106,123.74237987976164,True model
12,2,107,57.6906389501956,True model
12,2,110,103.69282143650604,True model
12,2,116,134.2870857800196,True model
12,2,121,124.31196244278976,True model
12,2,129,89.70390532838965,True model
12,2,130,129.88849121647473,True model
12,2,131,132.6421090509092,True model
12,2,133,70.43735941261521,True model
12,2,134,70.20035536592317,True model
12,2,138,82.00710763696449,True model
12,2,149,134.1387842108553,True model
12,2,151,108.5057961352515,True model
12,2,157,74.3357865038352,True model
12,2,160,132.72189765056848,True model
12,2,167,135.284302345305,True model
12,2,171,103.64178295808148,True model
12,2,175,107.38482050255055,True model
12,2,176,130.70497497386802,True model
12,2,178,135.93974336235755,True model
12,2,179,92.83702284666364,True model
12,2,180,93.39575150515864,True model
12,2,181,79.36005225368899,True model
12,2,183,84.57362375489551,True model
12,2,185,131.91945684319438,True model
12,2,188,60.73950298025605,True model
12,2,192,84.3992754783502,True model
12,2,193,121.83941864985276,True model
12,2,196,91.6184820040211,True model
12,2,199,83.92805966710515,True model
15,0,5,96.9128485263432,Q (common fit)
15,0,9,121.37577071670854,Q (common fit)
15,0,12,128.16666789469846,Q (common fit)
15,0,15,108.23509156041762,Q (common fit)
15,0,16,135.54244587376158,Q (common fit)
15,0,18,99.21571459765948,Q (common fit)
15,0,19,72.2401247153836,Q (common fit)
15,0,24,87.90528310577551,Q (common fit)
15,0,29,130.26123663722984,Q (common fit)
15,0,30,126.92305428719114,Q (common fit)
15,0,31,106.95666413974376,Q (common fit)
15,0,35,133.8065243207556,Q (common fit)
15,0,38,105.60698734703838,Q (common fit)
15,0,42,140.70214963023363,Q (common fit)
15,0,45,126.7899339093659,Q (common fit)
15,0,55,88.23307696291947,Q (common fit)
15,0,56,127.71213692955796,Q (common fit)
15,0,60,128.64076841880427,Q (common fit)
15,0,65,139.9331057648495,Q (common fit)
15,0,66,140.72347702626405,Q (common fit)
15,0,67,132.66569902445335,Q (common fit)
15,0,68,116.61863387235178,Q (common fit)
15,0,69,100.29423951261408,Q (common fit)
15,0,73,106.17967266508992,Q (common fit)
15,0,75,123.39679816157528,Q (common fit)
15,0,76,120.62761745661696,Q (common fit)
15,0,78,130.0027634535462,Q (common fit)
15,0,79,136.64423862382478,Q (common fit)
15,0,82,85.34029431061902,Q (common fit)
15,0,84,132.69788147120906,Q (common fit)
15,0,86,88.61519213493165,Q (common fit)
15,0,93,123.04356160091956,Q (common fit)
15,0,95,129.29025782917452,Q (common fit)
15,0,96,107.72541211858903,Q (common fit)
15,0,97,91.740933875501,Q (common fit)
15,0,98,130.95135177368775,Q (common fit)
15,0,104,84.10737785871353,Q (common fit)
15,0,114,123.35176529178644,Q (common fit)
15,0,115,126.5474472558192,Q (common fit)
15,0,117,131.3141725872971,Q (common fit)
15,0,119,73.47891276154107,Q (common fit)
15,0,122,126.58924218141988,Q (common fit)
15,0,124,97.06124662921322,Q (common fit)
15,0,125,99.87996441123612,Q (common fit)
15,0,126,121.82642316844093,Q (common fit)
15,0,128,144.7258889589253,Q (common fit)
15,0,132,135.0186450655956,Q (common fit)
15,0,135,126.52587503304066,Q (common fit)
15,0,137,99.07977385965984,Q (common fit)
15,0,140,71.81197076079582,Q (common fit)
15,0,143,140.65565856090262,Q (common fit)
15,0,148,135.08023891040162,Q (common fit)
15,0,150,93.23794209176422,Q (common fit)
15,0,152,140.33775592376298,Q (common fit)
15,0,158,138.16847094991147,Q (common fit)
15,0,164,137.9083635863512,Q (common fit)
15,0,165,93.18120273764472,Q (common fit)
15,0,169,133.72400926812682,Q (common fit)
15,0,170,99.75081729295805,Q (common fit)
15,0,172,104.77366144451688,Q (common fit)
15,0,173,134.96457704493844,Q (common fit)
15,0,174,92.03695036948636,Q (common fit)
15,0,177,135.49527265259763,Q (common fit)
15,0,182,83.3335043828854,Q (common fit)
15,0,186,104.40553592627104,Q (common fit)
15,0,195,92.62074214640556,Q (common fit)
15,0,197,128.83507776502935,Q (common fit)
15,0,5,93.1601494593965,Q (MAP)
15,0,9,119.72614854982304,Q (MAP)
15,0,12,130.73859555515494,Q (MAP)
15,0,15,107.02968492216296,Q (MAP)
15,0,16,135.79722439036277,Q (MAP)
15,0,18,100.63607328055156,Q (MAP)
15,0,19,70.1156260991014,Q (MAP)
15,0,24,86.01952609872166,Q (MAP)
15,0,29,114.22647052110352,Q (MAP)
15,0,30,125.83096917754536,Q (MAP)
15,0,31,97.07408092979594,Q (MAP)
15,0,35,133.85888823925643,Q (MAP)
15,0,38,108.68260277621684,Q (MAP)
15,0,42,140.6504230746025,Q (MAP)
15,0,45,127.28487529859083,Q (MAP)
15,0,55,78.27097223100232,Q (MAP)
15,0,56,119.09940348754256,Q (MAP)
15,0,60,131.79337709438337,Q (MAP)
15,0,65,139.56266334272027,Q (MAP)
15,0,66,134.56435170782277,Q (MAP)
15,0,67,132.35222209363798,Q (MAP)
15,0,68,100.2475519853508,Q (MAP)
15,0,69,98.85585792292903,Q (MAP)
15,0,73,103.6396261646822,Q (MAP)
15,0,75,124.81113168532345,Q (MAP)
15,0,76,118.3399218172806,Q (MAP)
15,0,78,129.96763030576972,Q (MAP)
15,0,79,136.42761002422213,Q (MAP)
15,0,82,83.34448129162672,Q (MAP)
15,0,84,132.3801484409193,Q (MAP)
15,0,86,88.85317871698795,Q (MAP)
15,0,93,122.155643614961,Q (MAP)
15,0,95,129.04065458664587,Q (MAP)
15,0,96,107.08298189071292,Q (MAP)
15,0,97,90.5516141155893,Q (MAP)
15,0,98,107.94496122768123,Q (MAP)
15,0,104,66.37572460569119,Q (MAP)
15,0,114,122.12242765176008,Q (MAP)
15,0,115,122.29306397744006,Q (MAP)
15,0,117,125.44105511390232,Q (MAP)
15,0,119,71.0598682490941,Q (MAP)
15,0,122,126.26762180633096,Q (MAP)
15,0,124,96.90845278760312,Q (MAP)
15,0,125,92.02919524952716,Q (MAP)
15,0,126,116.95708616028595,Q (MAP)
15,0,128,141.26394372404167,Q (MAP)
15,0,132,132.06997554383705,Q (MAP)
15,0,135,126.32225416265516,Q (MAP)
15,0,137,97.36447496551952,Q (MAP)
15,0,140,62.3744281844448,Q (MAP)
15,0,143,127.13235591747156,Q (MAP)
15,0,148,134.79914456162578,Q (MAP)
15,0,150,91.66623456244908,Q (MAP)
15,0,152,118.71508605351153,Q (MAP)
15,0,158,136.4076440583967,Q (MAP)
15,0,164,105.3333322513612,Q (MAP)
15,0,165,90.690060628643,Q (MAP)
15,0,169,134.9344126944187,Q (MAP)
15,0,170,98.77854832696497,Q (MAP)
15,0,172,105.0947355339607,Q (MAP)
15,0,173,122.7848641080525,Q (MAP)
15,0,174,89.41994118452766,Q (MAP)
15,0,177,132.66533010464028,Q (MAP)
15,0,182,67.9707580690784,Q (MAP)
15,0,186,100.0351202983466,Q (MAP)
15,0,195,93.15404065781384,Q (MAP)
15,0,197,125.8604130728496,Q (MAP)
15,0,5,98.74483846395871,FQ (common fit)
15,0,9,118.68021426321386,FQ (common fit)
15,0,12,83.37029233078826,FQ (common fit)
15,0,15,106.12905786718554,FQ (common fit)
15,0,16,136.5350255825373,FQ (common fit)
15,0,18,89.32303996983615,FQ (common fit)
15,0,19,67.39768255984377,FQ (common fit)
15,0,24,79.04270894855686,FQ (common fit)
15,0,29,121.72535796940736,FQ (common fit)
15,0,30,126.81810830335225,FQ (common fit)
15,0,31,96.65936640914406,FQ (common fit)
15,0,35,130.57394501536453,FQ (common fit)
15,0,38,88.49102786034983,FQ (common fit)
15,0,42,137.3645858329488,FQ (common fit)
15,0,45,119.53326392796276,FQ (common fit)
15,0,55,70.21136410040103,FQ (common fit)
15,0,56,116.24735112229884,FQ (common fit)
15,0,60,79.18987887791756,FQ (common fit)
15,0,65,136.20449808547284,FQ (common fit)
15,0,66,136.46753535181358,FQ (common fit)
15,0,67,130.52672680361604,FQ (common fit)
15,0,68,101.71915183345622,FQ (common fit)
15,0,69,86.83571574875317,FQ (common fit)
15,0,73,86.33475732721828,FQ (common fit)
15,0,75,84.15438477028367,FQ (common fit)
15,0,76,120.2556782262958,FQ (common fit)
15,0,78,131.03710319036432,FQ (common fit)
15,0,79,136.66354502187954,FQ (common fit)
15,0,82,83.10666797232965,FQ (common fit)
15,0,84,130.25260526848655,FQ (common fit)
15,0,86,80.12471273572594,FQ (common fit)
15,0,93,119.1230795172707,FQ (common fit)
15,0,95,125.69332631509464,FQ (common fit)
15,0,96,73.82361448514804,FQ (common fit)
15,0,97,60.77546140966176,FQ (common fit)
15,0,98,113.09608816325732,FQ (common fit)
15,0,104,54.45739972581215,FQ (common fit)
15,0,114,123.25553282164854,FQ (common fit)
15,0,115,124.28050603225776,FQ (common fit)
15,0,117,110.19666917293428,FQ (common fit)
15,0,119,57.716841627378216,FQ (common fit)
15,0,122,124.24462185538432,FQ (common fit)
15,0,124,99.90073961016788,FQ (common fit)
15,0,125,75.81475327699742,FQ (common fit)
15,0,126,123.49358354257708,FQ (common fit)
15,0,128,143.24867554220648,FQ (common fit)
15,0,132,130.7749332382839,FQ (common fit)
15,0,135,120.10950563364185,FQ (common fit)
15,0,137,67.92383108020225,FQ (common fit)
15,0,140,68.74384477240548,FQ (common fit)
15,0,143,132.14217437491823,FQ (common fit)
15,0,148,135.9020774178239,FQ (common fit)
15,0,150,69.04836774493012,FQ (common fit)
15,0,152,117.1656378871727,FQ (common fit)
15,0,158,138.98040028899192,FQ (common fit)
15,0,164,114.56130072998955,FQ (common fit)
15,0,165,65.41806180300709,FQ (common fit)
15,0,169,131.58188589159488,FQ (common fit)
15,0,170,91.44401393685692,FQ (common fit)
15,0,172,79.26692799631357,FQ (common fit)
15,0,173,100.2365279380397,FQ (common fit)
15,0,174,79.46859494608819,FQ (common fit)
15,0,177,91.78732776747889,FQ (common fit)
15,0,182,74.19219226859742,FQ (common fit)
15,0,186,75.05817092454213,FQ (common fit)
15,0,195,80.54021019108677,FQ (common fit)
15,0,197,127.2585008650574,FQ (common fit)
15,0,5,96.44938487025648,FQ (MAP)
15,0,9,117.7854672672349,FQ (MAP)
15,0,12,77.04166460757259,FQ (MAP)
15,0,15,103.23417212389576,FQ (MAP)
15,0,16,134.26921291650672,FQ (MAP)
15,0,18,89.37494345447945,FQ (MAP)
15,0,19,66.415883493923,FQ (MAP)
15,0,24,78.6370571997862,FQ (MAP)
15,0,29,109.7639587761842,FQ (MAP)
15,0,30,126.38515760652211,FQ (MAP)
15,0,31,93.1680229925418,FQ (MAP)
15,0,35,126.88425145194014,FQ (MAP)
15,0,38,88.22592601921491,FQ (MAP)
15,0,42,133.59099515818986,FQ (MAP)
15,0,45,118.97988425573296,FQ (MAP)
15,0,55,63.14824673918422,FQ (MAP)
15,0,56,105.33312592551486,FQ (MAP)
15,0,60,77.85902359129702,FQ (MAP)
15,0,65,136.2801297793049,FQ (MAP)
15,0,66,133.9968662878087,FQ (MAP)
15,0,67,130.1193081370269,FQ (MAP)
15,0,68,94.25134131978496,FQ (MAP)
15,0,69,83.44665706496204,FQ (MAP)
15,0,73,84.14220309874166,FQ (MAP)
15,0,75,80.77892893160474,FQ (MAP)
15,0,76,119.14669405400716,FQ (MAP)
15,0,78,130.80863217320092,FQ (MAP)
15,0,79,136.48371549169516,FQ (MAP)
15,0,82,81.43699702410626,FQ (MAP)
15,0,84,129.48076599952367,FQ (MAP)
15,0,86,77.78082509718979,FQ (MAP)
15,0,93,118.49297014573196,FQ (MAP)
15,0,95,124.90831800283196,FQ (MAP)
15,0,96,73.88266895081593,FQ (MAP)
15,0,97,59.75953695512134,FQ (MAP)
15,0,98,103.74834903152194,FQ (MAP)
15,0,104,51.38162566848713,FQ (MAP)
15,0,114,122.7109839972434,FQ (MAP)
15,0,115,122.37553415585568,FQ (MAP)
15,0,117,101.2048386169236,FQ (MAP)
15,0,119,55.55952120857278,FQ (MAP)
15,0,122,124.0778631368786,FQ (MAP)
15,0,124,99.29822726606558,FQ (MAP)
15,0,125,75.24314247334983,FQ (MAP)
15,0,126,121.2645283350037,FQ (MAP)
15,0,128,141.21767657554236,FQ (MAP)
15,0,132,130.3477247432109,FQ (MAP)
15,0,135,118.26527225992236,FQ (MAP)
15,0,137,66.45479012600536,FQ (MAP)
15,0,140,63.33414291183988,FQ (MAP)
15,0,143,124.36732391505134,FQ (MAP)
15,0,148,134.5045964860915,FQ (MAP)
15,0,150,67.13272913518672,FQ (MAP)
15,0,152,100.51712613859736,FQ (MAP)
15,0,158,136.33855026000535,FQ (MAP)
15,0,164,98.3458948019146,FQ (MAP)
15,0,165,60.33582131535584,FQ (MAP)
15,0,169,131.69760413925513,FQ (MAP)
15,0,170,88.90524966522413,FQ (MAP)
15,0,172,79.04424353352246,FQ (MAP)
15,0,173,98.59613724606366,FQ (MAP)
15,0,174,78.01497332692371,FQ (MAP)
15,0,177,92.1276873781116,FQ (MAP)
15,0,182,66.47396616293884,FQ (MAP)
15,0,186,71.57196058771082,FQ (MAP)
15,0,195,79.97688106556915,FQ (MAP)
15,0,197,125.1551537265989,FQ (MAP)
15,0,5,96.24811520778806,True model
15,0,9,117.92865347000172,True model
15,0,12,76.40508422211718,True model
15,0,15,103.10652909532578,True model
15,0,16,134.49636534016778,True model
15,0,18,89.34030890362416,True model
15,0,19,67.13227817110933,True model
15,0,24,78.69683940243692,True model
15,0,29,109.28121857161648,True model
15,0,30,126.39758831264932,True model
15,0,31,92.961008048887,True model
15,0,35,126.4060093687983,True model
15,0,38,88.35473013289925,True model
15,0,42,132.45885513190368,True model
15,0,45,119.23001316426198,True model
15,0,55,62.54486781682219,True model
15,0,56,104.99077020600866,True model
15,0,60,78.1011074489945,True model
15,0,65,136.47559405499027,True model
15,0,66,133.5523231042345,True model
15,0,67,129.69375136486522,True model
15,0,68,93.84811458005004,True model
15,0,69,83.52784040911229,True model
15,0,73,84.3334322098004,True model
15,0,75,80.510171052632,True model
15,0,76,118.73399174459078,True model
15,0,78,130.79488233355502,True model
15,0,79,137.62912872241515,True model
15,0,82,81.49297344792191,True model
15,0,84,131.44814282625202,True model
15,0,86,77.4888214372027,True model
15,0,93,119.26368019307472,True model
15,0,95,125.42600934476162,True model
15,0,96,74.43443470212452,True model
15,0,97,59.90552622413064,True model
15,0,98,103.15418409101514,True model
15,0,104,51.908588555394125,True model
15,0,114,122.69157416075495,True model
15,0,115,121.22407983077204,True model
15,0,117,101.19717735165436,True model
15,0,119,56.2406353118048,True model
15,0,122,124.73857796673892,True model
15,0,124,99.08090721078902,True model
15,0,125,75.41150527379294,True model
15,0,126,120.98871676961188,True model
15,0,128,139.27603343151682,True model
15,0,132,130.4619151363963,True model
15,0,135,118.37244164555628,True model
15,0,137,66.84087686288362,True model
15,0,140,61.9301209285806,True model
15,0,143,128.178948500359,True model
15,0,148,134.34572413278778,True model
15,0,150,67.73258846033218,True model
15,0,152,102.20496988871596,True model
15,0,158,136.47162254419948,True model
15,0,164,99.17492515402154,True model
15,0,165,59.84605928243168,True model
15,0,169,131.532564796271,True model
15,0,170,88.79113275617846,True model
15,0,172,79.27312895874037,True model
15,0,173,98.54470958860846,True model
15,0,174,77.93650910561806,True model
15,0,177,92.03510939961402,True model
15,0,182,65.48625960306319,True model
15,0,186,71.3361980440167,True model
15,0,195,79.94810580395225,True model
15,0,197,124.9604828179814,True model
15,1,0,86.19982475850543,Q (common fit)
15,1,2,98.17136806434496,Q (common fit)
15,1,4,135.7384538572532,Q (common fit)
15,1,6,135.2393698529228,Q (common fit)
15,1,10,147.71858541907935,Q (common fit)
15,1,11,110.08778777002004,Q (common fit)
15,1,22,140.39003859872386,Q (common fit)
15,1,23,105.22370239929364,Q (common fit)
15,1,25,138.2088197419614,Q (common fit)
15,1,26,103.57755434628884,Q (common fit)
15,1,27,92.01002349531022,Q (common fit)
15,1,28,89.07506516771373,Q (common fit)
15,1,32,142.94205441902392,Q (common fit)
15,1,33,100.14133200353812,Q (common fit)
15,1,36,143.45570731943934,Q (common fit)
15,1,39,121.9780189245728,Q (common fit)
15,1,40,127.47703409524972,Q (common fit)
15,1,41,113.06793525911009,Q (common fit)
15,1,44,125.90240043184028,Q (common fit)
15,1,46,132.9416279508133,Q (common fit)
15,1,47,132.39546906512564,Q (common fit)
15,1,51,119.46100039125513,Q (common fit)
15,1,61,137.33198812384072,Q (common fit)
15,1,62,127.98993948021676,Q (common fit)
15,1,64,89.7552483126995,Q (common fit)
15,1,70,94.08232898322828,Q (common fit)
15,1,77,142.76418214814802,Q (common fit)
15,1,81,124.550783291292,Q (common fit)
15,1,85,92.79796079518862,Q (common fit)
15,1,90,101.48987052893008,Q (common fit)
15,1,94,123.4595612505182,Q (common fit)
15,1,100,133.83293291094878,Q (common fit)
15,1,101,69.37311385856545,Q (common fit)
15,1,108,126.81907732498728,Q (common fit)
15,1,109,89.33316582187477,Q (common fit)
15,1,111,138.49752591131562,Q (common fit)
15,1,112,101.56242351323924,Q (common fit)
15,1,113,107.49267535471571,Q (common fit)
15,1,118,116.24334011276126,Q (common fit)
15,1,120,75.03181607159767,Q (common fit)
15,1,123,97.59432277961372,Q (common fit)
15,1,127,127.63752414194148,Q (common fit)
15,1,136,109.36791788732316,Q (common fit)
15,1,139,84.29305813267777,Q (common fit)
15,1,141,132.5623618525311,Q (common fit)
15,1,142,99.64950763132394,Q (common fit)
15,1,144,138.2639690961494,Q (common fit)
15,1,145,150.93825078653566,Q (common fit)
15,1,146,127.56558015616208,Q (common fit)
15,1,147,125.34861028302592,Q (common fit)
15,1,153,107.2511034019518,Q (common fit)
15,1,154,99.34156418019532,Q (common fit)
15,1,155,129.0535648268609,Q (common fit)
15,1,156,67.99754481672487,Q (common fit)
15,1,159,118.81775625924038,Q (common fit)
15,1,161,84.49708744397259,Q (common fit)
15,1,162,94.78886284950512,Q (common fit)
15,1,163,104.33296238275484,Q (common fit)
15,1,166,132.0974951271543,Q (common fit)
15,1,168,138.88667764084977,Q (common fit)
15,1,184,120.76070772485382,Q (common fit)
15,1,187,136.43045520254796,Q (common fit)
15,1,189,92.01623208613948,Q (common fit)
15,1,190,92.36504791581235,Q (common fit)
15,1,191,95.6213847383297,Q (common fit)
15,1,194,114.20626473637158,Q (common fit)
15,1,198,90.90922859319718,Q (common fit)
15,1,0,81.89941469092975,Q (MAP)
15,1,2,91.22808522243363,Q (MAP)
15,1,4,135.95823945657853,Q (MAP)
15,1,6,134.81687101690423,Q (MAP)
15,1,10,143.10679050619936,Q (MAP)
15,1,11,104.07053017928187,Q (MAP)
15,1,22,139.49785431392266,Q (MAP)
15,1,23,98.59985863933191,Q (MAP)
15,1,25,138.40597739195564,Q (MAP)
15,1,26,99.4373180741682,Q (MAP)
15,1,27,87.51881873511189,Q (MAP)
15,1,28,87.31201118797055,Q (MAP)
15,1,32,141.98297851964415,Q (MAP)
15,1,33,94.45054252430654,Q (MAP)
15,1,36,137.81327036956125,Q (MAP)
15,1,39,120.02358999664304,Q (MAP)
15,1,40,124.24885032642835,Q (MAP)
15,1,41,109.97227399537648,Q (MAP)
15,1,44,125.10766647184428,Q (MAP)
15,1,46,131.43274370663818,Q (MAP)
15,1,47,129.78657345989654,Q (MAP)
15,1,51,118.15946733150788,Q (MAP)
15,1,61,137.15945313339367,Q (MAP)
15,1,62,126.46949579339147,Q (MAP)
15,1,64,89.36574068624708,Q (MAP)
15,1,70,91.045278604351,Q (MAP)
15,1,77,137.39536703075535,Q (MAP)
15,1,81,124.54672750596676,Q (MAP)
15,1,85,93.4137264919161,Q (MAP)
15,1,90,91.52296301315415,Q (MAP)
15,1,94,116.93861942293904,Q (MAP)
15,1,100,133.37412103362158,Q (MAP)
15,1,101,59.99104680991896,Q (MAP)
15,1,108,118.41538723897276,Q (MAP)
15,1,109,87.1897601206424,Q (MAP)
15,1,111,137.97166024072132,Q (MAP)
15,1,112,98.69836811744436,Q (MAP)
15,1,113,106.19980938054674,Q (MAP)
15,1,118,115.55537918534132,Q (MAP)
15,1,120,67.44808489087949,Q (MAP)
15,1,123,89.9135773764384,Q (MAP)
15,1,127,126.70178550065522,Q (MAP)
15,1,136,111.85903382496367,Q (MAP)
15,1,139,70.49713519788573,Q (MAP)
15,1,141,132.51316662314412,Q (MAP)
15,1,142,96.51137330844723,Q (MAP)
15,1,144,138.7700849760323,Q (MAP)
15,1,145,113.47609877010402,Q (MAP)
15,1,146,127.3865552336718,Q (MAP)
15,1,147,124.03602282037238,Q (MAP)
15,1,153,100.69003993772196,Q (MAP)
15,1,154,95.58537466135805,Q (MAP)
15,1,155,128.09156206167,Q (MAP)
15,1,156,61.761126058541485,Q (MAP)
15,1,159,116.87489393117832,Q (MAP)
15,1,161,81.48419328140544,Q (MAP)
15,1,162,93.0684570282078,Q (MAP)
15,1,163,103.81873155977644,Q (MAP)
15,1,166,131.2091174595831,Q (MAP)
15,1,168,136.40555556210288,Q (MAP)
15,1,184,104.08739681633168,Q (MAP)
15,1,187,136.58545850068717,Q (MAP)
15,1,189,85.77351545025839,Q (MAP)
15,1,190,88.39262917489161,Q (MAP)
15,1,191,88.75518305544549,Q (MAP)
15,1,194,111.61096781019988,Q (MAP)
15,1,198,87.34322798757545,Q (MAP)
15,1,0,48.04690178281231,FQ (common fit)
15,1,2,79.15814713033213,FQ (common fit)
15,1,4,133.5992349403285,FQ (common fit)
15,1,6,136.39686821405198,FQ (common fit)
15,1,10,143.45327669192386,FQ (common fit)
15,1,11,86.3138807201747,FQ (common fit)
15,1,22,136.24475656153837,FQ (common fit)
15,1,23,74.20872516356455,FQ (common fit)
15,1,25,138.402048848917,FQ (common fit)
15,1,26,99.59879686513592,FQ (common fit)
15,1,27,62.51711231367268,FQ (common fit)
15,1,28,89.37682190407241,FQ (common fit)
15,1,32,137.87044863699282,FQ (common fit)
15,1,33,90.169403850056,FQ (common fit)
15,1,36,132.98915731181472,FQ (common fit)
15,1,39,121.306144904759,FQ (common fit)
15,1,40,137.74695182304285,FQ (common fit)
15,1,41,94.61403303625364,FQ (common fit)
15,1,44,129.65338389478137,FQ (common fit)
15,1,46,134.03122033669095,FQ (common fit)
15,1,47,121.63548236888914,FQ (common fit)
15,1,51,116.4881140939536,FQ (common fit)
15,1,61,136.10716872181723,FQ (common fit)
15,1,62,128.34296928940168,FQ (common fit)
15,1,64,83.65751797444906,FQ (common fit)
15,1,70,63.51836579198391,FQ (common fit)
15,1,77,142.048950761291,FQ (common fit)
15,1,81,128.46751681324855,FQ (common fit)
15,1,85,90.09501937559504,FQ (common fit)
15,1,90,92.9742367256039,FQ (common fit)
15,1,94,118.7995478339906,FQ (common fit)
15,1,100,132.54493171728882,FQ (common fit)
15,1,101,61.08261970769497,FQ (common fit)
15,1,108,90.29912850669308,FQ (common fit)
15,1,109,89.93787359176757,FQ (common fit)
15,1,111,138.96326628434312,FQ (common fit)
15,1,112,71.0343994504676,FQ (common fit)
15,1,113,90.79517950185289,FQ (common fit)
15,1,118,98.3435959666342,FQ (common fit)
15,1,120,67.68052482161686,FQ (common fit)
15,1,123,94.78579826790288,FQ (common fit)
15,1,127,128.17606526448017,FQ (common fit)
15,1,136,90.94322581371009,FQ (common fit)
15,1,139,78.65758179720841,FQ (common fit)
15,1,141,132.4523523311197,FQ (common fit)
15,1,142,80.03505048655825,FQ (common fit)
15,1,144,135.36075656506296,FQ (common fit)
15,1,145,127.46308489374316,FQ (common fit)
15,1,146,129.68627056295196,FQ (common fit)
15,1,147,119.72303474084607,FQ (common fit)
15,1,153,66.31797102189374,FQ (common fit)
15,1,154,92.81509762136524,FQ (common fit)
15,1,155,128.6026756463982,FQ (common fit)
15,1,156,56.76466946590684,FQ (common fit)
15,1,159,115.03564848775343,FQ (common fit)
15,1,161,79.60059607145777,FQ (common fit)
15,1,162,85.8435086341636,FQ (common fit)
15,1,163,96.2331134353112,FQ (common fit)
15,1,166,130.63228832884968,FQ (common fit)
15,1,168,141.13319079280268,FQ (common fit)
15,1,184,93.6855899093398,FQ (common fit)
15,1,187,132.27271745710098,FQ (common fit)
15,1,189,82.62631783781525,FQ (common fit)
15,1,190,86.22999915507523,FQ (common fit)
15,1,191,76.16745213504548,FQ (common fit)
15,1,194,91.58521616424666,FQ (common fit)
15,1,198,76.49762062532831,FQ (common fit)
15,1,0,45.667822250462784,FQ (MAP)
15,1,2,74.77565864412307,FQ (MAP)
15,1,4,132.33056250279355,FQ (MAP)
15,1,6,135.70206077590976,FQ (MAP)
15,1,10,140.91010186834194,FQ (MAP)
15,1,11,80.89725292683967,FQ (MAP)
15,1,22,135.50301630176503,FQ (MAP)
15,1,23,73.37730226540292,FQ (MAP)
15,1,25,138.59929978810032,FQ (MAP)
15,1,26,99.58550340418594,FQ (MAP)
15,1,27,61.901157410468485,FQ (MAP)
15,1,28,89.50056735332294,FQ (MAP)
15,1,32,136.04064064248664,FQ (MAP)
15,1,33,84.18753875231448,FQ (MAP)
15,1,36,131.7925410955514,FQ (MAP)
15,1,39,120.72204477792498,FQ (MAP)
15,1,40,127.96199215257332,FQ (MAP)
15,1,41,94.37121851220228,FQ (MAP)
15,1,44,128.11586768551564,FQ (MAP)
15,1,46,131.59323553912495,FQ (MAP)
15,1,47,120.93499109275498,FQ (MAP)
15,1,51,115.4560363039882,FQ (MAP)
15,1,61,136.113533168685,FQ (MAP)
15,1,62,127.30909831212811,FQ (MAP)
15,1,64,83.47359524329589,FQ (MAP)
15,1,70,60.545968419783584,FQ (MAP)
15,1,77,134.10415070490367,FQ (MAP)
15,1,81,128.2759084464139,FQ (MAP)
15,1,85,88.85235022544204,FQ (MAP)
15,1,90,86.11461326361503,FQ (MAP)
15,1,94,115.868202694906,FQ (MAP)
15,1,100,130.81285873224152,FQ (MAP)
15,1,101,57.99728388059799,FQ (MAP)
15,1,108,90.04283988805638,FQ (MAP)
15,1,109,86.80882870024925,FQ (MAP)
15,1,111,137.30012659906768,FQ (MAP)
15,1,112,61.392412951345925,FQ (MAP)
15,1,113,90.4707435047906,FQ (MAP)
15,1,118,85.95714870323496,FQ (MAP)
15,1,120,62.371478904225,FQ (MAP)
15,1,123,88.88844188651063,FQ (MAP)
15,1,127,127.7252031476612,FQ (MAP)
15,1,136,90.48495042324484,FQ (MAP)
15,1,139,72.46074892920531,FQ (MAP)
15,1,141,132.1623965351533,FQ (MAP)
15,1,142,80.18830420920516,FQ (MAP)
15,1,144,135.51829417936833,FQ (MAP)
15,1,145,106.39140912809054,FQ (MAP)
15,1,146,129.5127177790596,FQ (MAP)
15,1,147,119.22996353269876,FQ (MAP)
15,1,153,65.09826943594717,FQ (MAP)
15,1,154,89.1165820454233,FQ (MAP)
15,1,155,128.05081684914234,FQ (MAP)
15,1,156,55.36022845076919,FQ (MAP)
15,1,159,114.2959784296948,FQ (MAP)
15,1,161,77.94616694203664,FQ (MAP)
15,1,162,85.02938266675324,FQ (MAP)
15,1,163,95.66896230131074,FQ (MAP)
15,1,166,130.25299571935187,FQ (MAP)
15,1,168,137.15258966215376,FQ (MAP)
15,1,184,86.3946861956051,FQ (MAP)
15,1,187,132.1098105648871,FQ (MAP)
15,1,189,81.6802467326787,FQ (MAP)
15,1,190,84.02375176177131,FQ (MAP)
15,1,191,72.29031206721524,FQ (MAP)
15,1,194,91.37129382112894,FQ (MAP)
15,1,198,70.11938423394409,FQ (MAP)
15,1,0,48.64144965481268,True model
15,1,2,74.66472048842161,True model
15,1,4,132.3171939937503,True model
15,1,6,135.79471163830303,True model
15,1,10,139.5277374061702,True model
15,1,11,80.72637540014384,True model
15,1,22,135.35941754959822,True model
15,1,23,73.45179846845221,True model
15,1,25,138.4358060334411,True model
15,1,26,99.71106182710344,True model
15,1,27,62.32251049390613,True model
15,1,28,89.29916465291936,True model
15,1,32,135.57133258664336,True model
15,1,33,84.1825557135206,True model
15,1,36,131.8497494862253,True model
15,1,39,120.99324254505628,True model
15,1,40,127.65993801661708,True model
15,1,41,94.37006849209668,True model
15,1,44,128.0704723189761,True model
15,1,46,132.24599585465114,True model
15,1,47,121.47654667848974,True model
15,1,51,116.17704218191338,True model
15,1,61,136.2806762346729,True model
15,1,62,127.06155348601156,True model
15,1,64,83.66622377726458,True model
15,1,70,60.27383817423701,True model
15,1,77,133.5676780040449,True model
15,1,81,131.32402281748432,True model
15,1,85,88.85326828192117,True model
15,1,90,85.86612512139064,True model
15,1,94,115.456076832052,True model
15,1,100,132.9593733840263,True model
15,1,101,58.1958858480062,True model
15,1,108,91.37991027838504,True model
15,1,109,88.03529244907924,True model
15,1,111,136.83112945073032,True model
15,1,112,60.14864193394108,True model
15,1,113,91.3080628979418,True model
15,1,118,85.32441199350251,True model
15,1,120,62.035543960435525,True model
15,1,123,88.48535502386387,True model
15,1,127,127.83691051227407,True model
15,1,136,90.76200939922693,True model
15,1,139,71.5210655784587,True model
15,1,141,132.1834823972797,True model
15,1,142,80.20678753044956,True model
15,1,144,135.45970631106485,True model
15,1,145,106.10165888197798,True model
15,1,146,130.86263730392227,True model
15,1,147,119.30661595458383,True model
15,1,153,65.53356144954466,True model
15,1,154,90.65682674787,True model
15,1,155,129.7708390440269,True model
15,1,156,55.75068740795378,True model
15,1,159,114.51804773107082,True model
15,1,161,77.86534255788348,True model
15,1,162,85.8821857307924,True model
15,1,163,95.68625057329538,True model
15,1,166,130.2489017847967,True model
15,1,168,136.39456773435202,True model
15,1,184,87.30448923698562,True model
15,1,187,132.05815518203374,True model
15,1,189,81.82973875629497,True model
15,1,190,85.43462984680085,True model
15,1,191,73.26407797760629,True model
15,1,194,91.39957485182984,True model
15,1,198,69.50154544246702,True model
15,2,1,123.965367437542,Q (common fit)
15,2,3,124.86192829539758,Q (common fit)
15,2,7,98.0334763781226,Q (common fit)
15,2,8,126.4424157044856,Q (common fit)
15,2,13,148.56028768355912,Q (common fit)
15,2,14,102.85245013893656,Q (common fit)
15,2,17,92.98091189108727,Q (common fit)
15,2,20,139.1224200102397,Q (common fit)
15,2,21,134.8082989397349,Q (common fit)
15,2,34,126.7922417047722,Q (common fit)
15,2,37,108.34799384788468,Q (common fit)
15,2,43,95.42895295701504,Q (common fit)
15,2,48,133.61725363985312,Q (common fit)
15,2,49,140.13519467856028,Q (common fit)
15,2,50,131.51622549206903,Q (common fit)
15,2,52,121.516023883851,Q (common fit)
15,2,53,130.15385645137778,Q (common fit)
15,2,54,134.24177703793538,Q (common fit)
15,2,57,130.1069900211374,Q (common fit)
15,2,58,132.82120694051835,Q (common fit)
15,2,59,114.01979608903808,Q (common fit)
15,2,63,95.08694047345716,Q (common fit)
15,2,71,135.52800430688643,Q (common fit)
15,2,72,145.93918868957914,Q (common fit)
15,2,74,119.4345034189394,Q (common fit)
15,2,80,132.59260766901423,Q (common fit)
15,2,83,130.06908729269776,Q (common fit)
15,2,87,130.56268890231482,Q (common fit)
15,2,88,85.67635990590777,Q (common fit)
15,2,89,101.7496977888909,Q (common fit)
15,2,91,124.71395063509758,Q (common fit)
15,2,92,106.17880855408772,Q (common fit)
15,2,99,111.93277864674492,Q (common fit)
15,2,102,131.9689361026237,Q (common fit)
15,2,103,80.6752769310579,Q (common fit)
15,2,105,89.09152943939341,Q (common fit)
15,2,106,103.6921630498309,Q (common fit)
15,2,107,133.5284048396948,Q (common fit)
15,2,110,91.39965702018476,Q (common fit)
15,2,116,74.6176554141426,Q (common fit)
15,2,121,100.7557581694873,Q (common fit)
15,2,129,133.22150857145382,Q (common fit)
15,2,130,82.0454863157679,Q (common fit)
15,2,131,136.69118909823382,Q (common fit)
15,2,133,75.89100387106635,Q (common fit)
15,2,134,135.92471555028163,Q (common fit)
15,2,138,133.0067421800182,Q (common fit)
15,2,149,117.63501955809922,Q (common fit)
15,2,151,114.75045699319315,Q (common fit)
15,2,157,92.6494828795594,Q (common fit)
15,2,160,89.33695629177178,Q (common fit)
15,2,167,132.5779670968595,Q (common fit)
15,2,171,153.98872292753572,Q (common fit)
15,2,175,137.41019045492496,Q (common fit)
15,2,176,109.5639230381535,Q (common fit)
15,2,178,82.12514325112994,Q (common fit)
15,2,179,129.5600518670302,Q (common fit)
15,2,180,94.82837565631458,Q (common fit)
15,2,181,75.99577498130522,Q (common fit)
15,2,183,127.40850859275096,Q (common fit)
15,2,185,132.2582005098194,Q (common fit)
15,2,188,117.26203469751675,Q (common fit)
15,2,192,107.70792269749236,Q (common fit)
15,2,193,88.48724743349942,Q (common fit)
15,2,196,114.8308269217318,Q (common fit)
15,2,199,78.80319201098523,Q (common fit)
15,2,1,117.04583399162684,Q (MAP)
15,2,3,125.18614856637284,Q (MAP)
15,2,7,95.54945130784806,Q (MAP)
15,2,8,123.45178805194844,Q (MAP)
15,2,13,138.9301844227041,Q (MAP)
15,2,14,100.2632107908918,Q (MAP)
15,2,17,93.1223242798998,Q (MAP)
15,2,20,139.32322427160128,Q (MAP)
15,2,21,134.079749738237,Q (MAP)
15,2,34,118.55168240845992,Q (MAP)
15,2,37,93.52466112299552,Q (MAP)
15,2,43,89.0003956213228,Q (MAP)
15,2,48,133.57512978112382,Q (MAP)
15,2,49,140.84248095529657,Q (MAP)
15,2,50,130.12290925532977,Q (MAP)
15,2,52,114.28039854836476,Q (MAP)
15,2,53,127.9689782909563,Q (MAP)
15,2,54,128.74849056393649,Q (MAP)
15,2,57,128.25145685599307,Q (MAP)
15,2,58,114.18755868592194,Q (MAP)
15,2,59,112.39201360990133,Q (MAP)
15,2,63,93.80317233822169,Q (MAP)
15,2,71,136.2360140839861,Q (MAP)
15,2,72,138.40854342685623,Q (MAP)
15,2,74,118.21512928964069,Q (MAP)
15,2,80,132.11834779525336,Q (MAP)
15,2,83,115.4860628568313,Q (MAP)
15,2,87,129.54678736289625,Q (MAP)
15,2,88,79.86481011792647,Q (MAP)
15,2,89,100.17224329112965,Q (MAP)
15,2,91,122.4271819535465,Q (MAP)
15,2,92,104.5001676109705,Q (MAP)
15,2,99,112.58927037407268,Q (MAP)
15,2,102,132.47040254010463,Q (MAP)
15,2,103,80.30773850829821,Q (MAP)
15,2,105,85.93435314614904,Q (MAP)
15,2,106,102.60434831480444,Q (MAP)
15,2,107,132.9664543902074,Q (MAP)
15,2,110,85.37651805648082,Q (MAP)
15,2,116,67.40046666210064,Q (MAP)
15,2,121,87.67190315714312,Q (MAP)
15,2,129,132.58602921852705,Q (MAP)
15,2,130,80.96831975282002,Q (MAP)
15,2,131,136.03431644994654,Q (MAP)
15,2,133,74.21998948481361,Q (MAP)
15,2,134,135.72811048972272,Q (MAP)
15,2,138,129.78754887576935,Q (MAP)
15,2,149,110.72131551657908,Q (MAP)
15,2,151,114.28590791270766,Q (MAP)
15,2,157,86.53481125238963,Q (MAP)
15,2,160,87.5055117460857,Q (MAP)
15,2,167,131.59595161192797,Q (MAP)
15,2,171,132.78793685891964,Q (MAP)
15,2,175,131.7820280872724,Q (MAP)
15,2,176,102.22399190619932,Q (MAP)
15,2,178,76.79218599789805,Q (MAP)
15,2,179,128.47788976507408,Q (MAP)
15,2,180,93.77560077666088,Q (MAP)
15,2,181,69.5864031094761,Q (MAP)
15,2,183,120.57611173918788,Q (MAP)
15,2,185,129.16659430673562,Q (MAP)
15,2,188,115.684088612297,Q (MAP)
15,2,192,104.23444496650752,Q (MAP)
15,2,193,84.46584756089307,Q (MAP)
15,2,196,112.95242733986908,Q (MAP)
15,2,199,73.85237788178084,Q (MAP)
15,2,1,119.83443626330909,FQ (common fit)
15,2,3,67.71263135559192,FQ (common fit)
15,2,7,93.03153225589465,FQ (common fit)
15,2,8,126.42952332297286,FQ (common fit)
15,2,13,144.6333685394919,FQ (common fit)
15,2,14,96.16537635130628,FQ (common fit)
15,2,17,74.58607207208357,FQ (common fit)
15,2,20,128.51729585917172,FQ (common fit)
15,2,21,134.10331888758122,FQ (common fit)
15,2,34,122.41596845080976,FQ (common fit)
15,2,37,99.13351996661676,FQ (common fit)
15,2,43,78.91760573075005,FQ (common fit)
15,2,48,134.8490120232546,FQ (common fit)
15,2,49,137.666919400287,FQ (common fit)
15,2,50,131.71600969557826,FQ (common fit)
15,2,52,116.88911731994544,FQ (common fit)
15,2,53,129.24982644128266,FQ (common fit)
15,2,54,129.45341414698035,FQ (common fit)
15,2,57,131.4196647099365,FQ (common fit)
15,2,58,119.92303806975907,FQ (common fit)
15,2,59,84.29093758897784,FQ (common fit)
15,2,63,87.4923907890546,FQ (common fit)
15,2,71,134.79206795915275,FQ (common fit)
15,2,72,141.6281145865578,FQ (common fit)
15,2,74,117.84675337321828,FQ (common fit)
15,2,80,131.0118200228872,FQ (common fit)
15,2,83,111.62220455136614,FQ (common fit)
15,2,87,131.15267513286125,FQ (common fit)
15,2,88,70.70107768249736,FQ (common fit)
15,2,89,82.45968812073086,FQ (common fit)
15,2,91,120.5993466807895,FQ (common fit)
15,2,92,76.19872603870701,FQ (common fit)
15,2,99,108.58380350712538,FQ (common fit)
15,2,102,127.36630173722122,FQ (common fit)
15,2,103,77.26128862475345,FQ (common fit)
15,2,105,84.158154238386,FQ (common fit)
15,2,106,82.27936442198296,FQ (common fit)
15,2,107,132.43604477193784,FQ (common fit)
15,2,110,89.71080483938931,FQ (common fit)
15,2,116,60.321641722220136,FQ (common fit)
15,2,121,83.03265862021321,FQ (common fit)
15,2,129,130.99306784782542,FQ (common fit)
15,2,130,73.74151230581586,FQ (common fit)
15,2,131,133.4972982468784,FQ (common fit)
15,2,133,70.235461884743,FQ (common fit)
15,2,134,134.82757222904482,FQ (common fit)
15,2,138,112.14202930647774,FQ (common fit)
15,2,149,84.12471151392606,FQ (common fit)
15,2,151,84.72356220800228,FQ (common fit)
15,2,157,69.01684849495525,FQ (common fit)
15,2,160,82.25203681580957,FQ (common fit)
15,2,167,132.51951401663976,FQ (common fit)
15,2,171,155.4914610946119,FQ (common fit)
15,2,175,140.12460510528487,FQ (common fit)
15,2,176,82.0602286694822,FQ (common fit)
15,2,178,73.58956581380149,FQ (common fit)
15,2,179,131.31453592413516,FQ (common fit)
15,2,180,81.81854423880584,FQ (common fit)
15,2,181,73.64296760435553,FQ (common fit)
15,2,183,122.59229345243692,FQ (common fit)
15,2,185,127.2077776292872,FQ (common fit)
15,2,188,76.61326601716182,FQ (common fit)
15,2,192,85.04807935489274,FQ (common fit)
15,2,193,68.53195947918819,FQ (common fit)
15,2,196,80.57064405232225,FQ (common fit)
15,2,199,71.6112154623956,FQ (common fit)
15,2,1,115.59478742426798,FQ (MAP)
15,2,3,66.96073828776981,FQ (MAP)
15,2,7,92.42219166377114,FQ (MAP)
15,2,8,124.61841736307696,FQ (MAP)
15,2,13,138.47109894289608,FQ (MAP)
15,2,14,94.3514894863114,FQ (MAP)
15,2,17,74.4048836656008,FQ (MAP)
15,2,20,128.23270345578018,FQ (MAP)
15,2,21,133.9340371866806,FQ (MAP)
15,2,34,116.8662115691826,FQ (MAP)
15,2,37,90.81287312105484,FQ (MAP)
15,2,43,70.61010816946217,FQ (MAP)
15,2,48,134.6776864456386,FQ (MAP)
15,2,49,137.73800229493136,FQ (MAP)
15,2,50,130.75576803281598,FQ (MAP)
15,2,52,112.56689644308618,FQ (MAP)
15,2,53,127.51991972498992,FQ (MAP)
15,2,54,126.18250238365206,FQ (MAP)
15,2,57,127.9398085316967,FQ (MAP)
15,2,58,113.13621706487012,FQ (MAP)
15,2,59,83.24965173346041,FQ (MAP)
15,2,63,87.305759256164,FQ (MAP)
15,2,71,134.75207695046657,FQ (MAP)
15,2,72,139.50659784641914,FQ (MAP)
15,2,74,115.48011666639816,FQ (MAP)
15,2,80,130.58913492937234,FQ (MAP)
15,2,83,109.3472326138016,FQ (MAP)
15,2,87,130.99427912878056,FQ (MAP)
15,2,88,68.48946479043148,FQ (MAP)
15,2,89,82.17961792949075,FQ (MAP)
15,2,91,119.7872873750199,FQ (MAP)
15,2,92,73.35893382312662,FQ (MAP)
15,2,99,105.25833723330544,FQ (MAP)
15,2,102,127.30176162374268,FQ (MAP)
15,2,103,77.05614848761357,FQ (MAP)
15,2,105,82.43467345197051,FQ (MAP)
15,2,106,81.93571236682085,FQ (MAP)
15,2,107,132.211867902874,FQ (MAP)
15,2,110,85.58306197627057,FQ (MAP)
15,2,116,56.78384140225114,FQ (MAP)
15,2,121,70.50887512034635,FQ (MAP)
15,2,129,130.78094754124444,FQ (MAP)
15,2,130,73.39345083338972,FQ (MAP)
15,2,131,131.95663397266702,FQ (MAP)
15,2,133,69.22944034422993,FQ (MAP)
15,2,134,134.79091483921883,FQ (MAP)
15,2,138,111.45599848213018,FQ (MAP)
15,2,149,82.32588599141428,FQ (MAP)
15,2,151,80.23930900377307,FQ (MAP)
15,2,157,64.11229130857727,FQ (MAP)
15,2,160,82.62877983934538,FQ (MAP)
15,2,167,131.9921989744873,FQ (MAP)
15,2,171,135.31864205168762,FQ (MAP)
15,2,175,133.0823240440263,FQ (MAP)
15,2,176,77.6888004994284,FQ (MAP)
15,2,178,68.91163448773023,FQ (MAP)
15,2,179,128.64608386254625,FQ (MAP)
15,2,180,81.11185210943331,FQ (MAP)
15,2,181,66.23285416932511,FQ (MAP)
15,2,183,119.13928133857988,FQ (MAP)
15,2,185,125.89140265691712,FQ (MAP)
15,2,188,77.05650291270364,FQ (MAP)
15,2,192,80.79427073664672,FQ (MAP)
15,2,193,65.56760008210694,FQ (MAP)
15,2,196,80.21715926113951,FQ (MAP)
15,2,199,66.85085892685308,FQ (MAP)
15,2,1,114.57693964691694,True model
15,2,3,67.8373419426246,True model
15,2,7,92.58315312261576,True model
15,2,8,124.98171441820064,True model
15,2,13,140.16911165011334,True model
15,2,14,94.68095640854496,True model
15,2,17,74.66197753360592,True model
15,2,20,128.18871093561907,True model
15,2,21,136.15850382311365,True model
15,2,34,115.2805868528861,True model
15,2,37,90.64134452685188,True model
15,2,43,69.81509562018582,True model
15,2,48,135.16205698335597,True model
15,2,49,137.65474042116554,True model
15,2,50,130.1286275781796,True model
15,2,52,111.63332824560884,True model
15,2,53,126.47419462652238,True model
15,2,54,127.5762948458858,True model
15,2,57,127.78501438230198,True model
15,2,58,112.3105546899092,True model
15,2,59,83.4424727654478,True model
15,2,63,87.9101416421475,True model
15,2,71,134.44852089008634,True model
15,2,72,137.73358411476505,True model
15,2,74,115.2512962710804,True model
15,2,80,131.3286351415427,True model
15,2,83,108.27916663445288,True model
15,2,87,131.00719198001886,True model
15,2,88,69.15214384341829,True model
15,2,89,82.42716153335498,True model
15,2,91,119.95494350337316,True model
15,2,92,72.91356816358851,True model
15,2,99,105.26127890302376,True model
15,2,102,127.56100359397426,True model
15,2,103,77.13544484758565,True model
15,2,105,82.42737674476874,True model
15,2,106,82.01201246263338,True model
15,2,107,132.8320137556752,True model
15,2,110,86.77711106580522,True model
15,2,116,56.7840646443315,True model
15,2,121,69.82410498748209,True model
15,2,129,130.7713507395166,True model
15,2,130,73.42706745572087,True model
15,2,131,131.82085149839065,True model
15,2,133,69.48073112436902,True model
15,2,134,133.93656658455595,True model
15,2,138,111.88282207381911,True model
15,2,149,82.29995925719501,True model
15,2,151,80.30283052075747,True model
15,2,157,63.8193071826436,True model
15,2,160,82.53239406486458,True model
15,2,167,134.09068444507014,True model
15,2,171,138.01555066830838,True model
15,2,175,134.37099835434515,True model
15,2,176,77.71261549992326,True model
15,2,178,68.3668877605142,True model
15,2,179,128.29804726588603,True model
15,2,180,81.07605303744769,True model
15,2,181,66.080707984276,True model
15,2,183,118.1343599787907,True model
15,2,185,125.71827543369976,True model
15,2,188,76.96979359181037,True model
15,2,192,80.70504102655724,True model
15,2,193,65.57573617836141,True model
15,2,196,80.5972588895318,True model
15,2,199,66.50636091011897,True model
17,0,5,101.44562410490174,Q (common fit)
17,0,9,83.53219452713738,Q (common fit)
17,0,12,97.599119444674,Q (common fit)
17,0,15,139.89620447842245,Q (common fit)
17,0,16,72.06212155370176,Q (common fit)
17,0,18,72.93830040589016,Q (common fit)
17,0,19,87.09552554093027,Q (common fit)
17,0,24,81.17583381734559,Q (common fit)
17,0,29,141.14617099067712,Q (common fit)
17,0,30,131.0498512915469,Q (common fit)
17,0,31,144.06781252270028,Q (common fit)
17,0,35,130.54836412412644,Q (common fit)
17,0,38,105.39332462276089,Q (common fit)
17,0,42,137.48361687913211,Q (common fit)
17,0,45,103.5629383253842,Q (common fit)
17,0,55,126.57305237075089,Q (common fit)
17,0,56,136.22385150049115,Q (common fit)
17,0,60,98.76053847782298,Q (common fit)
17,0,65,95.76579821527024,Q (common fit)
17,0,66,112.42205103608887,Q (common fit)
17,0,67,98.09211940125506,Q (common fit)
17,0,68,134.17662153388645,Q (common fit)
17,0,69,90.12032683390356,Q (common fit)
17,0,73,91.26927340853322,Q (common fit)
17,0,75,106.74716737608196,Q (common fit)
17,0,76,97.10541533853232,Q (common fit)
17,0,78,136.88938661909754,Q (common fit)
17,0,79,136.8480239017213,Q (common fit)
17,0,82,103.06883068593082,Q (common fit)
17,0,84,134.1232523194111,Q (common fit)
17,0,86,131.95703675134254,Q (common fit)
17,0,93,99.9942224204413,Q (common fit)
17,0,95,133.6476471973011,Q (common fit)
17,0,96,97.10270725360262,Q (common fit)
17,0,97,78.34468890877515,Q (common fit)
17,0,98,125.23370242739176,Q (common fit)
17,0,104,128.60988717267378,Q (common fit)
17,0,114,106.46162593581867,Q (common fit)
17,0,115,129.42452912040278,Q (common fit)
17,0,117,100.72445987380918,Q (common fit)
17,0,119,134.97629058711252,Q (common fit)
17,0,122,112.28751041241192,Q (common fit)
17,0,124,99.3700964589795,Q (common fit)
17,0,125,139.89130480212043,Q (common fit)
17,0,126,103.963717872649,Q (common fit)
17,0,128,143.19870524588157,Q (common fit)
17,0,132,99.79759794005184,Q (common fit)
17,0,135,131.52936876317744,Q (common fit)
17,0,137,76.17758451328672,Q (common fit)
17,0,140,94.56465492616655,Q (common fit)
17,0,143,107.6544109846464,Q (common fit)
17,0,148,132.47911289644375,Q (common fit)
17,0,150,134.31599267344038,Q (common fit)
17,0,152,89.60874365506972,Q (common fit)
17,0,158,94.98552116334236,Q (common fit)
17,0,164,129.15686290067535,Q (common fit)
17,0,165,114.43815326533212,Q (common fit)
17,0,169,80.21604982748288,Q (common fit)
17,0,170,106.16305876243268,Q (common fit)
17,0,172,97.4467528628101,Q (common fit)
17,0,173,123.4554942712508,Q (common fit)
17,0,174,77.26907206126543,Q (common fit)
17,0,177,92.95576879778768,Q (common fit)
17,0,182,135.58757883343569,Q (common fit)
17,0,186,99.247000366028,Q (common fit)
17,0,195,129.17742765357417,Q (common fit)
17,0,197,137.29969191042733,Q (common fit)
17,0,5,97.1963143641108,Q (MAP)
17,0,9,76.13233635806559,Q (MAP)
17,0,12,96.24978891865096,Q (MAP)
17,0,15,137.8806988582379,Q (MAP)
17,0,16,67.89717227907785,Q (MAP)
17,0,18,71.1779205619541,Q (MAP)
17,0,19,82.05342716881972,Q (MAP)
17,0,24,80.02829982295377,Q (MAP)
17,0,29,137.32997299938637,Q (MAP)
17,0,30,130.405705761759,Q (MAP)
17,0,31,139.79260676840633,Q (MAP)
17,0,35,128.30502448175,Q (MAP)
17,0,38,104.66113802370188,Q (MAP)
17,0,42,115.97269288538578,Q (MAP)
17,0,45,103.1224366974396,Q (MAP)
17,0,55,125.17333717673762,Q (MAP)
17,0,56,120.6461552283396,Q (MAP)
17,0,60,94.9337280392432,Q (MAP)
17,0,65,95.72006402089106,Q (MAP)
17,0,66,112.78093011960624,Q (MAP)
17,0,67,85.67917587394145,Q (MAP)
17,0,68,128.01584981433928,Q (MAP)
17,0,69,82.73155910110792,Q (MAP)
17,0,73,83.93933091379307,Q (MAP)
17,0,75,106.91244507268574,Q (MAP)
17,0,76,91.03221704504377,Q (MAP)
17,0,78,137.39255367244564,Q (MAP)
17,0,79,132.35267570606734,Q (MAP)
17,0,82,101.18501265414666,Q (MAP)
17,0,84,129.6068936031505,Q (MAP)
17,0,86,130.7276018939343,Q (MAP)
17,0,93,91.80034669201083,Q (MAP)
17,0,95,130.48104209552338,Q (MAP)
17,0,96,92.11786016965596,Q (MAP)
17,0,97,75.57781430225293,Q (MAP)
17,0,98,111.29583504559292,Q (MAP)
17,0,104,126.55340701891292,Q (MAP)
17,0,114,105.05077666922618,Q (MAP)
17,0,115,127.16658547210042,Q (MAP)
17,0,117,93.60059850070338,Q (MAP)
17,0,119,134.03381779731455,Q (MAP)
17,0,122,108.46902829787432,Q (MAP)
17,0,124,98.37110491852935,Q (MAP)
17,0,125,140.2375628281096,Q (MAP)
17,0,126,99.775047946288,Q (MAP)
17,0,128,138.51975927486865,Q (MAP)
17,0,132,86.73981707418618,Q (MAP)
17,0,135,131.85071658468823,Q (MAP)
17,0,137,63.49883990800412,Q (MAP)
17,0,140,84.85324166062291,Q (MAP)
17,0,143,107.03833303118968,Q (MAP)
17,0,148,106.0345680057286,Q (MAP)
17,0,150,130.97971882544977,Q (MAP)
17,0,152,88.0912141754967,Q (MAP)
17,0,158,93.00075151102544,Q (MAP)
17,0,164,125.2663680308939,Q (MAP)
17,0,165,111.940012299477,Q (MAP)
17,0,169,78.34530668794636,Q (MAP)
17,0,170,107.09153958484886,Q (MAP)
17,0,172,91.91347087394942,Q (MAP)
17,0,173,122.16482498959132,Q (MAP)
17,0,174,75.23172943768209,Q (MAP)
17,0,177,92.5093750221287,Q (MAP)
17,0,182,133.32022839087716,Q (MAP)
17,0,186,97.45082311683936,Q (MAP)
17,0,195,129.04360364227483,Q (MAP)
17,0,197,136.8540586578059,Q (MAP)
17,0,5,87.6698010682332,FQ (common fit)
17,0,9,73.37764303256353,FQ (common fit)
17,0,12,80.10862904769198,FQ (common fit)
17,0,15,138.70372782103036,FQ (common fit)
17,0,16,53.02399419948544,FQ (common fit)
17,0,18,71.06449770250052,FQ (common fit)
17,0,19,75.97162334626803,FQ (common fit)
17,0,24,79.32754540337356,FQ (common fit)
17,0,29,142.66993372361864,FQ (common fit)
17,0,30,130.67170071268907,FQ (common fit)
17,0,31,142.96971556293872,FQ (common fit)
17,0,35,130.92120478683628,FQ (common fit)
17,0,38,75.26541806863473,FQ (common fit)
17,0,42,134.4192561200618,FQ (common fit)
17,0,45,84.22331592058869,FQ (common fit)
17,0,55,124.87590556030707,FQ (common fit)
17,0,56,92.77176834191332,FQ (common fit)
17,0,60,77.06895132892969,FQ (common fit)
17,0,65,61.27961922098107,FQ (common fit)
17,0,66,106.0084645075126,FQ (common fit)
17,0,67,88.04556400149694,FQ (common fit)
17,0,68,136.3811998308914,FQ (common fit)
17,0,69,75.24636564860315,FQ (common fit)
17,0,73,69.95983403867616,FQ (common fit)
17,0,75,90.36123630918178,FQ (common fit)
17,0,76,88.3730738405494,FQ (common fit)
17,0,78,132.7116952801759,FQ (common fit)
17,0,79,134.64752993948608,FQ (common fit)
17,0,82,100.6795977062542,FQ (common fit)
17,0,84,130.5288496195688,FQ (common fit)
17,0,86,130.0899289165505,FQ (common fit)
17,0,93,59.76583215722876,FQ (common fit)
17,0,95,126.52310620064058,FQ (common fit)
17,0,96,67.08463292520236,FQ (common fit)
17,0,97,71.85727024384528,FQ (common fit)
17,0,98,116.11190409682143,FQ (common fit)
17,0,104,122.26770484571884,FQ (common fit)
17,0,114,76.51256635419446,FQ (common fit)
17,0,115,124.95842198073582,FQ (common fit)
17,0,117,101.00186874264377,FQ (common fit)
17,0,119,135.341578885828,FQ (common fit)
17,0,122,75.87691367576713,FQ (common fit)
17,0,124,86.97171293967637,FQ (common fit)
17,0,125,139.7361993068998,FQ (common fit)
17,0,126,93.76685430190729,FQ (common fit)
17,0,128,140.218949556128,FQ (common fit)
17,0,132,95.56588750732158,FQ (common fit)
17,0,135,130.39573724563016,FQ (common fit)
17,0,137,54.67626657460134,FQ (common fit)
17,0,140,76.31273753831225,FQ (common fit)
17,0,143,92.49050634857868,FQ (common fit)
17,0,148,107.72558198065563,FQ (common fit)
17,0,150,133.80175176501157,FQ (common fit)
17,0,152,95.71772157612592,FQ (common fit)
17,0,158,93.3794470802519,FQ (common fit)
17,0,164,130.8177762549161,FQ (common fit)
17,0,165,102.91641637061316,FQ (common fit)
17,0,169,69.79905036831452,FQ (common fit)
17,0,170,91.62997711131968,FQ (common fit)
17,0,172,79.98124735399247,FQ (common fit)
17,0,173,85.42959252483881,FQ (common fit)
17,0,174,67.86329016702823,FQ (common fit)
17,0,177,85.85312860187993,FQ (common fit)
17,0,182,133.11707105740766,FQ (common fit)
17,0,186,84.6429691619041,FQ (common fit)
17,0,195,127.62848222465392,FQ (common fit)
17,0,197,136.59170704799544,FQ (common fit)
17,0,5,84.68495222417442,FQ (MAP)
17,0,9,67.69457231159981,FQ (MAP)
17,0,12,71.48434071762686,FQ (MAP)
17,0,15,137.80732521062993,FQ (MAP)
17,0,16,52.26681094024816,FQ (MAP)
17,0,18,70.88170329867623,FQ (MAP)
17,0,19,74.68522150018867,FQ (MAP)
17,0,24,77.95085428392905,FQ (MAP)
17,0,29,137.95535514739274,FQ (MAP)
17,0,30,130.34244585170947,FQ (MAP)
17,0,31,138.9688728463414,FQ (MAP)
17,0,35,129.5137157984124,FQ (MAP)
17,0,38,74.07375644373217,FQ (MAP)
17,0,42,113.86470053004304,FQ (MAP)
17,0,45,84.07078964346434,FQ (MAP)
17,0,55,123.21163684314978,FQ (MAP)
17,0,56,84.50378480040698,FQ (MAP)
17,0,60,76.01540915322644,FQ (MAP)
17,0,65,60.121145943988175,FQ (MAP)
17,0,66,103.45154616599235,FQ (MAP)
17,0,67,80.3442815098001,FQ (MAP)
17,0,68,126.96911290319636,FQ (MAP)
17,0,69,67.5918145543667,FQ (MAP)
17,0,73,61.32092316347559,FQ (MAP)
17,0,75,89.3273110497001,FQ (MAP)
17,0,76,86.4253751158012,FQ (MAP)
17,0,78,132.58129118871702,FQ (MAP)
17,0,79,131.85572275485637,FQ (MAP)
17,0,82,100.63783336982226,FQ (MAP)
17,0,84,129.50495610273867,FQ (MAP)
17,0,86,129.4649002545686,FQ (MAP)
17,0,93,59.13971027037943,FQ (MAP)
17,0,95,125.52550674417049,FQ (MAP)
17,0,96,66.15661899815665,FQ (MAP)
17,0,97,69.84860665881517,FQ (MAP)
17,0,98,106.54801198473947,FQ (MAP)
17,0,104,121.06913195291966,FQ (MAP)
17,0,114,76.65987499222447,FQ (MAP)
17,0,115,121.62898453347222,FQ (MAP)
17,0,117,92.33964124120884,FQ (MAP)
17,0,119,134.6855537707073,FQ (MAP)
17,0,122,74.36510330832277,FQ (MAP)
17,0,124,86.7358779752459,FQ (MAP)
17,0,125,139.64037847526998,FQ (MAP)
17,0,126,83.06021639395004,FQ (MAP)
17,0,128,136.01738812987676,FQ (MAP)
17,0,132,85.37235112281246,FQ (MAP)
17,0,135,130.5183158404322,FQ (MAP)
17,0,137,51.93318937623371,FQ (MAP)
17,0,140,61.58239846647873,FQ (MAP)
17,0,143,92.14462701032332,FQ (MAP)
17,0,148,95.0746890361668,FQ (MAP)
17,0,150,130.93528729605444,FQ (MAP)
17,0,152,89.84311914318896,FQ (MAP)
17,0,158,91.32625008844414,FQ (MAP)
17,0,164,125.45625709472598,FQ (MAP)
17,0,165,98.83454036357382,FQ (MAP)
17,0,169,67.72141949659733,FQ (MAP)
17,0,170,90.49934871324773,FQ (MAP)
17,0,172,78.28901911982042,FQ (MAP)
17,0,173,81.93813005949832,FQ (MAP)
17,0,174,66.93689339042132,FQ (MAP)
17,0,177,85.24632441804634,FQ (MAP)
17,0,182,131.98759546217576,FQ (MAP)
17,0,186,82.00361036122356,FQ (MAP)
17,0,195,126.63651678511856,FQ (MAP)
17,0,197,136.59184407321587,FQ (MAP)
17,0,5,84.47288464931381,True model
17,0,9,68.07809943794527,True model
17,0,12,71.26276059350347,True model
17,0,15,137.33951452923696,True model
17,0,16,52.90033180891611,True model
17,0,18,70.96929114889586,True model
17,0,19,74.78545124277571,True model
17,0,24,79.18939736143048,True model
17,0,29,137.0211063694283,True model
17,0,30,130.21932959937232,True model
17,0,31,138.93045221382167,True model
17,0,35,128.69087959098127,True model
17,0,38,74.39470913931547,True model
17,0,42,114.44317036667412,True model
17,0,45,84.7903769474897,True model
17,0,55,123.168686035515,True model
17,0,56,84.13878434876497,True model
17,0,60,76.1269408650136,True model
17,0,65,61.86521115585303,True model
17,0,66,103.0449632650099,True model
17,0,67,80.26421363143537,True model
17,0,68,126.44185270488242,True model
17,0,69,65.80348844697195,True model
17,0,73,61.26778280822835,True model
17,0,75,89.18270288840543,True model
17,0,76,85.86294637145163,True model
17,0,78,133.05333049080596,True model
17,0,79,131.2671955769427,True model
17,0,82,100.52523338033645,True model
17,0,84,129.59227882248524,True model
17,0,86,129.43940551819856,True model
17,0,93,59.44844727934061,True model
17,0,95,126.08747514344036,True model
17,0,96,66.25909855794778,True model
17,0,97,70.82846320834105,True model
17,0,98,106.29405431792046,True model
17,0,104,122.1620343642242,True model
17,0,114,76.86312306634716,True model
17,0,115,120.68927971011308,True model
17,0,117,93.70567865136604,True model
17,0,119,134.96690104543262,True model
17,0,122,74.38346085734025,True model
17,0,124,89.424891617603,True model
17,0,125,139.80800805153285,True model
17,0,126,83.89837164523061,True model
17,0,128,135.22928710868007,True model
17,0,132,85.88658337738957,True model
17,0,135,130.60977192008835,True model
17,0,137,51.79870285570984,True model
17,0,140,60.17563746597224,True model
17,0,143,94.6869352454221,True model
17,0,148,94.59740419446469,True model
17,0,150,129.57585357906078,True model
17,0,152,89.54436414133828,True model
17,0,158,91.17767865004524,True model
17,0,164,124.92904402326327,True model
17,0,165,98.02108915382176,True model
17,0,169,67.88686637857693,True model
17,0,170,90.31092793315102,True model
17,0,172,79.1550070058987,True model
17,0,173,81.89805404959245,True model
17,0,174,67.12571695173212,True model
17,0,177,85.30312293070827,True model
17,0,182,131.23563734573662,True model
17,0,186,81.78733972578658,True model
17,0,195,126.73604392961184,True model
17,0,197,135.31387765411122,True model
17,1,0,87.14466482063877,Q (common fit)
17,1,2,135.4594238312742,Q (common fit)
17,1,4,93.4342146611628,Q (common fit)
17,1,6,111.52051158651742,Q (common fit)
17,1,10,128.0716191721529,Q (common fit)
17,1,11,101.60733332793578,Q (common fit)
17,1,22,135.04814174778562,Q (common fit)
17,1,23,128.24850160265296,Q (common fit)
17,1,25,107.39440381340424,Q (common fit)
17,1,26,143.00693861358792,Q (common fit)
17,1,27,84.14992265049105,Q (common fit)
17,1,28,101.09027320489017,Q (common fit)
17,1,32,139.62450324045852,Q (common fit)
17,1,33,85.34997857000492,Q (common fit)
17,1,36,107.1326742817123,Q (common fit)
17,1,39,137.43980698130505,Q (common fit)
17,1,40,109.1606318062942,Q (common fit)
17,1,41,78.19739862306494,Q (common fit)
17,1,44,101.26211810971093,Q (common fit)
17,1,46,139.53335706083155,Q (common fit)
17,1,47,112.35316174024624,Q (common fit)
17,1,51,126.67257212885885,Q (common fit)
17,1,61,106.59945281062514,Q (common fit)
17,1,62,100.33215089993922,Q (common fit)
17,1,64,134.52017203561928,Q (common fit)
17,1,70,132.2990147594117,Q (common fit)
17,1,77,98.33345065141609,Q (common fit)
17,1,81,114.23840887237048,Q (common fit)
17,1,85,119.46017114359032,Q (common fit)
17,1,90,90.44695754182356,Q (common fit)
17,1,94,135.66327556840267,Q (common fit)
17,1,100,105.32659367922167,Q (common fit)
17,1,101,89.4196459181734,Q (common fit)
17,1,108,119.19343944868878,Q (common fit)
17,1,109,140.55423686525376,Q (common fit)
17,1,111,106.15104107093646,Q (common fit)
17,1,112,62.69976612761968,Q (common fit)
17,1,113,84.77420292815015,Q (common fit)
17,1,118,113.97248811615827,Q (common fit)
17,1,120,128.62393842344932,Q (common fit)
17,1,123,108.8367914721774,Q (common fit)
17,1,127,137.65827673927637,Q (common fit)
17,1,136,88.0084843792814,Q (common fit)
17,1,139,104.34767960654598,Q (common fit)
17,1,141,110.0794842666728,Q (common fit)
17,1,142,86.98918161244275,Q (common fit)
17,1,144,138.33134020203025,Q (common fit)
17,1,145,142.3087939479766,Q (common fit)
17,1,146,125.24832185423726,Q (common fit)
17,1,147,111.93168555663756,Q (common fit)
17,1,153,132.94160440877704,Q (common fit)
17,1,154,89.5531292862501,Q (common fit)
17,1,155,121.28852648916305,Q (common fit)
17,1,156,124.58630476849432,Q (common fit)
17,1,159,73.05188675332649,Q (common fit)
17,1,161,102.29870013043649,Q (common fit)
17,1,162,73.78014474987125,Q (common fit)
17,1,163,103.50696669294793,Q (common fit)
17,1,166,78.01985685807574,Q (common fit)
17,1,168,138.79238605621404,Q (common fit)
17,1,184,88.29548371414936,Q (common fit)
17,1,187,88.1085586806354,Q (common fit)
17,1,189,139.10950720144953,Q (common fit)
17,1,190,107.28399478412835,Q (common fit)
17,1,191,129.99411878627097,Q (common fit)
17,1,194,79.40776907475315,Q (common fit)
17,1,198,125.29335420208685,Q (common fit)
17,1,0,85.52298158335131,Q (MAP)
17,1,2,129.4819263787848,Q (MAP)
17,1,4,91.46601690091003,Q (MAP)
17,1,6,97.69167207097078,Q (MAP)
17,1,10,127.57776223032523,Q (MAP)
17,1,11,95.15550367574704,Q (MAP)
17,1,22,133.89313116462807,Q (MAP)
17,1,23,127.9934854104511,Q (MAP)
17,1,25,102.50570227840176,Q (MAP)
17,1,26,144.8432828357477,Q (MAP)
17,1,27,82.43520054598032,Q (MAP)
17,1,28,99.04410715082214,Q (MAP)
17,1,32,134.12183595136628,Q (MAP)
17,1,33,65.93249729758766,Q (MAP)
17,1,36,104.1647636709167,Q (MAP)
17,1,39,138.18398165089744,Q (MAP)
17,1,40,101.08889317568244,Q (MAP)
17,1,41,70.57764880682252,Q (MAP)
17,1,44,93.43477850582649,Q (MAP)
17,1,46,137.181378342027,Q (MAP)
17,1,47,110.71813614907823,Q (MAP)
17,1,51,123.8385973383008,Q (MAP)
17,1,61,103.68876991191772,Q (MAP)
17,1,62,99.68343209106185,Q (MAP)
17,1,64,135.49896833577006,Q (MAP)
17,1,70,130.06957791871147,Q (MAP)
17,1,77,87.56755021006023,Q (MAP)
17,1,81,117.34556621338146,Q (MAP)
17,1,85,114.78956644588278,Q (MAP)
17,1,90,84.08816970546573,Q (MAP)
17,1,94,131.9241922968501,Q (MAP)
17,1,100,95.96630895398866,Q (MAP)
17,1,101,90.91271229597776,Q (MAP)
17,1,108,110.47707961237168,Q (MAP)
17,1,109,140.3509900631084,Q (MAP)
17,1,111,97.62763435324943,Q (MAP)
17,1,112,46.951865583458265,Q (MAP)
17,1,113,84.57337235998408,Q (MAP)
17,1,118,107.55948024281784,Q (MAP)
17,1,120,126.21674429343152,Q (MAP)
17,1,123,94.82187669264349,Q (MAP)
17,1,127,127.09581391469357,Q (MAP)
17,1,136,87.04524611735815,Q (MAP)
17,1,139,99.7804558227138,Q (MAP)
17,1,141,97.7624484382243,Q (MAP)
17,1,142,80.90982844629585,Q (MAP)
17,1,144,131.077208348514,Q (MAP)
17,1,145,133.47498501846235,Q (MAP)
17,1,146,120.36523435721551,Q (MAP)
17,1,147,111.67482100058552,Q (MAP)
17,1,153,132.9734286381241,Q (MAP)
17,1,154,81.7726302538022,Q (MAP)
17,1,155,119.34268746606192,Q (MAP)
17,1,156,121.31182775340608,Q (MAP)
17,1,159,60.36612488461744,Q (MAP)
17,1,161,102.1406893066128,Q (MAP)
17,1,162,70.32139454501996,Q (MAP)
17,1,163,103.36804966301324,Q (MAP)
17,1,166,74.6586857871184,Q (MAP)
17,1,168,134.09563005549754,Q (MAP)
17,1,184,86.99661478291648,Q (MAP)
17,1,187,87.40520353474119,Q (MAP)
17,1,189,121.4827746900427,Q (MAP)
17,1,190,106.29375910345571,Q (MAP)
17,1,191,127.49458007657924,Q (MAP)
17,1,194,72.69599685320053,Q (MAP)
17,1,198,120.99705753222348,Q (MAP)
17,1,0,79.23681601411964,FQ (common fit)
17,1,2,129.20985924853392,FQ (common fit)
17,1,4,92.6976376316592,FQ (common fit)
17,1,6,97.40154082904418,FQ (common fit)
17,1,10,129.12574916550696,FQ (common fit)
17,1,11,94.40924395244798,FQ (common fit)
17,1,22,131.8166164846539,FQ (common fit)
17,1,23,126.87105127436736,FQ (common fit)
17,1,25,80.56624998242977,FQ (common fit)
17,1,26,140.11676839283035,FQ (common fit)
17,1,27,85.61902347497882,FQ (common fit)
17,1,28,91.04020246779032,FQ (common fit)
17,1,32,138.82111414286706,FQ (common fit)
17,1,33,71.97600862544344,FQ (common fit)
17,1,36,89.7857234178123,FQ (common fit)
17,1,39,133.535431344555,FQ (common fit)
17,1,40,99.210857933177,FQ (common fit)
17,1,41,59.47382597889447,FQ (common fit)
17,1,44,89.47280137942505,FQ (common fit)
17,1,46,135.28593211094014,FQ (common fit)
17,1,47,96.4840411257574,FQ (common fit)
17,1,51,126.3204559125599,FQ (common fit)
17,1,61,77.20318491417906,FQ (common fit)
17,1,62,82.81738806882005,FQ (common fit)
17,1,64,97.20821780582676,FQ (common fit)
17,1,70,131.2004283177059,FQ (common fit)
17,1,77,94.63356076034192,FQ (common fit)
17,1,81,95.92584269626018,FQ (common fit)
17,1,85,71.24856733183519,FQ (common fit)
17,1,90,82.29282131455551,FQ (common fit)
17,1,94,129.69664826306186,FQ (common fit)
17,1,100,100.77046560384474,FQ (common fit)
17,1,101,89.07561064517365,FQ (common fit)
17,1,108,106.63514556766722,FQ (common fit)
17,1,109,139.97522834088008,FQ (common fit)
17,1,111,91.2202325471962,FQ (common fit)
17,1,112,49.71352064315122,FQ (common fit)
17,1,113,81.53725816840935,FQ (common fit)
17,1,118,99.11588945096136,FQ (common fit)
17,1,120,127.3916209700342,FQ (common fit)
17,1,123,107.1057974655788,FQ (common fit)
17,1,127,127.64051104842189,FQ (common fit)
17,1,136,69.32407897374956,FQ (common fit)
17,1,139,70.50809141793725,FQ (common fit)
17,1,141,78.29001691800332,FQ (common fit)
17,1,142,64.40522150072293,FQ (common fit)
17,1,144,84.75529582720155,FQ (common fit)
17,1,145,138.56462873571306,FQ (common fit)
17,1,146,121.42532248784892,FQ (common fit)
17,1,147,98.86744471397984,FQ (common fit)
17,1,153,132.55374212247125,FQ (common fit)
17,1,154,83.19591793319584,FQ (common fit)
17,1,155,115.34520936135756,FQ (common fit)
17,1,156,118.80984432781122,FQ (common fit)
17,1,159,63.35715211406092,FQ (common fit)
17,1,161,86.10838108453093,FQ (common fit)
17,1,162,59.87320062803259,FQ (common fit)
17,1,163,66.0878276310114,FQ (common fit)
17,1,166,69.91210992338489,FQ (common fit)
17,1,168,139.56871970883702,FQ (common fit)
17,1,184,83.24280913956935,FQ (common fit)
17,1,187,82.81074448032916,FQ (common fit)
17,1,189,105.59000131410922,FQ (common fit)
17,1,190,100.1492750583868,FQ (common fit)
17,1,191,125.95067796201066,FQ (common fit)
17,1,194,68.51829754273119,FQ (common fit)
17,1,198,124.19593011292504,FQ (common fit)
17,1,0,78.64536596057845,FQ (MAP)
17,1,2,127.94280271133206,FQ (MAP)
17,1,4,88.18271975951946,FQ (MAP)
17,1,6,92.56917698164976,FQ (MAP)
17,1,10,126.59728031115613,FQ (MAP)
17,1,11,84.88595626549821,FQ (MAP)
17,1,22,132.65878166186917,FQ (MAP)
17,1,23,126.10478027472207,FQ (MAP)
17,1,25,76.70884436263299,FQ (MAP)
17,1,26,140.2654442226552,FQ (MAP)
17,1,27,85.6063841645041,FQ (MAP)
17,1,28,89.1279616832893,FQ (MAP)
17,1,32,135.69149027376963,FQ (MAP)
17,1,33,66.04648378387205,FQ (MAP)
17,1,36,89.43297857022426,FQ (MAP)
17,1,39,133.4755053200877,FQ (MAP)
17,1,40,95.88612757685436,FQ (MAP)
17,1,41,59.01498631395226,FQ (MAP)
17,1,44,87.86879173147791,FQ (MAP)
17,1,46,132.97043300011157,FQ (MAP)
17,1,47,96.10331013816612,FQ (MAP)
17,1,51,124.81622037501197,FQ (MAP)
17,1,61,76.5060631308298,FQ (MAP)
17,1,62,80.1802064725849,FQ (MAP)
17,1,64,95.56074102220704,FQ (MAP)
17,1,70,129.66010147490522,FQ (MAP)
17,1,77,86.69531825746058,FQ (MAP)
17,1,81,95.91111603070956,FQ (MAP)
17,1,85,68.04448160547967,FQ (MAP)
17,1,90,76.68889133794154,FQ (MAP)
17,1,94,128.2637419596324,FQ (MAP)
17,1,100,91.73583717043824,FQ (MAP)
17,1,101,90.04509544139168,FQ (MAP)
17,1,108,99.7015541185624,FQ (MAP)
17,1,109,139.47899545945694,FQ (MAP)
17,1,111,85.7918214576454,FQ (MAP)
17,1,112,44.807087330040005,FQ (MAP)
17,1,113,81.4556486013886,FQ (MAP)
17,1,118,90.33186528827096,FQ (MAP)
17,1,120,126.34328192782353,FQ (MAP)
17,1,123,92.25493734903884,FQ (MAP)
17,1,127,124.54015956849636,FQ (MAP)
17,1,136,68.97900364695634,FQ (MAP)
17,1,139,69.20384554694407,FQ (MAP)
17,1,141,74.44009810231742,FQ (MAP)
17,1,142,61.90448981967195,FQ (MAP)
17,1,144,84.21040458686238,FQ (MAP)
17,1,145,133.47771071949168,FQ (MAP)
17,1,146,118.39766950379048,FQ (MAP)
17,1,147,97.45198728696056,FQ (MAP)
17,1,153,132.349630644469,FQ (MAP)
17,1,154,76.51029878119327,FQ (MAP)
17,1,155,114.04594834525184,FQ (MAP)
17,1,156,117.40258231149215,FQ (MAP)
17,1,159,61.19929358859002,FQ (MAP)
17,1,161,86.40102387312375,FQ (MAP)
17,1,162,54.30519909704177,FQ (MAP)
17,1,163,63.44151734793957,FQ (MAP)
17,1,166,67.65192935348962,FQ (MAP)
17,1,168,135.55425579154695,FQ (MAP)
17,1,184,80.8879068282519,FQ (MAP)
17,1,187,82.96712853858095,FQ (MAP)
17,1,189,103.58021601607685,FQ (MAP)
17,1,190,97.94087257271086,FQ (MAP)
17,1,191,124.61956883024158,FQ (MAP)
17,1,194,65.746276198706,FQ (MAP)
17,1,198,121.29967352643637,FQ (MAP)
17,1,0,78.65232818003872,True model
17,1,2,127.46057915891888,True model
17,1,4,88.05659729094978,True model
17,1,6,92.420050951654,True model
17,1,10,128.35246986330657,True model
17,1,11,83.14095432106598,True model
17,1,22,132.76612475807818,True model
17,1,23,126.19164457382917,True model
17,1,25,76.27867861530058,True model
17,1,26,139.86802150781233,True model
17,1,27,85.5734860555622,True model
17,1,28,89.57700437515904,True model
17,1,32,134.70518044319664,True model
17,1,33,64.95338590930572,True model
17,1,36,89.51447973996491,True model
17,1,39,133.73883330598636,True model
17,1,40,96.4533211284971,True model
17,1,41,59.1386912824658,True model
17,1,44,87.77325225501453,True model
17,1,46,133.49251867717055,True model
17,1,47,96.20196169604114,True model
17,1,51,124.32268816480456,True model
17,1,61,76.74087051466998,True model
17,1,62,80.53273044431734,True model
17,1,64,95.35277790112846,True model
17,1,70,129.0719186176434,True model
17,1,77,86.37249692637272,True model
17,1,81,95.50994068183518,True model
17,1,85,68.40297731497797,True model
17,1,90,77.08462767741945,True model
17,1,94,127.85399630764653,True model
17,1,100,91.96270034270292,True model
17,1,101,89.7872098819858,True model
17,1,108,100.8535991456314,True model
17,1,109,138.75738752155002,True model
17,1,111,85.63402705117605,True model
17,1,112,44.60603301190867,True model
17,1,113,82.3351203224161,True model
17,1,118,89.40801764910526,True model
17,1,120,126.30817044274072,True model
17,1,123,94.5180781731002,True model
17,1,127,123.62608019909744,True model
17,1,136,68.98955107773406,True model
17,1,139,72.6342006038053,True model
17,1,141,74.57931454692294,True model
17,1,142,63.28872996998552,True model
17,1,144,85.10929783124845,True model
17,1,145,132.6154157070285,True model
17,1,146,119.36702167765549,True model
17,1,147,99.908675549385,True model
17,1,153,132.54061004700708,True model
17,1,154,76.65455620836352,True model
17,1,155,113.57818144343464,True model
17,1,156,117.31156198699207,True model
17,1,159,61.07620509201703,True model
17,1,161,87.36442694416289,True model
17,1,162,56.08026724316663,True model
17,1,163,64.77928770766073,True model
17,1,166,67.84126501096094,True model
17,1,168,134.40844419528355,True model
17,1,184,80.79382932571829,True model
17,1,187,82.88536161014659,True model
17,1,189,103.37811250338972,True model
17,1,190,98.04473887956073,True model
17,1,191,124.05806910658043,True model
17,1,194,66.35867345466987,True model
17,1,198,120.2361640361716,True model
17,2,1,92.45690568937722,Q (common fit)
17,2,3,137.83343470977675,Q (common fit)
17,2,7,131.0247044504754,Q (common fit)
17,2,8,85.26221228029388,Q (common fit)
17,2,13,137.32619740464955,Q (common fit)
17,2,14,131.64902860792603,Q (common fit)
17,2,17,97.4517990387614,Q (common fit)
17,2,20,90.942011848184,Q (common fit)
17,2,21,90.36742820743808,Q (common fit)
17,2,34,133.99168465484752,Q (common fit)
17,2,37,89.76773131902354,Q (common fit)
17,2,43,107.04026773042052,Q (common fit)
17,2,48,119.79095266661712,Q (common fit)
17,2,49,106.36779281475845,Q (common fit)
17,2,50,101.89992306962812,Q (common fit)
17,2,52,100.31735688268512,Q (common fit)
17,2,53,128.72470222086568,Q (common fit)
17,2,54,101.60662902210548,Q (common fit)
17,2,57,129.62347902487474,Q (common fit)
17,2,58,117.85098924600148,Q (common fit)
17,2,59,85.72154932799259,Q (common fit)
17,2,63,82.04650985092708,Q (common fit)
17,2,71,129.1713706771349,Q (common fit)
17,2,72,123.89297717983922,Q (common fit)
17,2,74,90.5620684772825,Q (common fit)
17,2,80,91.53078423857718,Q (common fit)
17,2,83,105.69390579519344,Q (common fit)
17,2,87,135.70968140683027,Q (common fit)
17,2,88,136.58482194869578,Q (common fit)
17,2,89,129.0907454958534,Q (common fit)
17,2,91,117.18054940372024,Q (common fit)
17,2,92,76.08120195193959,Q (common fit)
17,2,99,116.04361827858288,Q (common fit)
17,2,102,135.67305834522892,Q (common fit)
17,2,103,69.58153985372222,Q (common fit)
17,2,105,109.38303902124298,Q (common fit)
17,2,106,82.3024120700908,Q (common fit)
17,2,107,115.56109164434382,Q (common fit)
17,2,110,131.35714326005134,Q (common fit)
17,2,116,92.24085632963548,Q (common fit)
17,2,121,95.60398430700118,Q (common fit)
17,2,129,106.22671072051796,Q (common fit)
17,2,130,130.55429110174867,Q (common fit)
17,2,131,85.97190961924304,Q (common fit)
17,2,133,132.71027794999063,Q (common fit)
17,2,134,82.65396700609871,Q (common fit)
17,2,138,88.56102203044044,Q (common fit)
17,2,149,138.46288974359095,Q (common fit)
17,2,151,128.83078109083075,Q (common fit)
17,2,157,81.28952232846768,Q (common fit)
17,2,160,109.00168761863306,Q (common fit)
17,2,167,133.45527133822398,Q (common fit)
17,2,171,128.3699374640261,Q (common fit)
17,2,175,106.32207953784462,Q (common fit)
17,2,176,136.40616061850815,Q (common fit)
17,2,178,131.20245070985652,Q (common fit)
17,2,179,102.57191109266324,Q (common fit)
17,2,180,112.31222285611818,Q (common fit)
17,2,181,136.82365892974067,Q (common fit)
17,2,183,73.0556120618712,Q (common fit)
17,2,185,129.88404318223084,Q (common fit)
17,2,188,77.84757673769974,Q (common fit)
17,2,192,132.95612406413633,Q (common fit)
17,2,193,96.53750773502422,Q (common fit)
17,2,196,108.60923937285854,Q (common fit)
17,2,199,102.23930579786187,Q (common fit)
17,2,1,88.04537019109902,Q (MAP)
17,2,3,138.1100107965243,Q (MAP)
17,2,7,128.844846266733,Q (MAP)
17,2,8,81.05556855357051,Q (MAP)
17,2,13,131.84241396923372,Q (MAP)
17,2,14,131.0811916700085,Q (MAP)
17,2,17,94.03629989499332,Q (MAP)
17,2,20,89.94907952006054,Q (MAP)
17,2,21,87.14667097169345,Q (MAP)
17,2,34,129.48024447284243,Q (MAP)
17,2,37,82.01521366346833,Q (MAP)
17,2,43,101.9371837763417,Q (MAP)
17,2,48,116.4590447286123,Q (MAP)
17,2,49,105.29236456389812,Q (MAP)
17,2,50,99.79533771045534,Q (MAP)
17,2,52,99.24907837696286,Q (MAP)
17,2,53,125.17949634371362,Q (MAP)
17,2,54,99.5131356898663,Q (MAP)
17,2,57,130.01635253166648,Q (MAP)
17,2,58,115.51974074974036,Q (MAP)
17,2,59,86.39863086171057,Q (MAP)
17,2,63,80.96989907852372,Q (MAP)
17,2,71,128.37659090192733,Q (MAP)
17,2,72,108.07783540964226,Q (MAP)
17,2,74,82.9307504348266,Q (MAP)
17,2,80,83.17462312282734,Q (MAP)
17,2,83,93.6721134293269,Q (MAP)
17,2,87,136.14121823380276,Q (MAP)
17,2,88,136.44991894405825,Q (MAP)
17,2,89,127.79452319561771,Q (MAP)
17,2,91,118.77277440514612,Q (MAP)
17,2,92,64.83495547072589,Q (MAP)
17,2,99,109.4260257774198,Q (MAP)
17,2,102,130.235399750172,Q (MAP)
17,2,103,67.80994545427274,Q (MAP)
17,2,105,106.2680688157873,Q (MAP)
17,2,106,81.83778784074636,Q (MAP)
17,2,107,115.87482510847197,Q (MAP)
17,2,110,131.7748266297611,Q (MAP)
17,2,116,93.1960066316258,Q (MAP)
17,2,121,84.50763168748155,Q (MAP)
17,2,129,108.23836123473208,Q (MAP)
17,2,130,130.28899311552755,Q (MAP)
17,2,131,82.95226996499423,Q (MAP)
17,2,133,132.66612917557552,Q (MAP)
17,2,134,73.45924445671197,Q (MAP)
17,2,138,88.93275697707111,Q (MAP)
17,2,149,136.35460037241262,Q (MAP)
17,2,151,128.90774271726508,Q (MAP)
17,2,157,76.8365653228952,Q (MAP)
17,2,160,108.31639541100232,Q (MAP)
17,2,167,133.74485121551388,Q (MAP)
17,2,171,125.68118578116062,Q (MAP)
17,2,175,96.65706786594912,Q (MAP)
17,2,176,137.21401527599122,Q (MAP)
17,2,178,130.51369500489972,Q (MAP)
17,2,179,99.65612600259574,Q (MAP)
17,2,180,108.2659789811536,Q (MAP)
17,2,181,136.89769833835368,Q (MAP)
17,2,183,66.62240728884295,Q (MAP)
17,2,185,128.43633598311686,Q (MAP)
17,2,188,75.19582918118934,Q (MAP)
17,2,192,130.56431523571948,Q (MAP)
17,2,193,92.6178319424262,Q (MAP)
17,2,196,105.6651038212436,Q (MAP)
17,2,199,87.20023954925294,Q (MAP)
17,2,1,76.50244203848584,FQ (common fit)
17,2,3,132.15284779921726,FQ (common fit)
17,2,7,128.72227363121402,FQ (common fit)
17,2,8,79.33506195799383,FQ (common fit)
17,2,13,135.17894904867518,FQ (common fit)
17,2,14,131.96172020439332,FQ (common fit)
17,2,17,86.73427075284674,FQ (common fit)
17,2,20,71.32066583106882,FQ (common fit)
17,2,21,71.63466478926387,FQ (common fit)
17,2,34,131.9750849694973,FQ (common fit)
17,2,37,85.84243219868578,FQ (common fit)
17,2,43,89.50193350745653,FQ (common fit)
17,2,48,115.34383541673292,FQ (common fit)
17,2,49,108.5541804528168,FQ (common fit)
17,2,50,84.98825683050927,FQ (common fit)
17,2,52,89.4092872665598,FQ (common fit)
17,2,53,124.66328988161902,FQ (common fit)
17,2,54,89.56807051616998,FQ (common fit)
17,2,57,125.56391011781822,FQ (common fit)
17,2,58,125.68517228844084,FQ (common fit)
17,2,59,77.37333121373709,FQ (common fit)
17,2,63,75.3866367789958,FQ (common fit)
17,2,71,125.64649770541332,FQ (common fit)
17,2,72,117.74423344041683,FQ (common fit)
17,2,74,71.27327621316292,FQ (common fit)
17,2,80,77.28141650083813,FQ (common fit)
17,2,83,100.4258052553169,FQ (common fit)
17,2,87,130.05355516782845,FQ (common fit)
17,2,88,136.16373926405262,FQ (common fit)
17,2,89,127.0158555778898,FQ (common fit)
17,2,91,62.18761096437965,FQ (common fit)
17,2,92,45.44832790556246,FQ (common fit)
17,2,99,106.1866911857622,FQ (common fit)
17,2,102,131.66164623844648,FQ (common fit)
17,2,103,64.22216056954888,FQ (common fit)
17,2,105,84.79966351524696,FQ (common fit)
17,2,106,79.29849663140855,FQ (common fit)
17,2,107,69.58814250525138,FQ (common fit)
17,2,110,132.53582807651514,FQ (common fit)
17,2,116,77.30259711513308,FQ (common fit)
17,2,121,69.91053381651122,FQ (common fit)
17,2,129,91.6145079053234,FQ (common fit)
17,2,130,130.70085792671978,FQ (common fit)
17,2,131,68.87598076475572,FQ (common fit)
17,2,133,131.61046025622414,FQ (common fit)
17,2,134,75.34748777333436,FQ (common fit)
17,2,138,85.97132806329952,FQ (common fit)
17,2,149,127.51053714376629,FQ (common fit)
17,2,151,124.99567734495496,FQ (common fit)
17,2,157,76.279885527919,FQ (common fit)
17,2,160,68.55161607846591,FQ (common fit)
17,2,167,131.75934586366435,FQ (common fit)
17,2,171,131.33595601520412,FQ (common fit)
17,2,175,93.24679585124515,FQ (common fit)
17,2,176,126.03855043565466,FQ (common fit)
17,2,178,128.94581717396622,FQ (common fit)
17,2,179,78.10587929114551,FQ (common fit)
17,2,180,78.78347677897982,FQ (common fit)
17,2,181,137.91340370156078,FQ (common fit)
17,2,183,62.37125658079067,FQ (common fit)
17,2,185,128.59841209319683,FQ (common fit)
17,2,188,54.374441917405605,FQ (common fit)
17,2,192,130.3842355082166,FQ (common fit)
17,2,193,89.02346758809986,FQ (common fit)
17,2,196,87.66057237508521,FQ (common fit)
17,2,199,80.18421205878062,FQ (common fit)
17,2,1,69.31412310170272,FQ (MAP)
17,2,3,132.27117503316452,FQ (MAP)
17,2,7,127.93851060496311,FQ (MAP)
17,2,8,78.32922662883253,FQ (MAP)
17,2,13,131.5855557541292,FQ (MAP)
17,2,14,131.52059825613327,FQ (MAP)
17,2,17,86.41378429446333,FQ (MAP)
17,2,20,69.06046781587564,FQ (MAP)
17,2,21,67.22835709095183,FQ (MAP)
17,2,34,129.36200216732647,FQ (MAP)
17,2,37,78.61053985842909,FQ (MAP)
17,2,43,82.41886771362039,FQ (MAP)
17,2,48,114.65439894916628,FQ (MAP)
17,2,49,104.40115862668333,FQ (MAP)
17,2,50,79.85062650527158,FQ (MAP)
17,2,52,85.87586403518694,FQ (MAP)
17,2,53,122.47179434695994,FQ (MAP)
17,2,54,89.99122295162897,FQ (MAP)
17,2,57,124.6140960353714,FQ (MAP)
17,2,58,108.45229107442034,FQ (MAP)
17,2,59,76.43931382529398,FQ (MAP)
17,2,63,74.82119327835453,FQ (MAP)
17,2,71,125.64328077736133,FQ (MAP)
17,2,72,105.75185247520196,FQ (MAP)
17,2,74,70.24311338754067,FQ (MAP)
17,2,80,75.10021650988021,FQ (MAP)
17,2,83,92.69532078643236,FQ (MAP)
17,2,87,129.61278940440442,FQ (MAP)
17,2,88,136.1239279753737,FQ (MAP)
17,2,89,125.77678095180468,FQ (MAP)
17,2,91,57.78751908751048,FQ (MAP)
17,2,92,42.49473789531082,FQ (MAP)
17,2,99,102.85538206856056,FQ (MAP)
17,2,102,129.67156350797987,FQ (MAP)
17,2,103,63.47775991707328,FQ (MAP)
17,2,105,82.82719324667366,FQ (MAP)
17,2,106,78.50369241905268,FQ (MAP)
17,2,107,63.11891684848168,FQ (MAP)
17,2,110,131.65031569138247,FQ (MAP)
17,2,116,75.41301903576223,FQ (MAP)
17,2,121,62.539788291194085,FQ (MAP)
17,2,129,90.89098844961832,FQ (MAP)
17,2,130,130.5149722608275,FQ (MAP)
17,2,131,66.01824583745216,FQ (MAP)
17,2,133,131.63796350212849,FQ (MAP)
17,2,134,70.10996246583899,FQ (MAP)
17,2,138,85.41661607127847,FQ (MAP)
17,2,149,127.45523150531936,FQ (MAP)
17,2,151,124.87249095545562,FQ (MAP)
17,2,157,75.57537484397899,FQ (MAP)
17,2,160,68.19184474001698,FQ (MAP)
17,2,167,130.6367772477907,FQ (MAP)
17,2,171,127.3207810332744,FQ (MAP)
17,2,175,91.63975317915886,FQ (MAP)
17,2,176,123.7010625506346,FQ (MAP)
17,2,178,126.85200314582512,FQ (MAP)
17,2,179,75.4103486963287,FQ (MAP)
17,2,180,77.25643456504126,FQ (MAP)
17,2,181,135.94894857150305,FQ (MAP)
17,2,183,60.19012643368652,FQ (MAP)
17,2,185,127.63937556057236,FQ (MAP)
17,2,188,52.96207888886829,FQ (MAP)
17,2,192,129.3656959607331,FQ (MAP)
17,2,193,88.53719399210516,FQ (MAP)
17,2,196,84.61202472863842,FQ (MAP)
17,2,199,75.53778541166139,FQ (MAP)
17,2,1,68.32374922154892,True model
17,2,3,132.61584697042412,True model
17,2,7,128.4620994012607,True model
17,2,8,78.27451869952894,True model
17,2,13,132.02034702065774,True model
17,2,14,131.43464184335485,True model
17,2,17,86.39480429381413,True model
17,2,20,69.00208965261352,True model
17,2,21,67.65579484403848,True model
17,2,34,127.5116542091497,True model
17,2,37,78.31793905765204,True model
17,2,43,81.44635017923147,True model
17,2,48,114.62256910718943,True model
17,2,49,104.30793199003725,True model
17,2,50,80.06860556861997,True model
17,2,52,85.291191839446,True model
17,2,53,122.43921873584463,True model
17,2,54,90.96432069862922,True model
17,2,57,124.7048089413069,True model
17,2,58,108.06423680172736,True model
17,2,59,76.41816456093166,True model
17,2,63,75.74330406289032,True model
17,2,71,126.8777545326669,True model
17,2,72,104.98712872126777,True model
17,2,74,71.06382580775389,True model
17,2,80,75.60474852390584,True model
17,2,83,92.22481735977811,True model
17,2,87,129.50931183782063,True model
17,2,88,136.2962003771218,True model
17,2,89,126.80483913050858,True model
17,2,91,57.5917285753894,True model
17,2,92,42.58120564784236,True model
17,2,99,102.6830858453921,True model
17,2,102,130.3260196726232,True model
17,2,103,63.47857657623423,True model
17,2,105,83.34538195007153,True model
17,2,106,78.7826273076488,True model
17,2,107,62.91165021074811,True model
17,2,110,131.61252836599266,True model
17,2,116,75.36112973912833,True model
17,2,121,61.75153149912207,True model
17,2,129,91.59045122995715,True model
17,2,130,130.5709682451399,True model
17,2,131,66.14688571859202,True model
17,2,133,131.59264544562814,True model
17,2,134,69.21973948816999,True model
17,2,138,86.78362847596708,True model
17,2,149,127.6429901566352,True model
17,2,151,126.07215567580177,True model
17,2,157,77.10519593234297,True model
17,2,160,68.1845875902294,True model
17,2,167,130.3862653086693,True model
17,2,171,127.77203027603102,True model
17,2,175,91.49399701657704,True model
17,2,176,123.52015710969312,True model
17,2,178,125.66286201710074,True model
17,2,179,76.66069806791168,True model
17,2,180,77.5376910232225,True model
17,2,181,135.28473341183363,True model
17,2,183,60.487472789371736,True model
17,2,185,127.44242255267454,True model
17,2,188,53.77988554735292,True model
17,2,192,128.93266273616965,True model
17,2,193,88.59918106104894,True model
17,2,196,84.35991806958467,True model
17,2,199,75.16237753452359,True model
1,0,5,83.74117243132974,Q (common fit)
1,0,9,101.03746073504756,Q (common fit)
1,0,12,104.17503213290432,Q (common fit)
1,0,15,76.19241113452406,Q (common fit)
1,0,16,131.8897945842759,Q (common fit)
1,0,18,136.59006757934606,Q (common fit)
1,0,19,129.350129964369,Q (common fit)
1,0,24,103.86740936215884,Q (common fit)
1,0,29,128.55163563659076,Q (common fit)
1,0,30,124.974484816335,Q (common fit)
1,0,31,148.48029347949637,Q (common fit)
1,0,35,103.15029683545478,Q (common fit)
1,0,38,90.01125176711395,Q (common fit)
1,0,42,146.5267652082418,Q (common fit)
1,0,45,103.9259477846674,Q (common fit)
1,0,55,134.3567681561235,Q (common fit)
1,0,56,122.95734631796248,Q (common fit)
1,0,60,115.61327167216992,Q (common fit)
1,0,65,134.9882029488206,Q (common fit)
1,0,66,124.24240871953464,Q (common fit)
1,0,67,88.19088784784289,Q (common fit)
1,0,68,141.6924906606074,Q (common fit)
1,0,69,91.78100660140204,Q (common fit)
1,0,73,130.6900790964345,Q (common fit)
1,0,75,84.43005199316751,Q (common fit)
1,0,76,75.47615488658012,Q (common fit)
1,0,78,127.19329911683532,Q (common fit)
1,0,79,143.53187244193214,Q (common fit)
1,0,82,145.8053783134297,Q (common fit)
1,0,84,134.08050474051927,Q (common fit)
1,0,86,108.1120878469576,Q (common fit)
1,0,93,110.1685114602132,Q (common fit)
1,0,95,85.82490432613571,Q (common fit)
1,0,96,99.61338194551992,Q (common fit)
1,0,97,92.15500799863167,Q (common fit)
1,0,98,153.81128330287726,Q (common fit)
1,0,104,136.91966468816074,Q (common fit)
1,0,114,80.82238356219435,Q (common fit)
1,0,115,125.0286660840655,Q (common fit)
1,0,117,112.74161759952575,Q (common fit)
1,0,119,101.8408527030646,Q (common fit)
1,0,122,113.19408565596864,Q (common fit)
1,0,124,129.44177990392564,Q (common fit)
1,0,125,92.23774819440143,Q (common fit)
1,0,126,98.65523701970346,Q (common fit)
1,0,128,127.58255664478882,Q (common fit)
1,0,132,130.44906633077832,Q (common fit)
1,0,135,140.77591232796,Q (common fit)
1,0,137,132.09650909388114,Q (common fit)
1,0,140,101.76674149068872,Q (common fit)
1,0,143,116.1770371732576,Q (common fit)
1,0,148,116.94984385244976,Q (common fit)
1,0,150,132.09689573781037,Q (common fit)
1,0,152,111.63772497020784,Q (common fit)
1,0,158,133.8817632196933,Q (common fit)
1,0,164,127.90763845590996,Q (common fit)
1,0,165,104.40759624367516,Q (common fit)
1,0,169,132.7259626691095,Q (common fit)
1,0,170,134.7425260906868,Q (common fit)
1,0,172,78.42224753117284,Q (common fit)
1,0,173,133.17719407866352,Q (common fit)
1,0,174,120.78912938499228,Q (common fit)
1,0,177,126.9378128932121,Q (common fit)
1,0,182,122.36926807042086,Q (common fit)
1,0,186,91.3740921996182,Q (common fit)
1,0,195,127.1540158395108,Q (common fit)
1,0,197,131.21486815599624,Q (common fit)
1,0,5,81.6889085735549,Q (MAP)
1,0,9,94.59630480734864,Q (MAP)
1,0,12,98.56561318456367,Q (MAP)
1,0,15,68.17567839333083,Q (MAP)
1,0,16,132.24679096099612,Q (MAP)
1,0,18,137.05488138785026,Q (MAP)
1,0,19,131.95103846123456,Q (MAP)
1,0,24,103.76745405479812,Q (MAP)
1,0,29,119.31115366550574,Q (MAP)
1,0,30,127.24757163229108,Q (MAP)
1,0,31,137.55676855480846,Q (MAP)
1,0,35,100.62985578498828,Q (MAP)
1,0,38,82.43656380239358,Q (MAP)
1,0,42,136.5875708731474,Q (MAP)
1,0,45,96.54691583800656,Q (MAP)
1,0,55,133.35565477127932,Q (MAP)
1,0,56,122.21894812908668,Q (MAP)
1,0,60,112.95342732267903,Q (MAP)
1,0,65,134.6773531244493,Q (MAP)
1,0,66,123.87814443622608,Q (MAP)
1,0,67,82.61238812227664,Q (MAP)
1,0,68,138.1119101657637,Q (MAP)
1,0,69,86.37444471311952,Q (MAP)
1,0,73,129.21667414791426,Q (MAP)
1,0,75,80.95508972484073,Q (MAP)
1,0,76,68.72208225366381,Q (MAP)
1,0,78,126.60765592276594,Q (MAP)
1,0,79,145.0747984431078,Q (MAP)
1,0,82,139.3869044814257,Q (MAP)
1,0,84,133.29010155343468,Q (MAP)
1,0,86,105.12168517962048,Q (MAP)
1,0,93,108.82065631839808,Q (MAP)
1,0,95,61.660961046125465,Q (MAP)
1,0,96,97.5517737152376,Q (MAP)
1,0,97,90.18814621271444,Q (MAP)
1,0,98,114.34676296482596,Q (MAP)
1,0,104,136.84540313669828,Q (MAP)
1,0,114,76.05421091047315,Q (MAP)
1,0,115,123.73099753695102,Q (MAP)
1,0,117,103.68838925342828,Q (MAP)
1,0,119,95.71592394057988,Q (MAP)
1,0,122,109.7647572761504,Q (MAP)
1,0,124,128.96873194802347,Q (MAP)
1,0,125,89.54810184635704,Q (MAP)
1,0,126,95.82839709892266,Q (MAP)
1,0,128,116.03370988874516,Q (MAP)
1,0,132,129.9724635240948,Q (MAP)
1,0,135,140.53919094992068,Q (MAP)
1,0,137,130.7615183377115,Q (MAP)
1,0,140,102.53084205468484,Q (MAP)
1,0,143,105.44324493503346,Q (MAP)
1,0,148,83.24933706098437,Q (MAP)
1,0,150,130.65321215349996,Q (MAP)
1,0,152,107.60460974303898,Q (MAP)
1,0,158,135.03981633619074,Q (MAP)
1,0,164,116.09502692920812,Q (MAP)
1,0,165,103.84471305433404,Q (MAP)
1,0,169,133.7269483934825,Q (MAP)
1,0,170,134.71592095342712,Q (MAP)
1,0,172,74.48388286925221,Q (MAP)
1,0,173,132.06544108652693,Q (MAP)
1,0,174,120.49825505035382,Q (MAP)
1,0,177,126.23566394900244,Q (MAP)
1,0,182,113.97752677594649,Q (MAP)
1,0,186,80.32662289143931,Q (MAP)
1,0,195,125.36223890429756,Q (MAP)
1,0,197,128.1837471917839,Q (MAP)
1,0,5,84.977527916388,FQ (common fit)
1,0,9,83.5342237909857,FQ (common fit)
1,0,12,80.61376727896082,FQ (common fit)
1,0,15,71.45079872388975,FQ (common fit)
1,0,16,132.76562519322917,FQ (common fit)
1,0,18,133.33646646785408,FQ (common fit)
1,0,19,96.50110736466902,FQ (common fit)
1,0,24,84.42561475662977,FQ (common fit)
1,0,29,133.5463649899268,FQ (common fit)
1,0,30,75.17424402912802,FQ (common fit)
1,0,31,114.06065940672256,FQ (common fit)
1,0,35,60.92834002922765,FQ (common fit)
1,0,38,79.1859541058213,FQ (common fit)
1,0,42,146.0256882960962,FQ (common fit)
1,0,45,78.55890606248605,FQ (common fit)
1,0,55,133.72396754867555,FQ (common fit)
1,0,56,123.24782970074833,FQ (common fit)
1,0,60,114.39423911583611,FQ (common fit)
1,0,65,134.21503497331406,FQ (common fit)
1,0,66,128.74555821972532,FQ (common fit)
1,0,67,75.14317021522348,FQ (common fit)
1,0,68,142.04086193591348,FQ (common fit)
1,0,69,81.8333461902302,FQ (common fit)
1,0,73,123.28267406505432,FQ (common fit)
1,0,75,76.40045187292743,FQ (common fit)
1,0,76,66.19997727641866,FQ (common fit)
1,0,78,127.93102357567383,FQ (common fit)
1,0,79,133.4373054599126,FQ (common fit)
1,0,82,136.71947954361394,FQ (common fit)
1,0,84,132.3978314487675,FQ (common fit)
1,0,86,90.21568469089496,FQ (common fit)
1,0,93,81.64231118302159,FQ (common fit)
1,0,95,65.38233567303065,FQ (common fit)
1,0,96,82.96924444727573,FQ (common fit)
1,0,97,80.69120333987472,FQ (common fit)
1,0,98,92.75880364851083,FQ (common fit)
1,0,104,136.9012353069267,FQ (common fit)
1,0,114,73.39872960560764,FQ (common fit)
1,0,115,119.46753376419689,FQ (common fit)
1,0,117,94.48321241635942,FQ (common fit)
1,0,119,92.79701142778389,FQ (common fit)
1,0,122,89.47026252156783,FQ (common fit)
1,0,124,132.5702783068325,FQ (common fit)
1,0,125,71.91167733956556,FQ (common fit)
1,0,126,84.43336315145216,FQ (common fit)
1,0,128,122.77804366870116,FQ (common fit)
1,0,132,130.03918860061114,FQ (common fit)
1,0,135,129.84091427553255,FQ (common fit)
1,0,137,132.5115052522543,FQ (common fit)
1,0,140,93.31792021442612,FQ (common fit)
1,0,143,57.9002047603827,FQ (common fit)
1,0,148,79.82635588276415,FQ (common fit)
1,0,150,130.23746303039655,FQ (common fit)
1,0,152,92.26455373601355,FQ (common fit)
1,0,158,131.45537724657575,FQ (common fit)
1,0,164,126.5573841120775,FQ (common fit)
1,0,165,81.2385177783007,FQ (common fit)
1,0,169,124.15505467329818,FQ (common fit)
1,0,170,134.65265624451337,FQ (common fit)
1,0,172,71.66596933251115,FQ (common fit)
1,0,173,133.552626855699,FQ (common fit)
1,0,174,121.35798174429084,FQ (common fit)
1,0,177,126.56558095652382,FQ (common fit)
1,0,182,119.3925627621358,FQ (common fit)
1,0,186,80.71408135761699,FQ (common fit)
1,0,195,127.38173723061936,FQ (common fit)
1,0,197,129.9517831596235,FQ (common fit)
1,0,5,81.96856336379157,FQ (MAP)
1,0,9,80.53044740050034,FQ (MAP)
1,0,12,73.90150883041323,FQ (MAP)
1,0,15,65.52623307493933,FQ (MAP)
1,0,16,132.92164696407605,FQ (MAP)
1,0,18,133.32769628679267,FQ (MAP)
1,0,19,95.95330045567226,FQ (MAP)
1,0,24,84.15940275268878,FQ (MAP)
1,0,29,123.5408313460648,FQ (MAP)
1,0,30,73.97596619946519,FQ (MAP)
1,0,31,107.43948268321368,FQ (MAP)
1,0,35,58.96223617428007,FQ (MAP)
1,0,38,77.95351443878963,FQ (MAP)
1,0,42,136.52107800021028,FQ (MAP)
1,0,45,74.76511052476967,FQ (MAP)
1,0,55,133.1619078855617,FQ (MAP)
1,0,56,122.90754265961095,FQ (MAP)
1,0,60,113.16395692210152,FQ (MAP)
1,0,65,133.72056333667734,FQ (MAP)
1,0,66,126.9215128865249,FQ (MAP)
1,0,67,72.81995992161578,FQ (MAP)
1,0,68,137.3879240061105,FQ (MAP)
1,0,69,79.45751432748513,FQ (MAP)
1,0,73,122.81855836681184,FQ (MAP)
1,0,75,75.40095089831088,FQ (MAP)
1,0,76,62.86121540421843,FQ (MAP)
1,0,78,127.6678576930616,FQ (MAP)
1,0,79,133.43987282678114,FQ (MAP)
1,0,82,135.59899847931135,FQ (MAP)
1,0,84,131.27093567637857,FQ (MAP)
1,0,86,86.69193488624873,FQ (MAP)
1,0,93,80.99918242650851,FQ (MAP)
1,0,95,61.57837462195738,FQ (MAP)
1,0,96,82.32521843921029,FQ (MAP)
1,0,97,80.26644988761096,FQ (MAP)
1,0,98,83.56020952666414,FQ (MAP)
1,0,104,136.40338447331104,FQ (MAP)
1,0,114,70.11936028058031,FQ (MAP)
1,0,115,119.13252514416295,FQ (MAP)
1,0,117,90.60137261790705,FQ (MAP)
1,0,119,90.93864203679324,FQ (MAP)
1,0,122,88.89627680782694,FQ (MAP)
1,0,124,130.7042216042763,FQ (MAP)
1,0,125,69.51719108742918,FQ (MAP)
1,0,126,78.71665376993131,FQ (MAP)
1,0,128,108.78005726395877,FQ (MAP)
1,0,132,128.15746121472097,FQ (MAP)
1,0,135,130.01451688436217,FQ (MAP)
1,0,137,131.3930319530524,FQ (MAP)
1,0,140,92.36519951540636,FQ (MAP)
1,0,143,56.31611463944153,FQ (MAP)
1,0,148,71.31961279959033,FQ (MAP)
1,0,150,129.96080376103316,FQ (MAP)
1,0,152,85.09094241418984,FQ (MAP)
1,0,158,131.5903265484318,FQ (MAP)
1,0,164,113.33199838321012,FQ (MAP)
1,0,165,79.38344044464499,FQ (MAP)
1,0,169,122.93659453529578,FQ (MAP)
1,0,170,134.61505670128213,FQ (MAP)
1,0,172,69.0014049831479,FQ (MAP)
1,0,173,132.3101683039002,FQ (MAP)
1,0,174,121.0221099113548,FQ (MAP)
1,0,177,126.57056438414968,FQ (MAP)
1,0,182,112.69809968153244,FQ (MAP)
1,0,186,78.57463418490795,FQ (MAP)
1,0,195,126.14587562603408,FQ (MAP)
1,0,197,128.7105769107624,FQ (MAP)
1,0,5,82.36767922546419,True model
1,0,9,80.28244575466923,True model
1,0,12,73.49321805188643,True model
1,0,15,65.19454419152481,True model
1,0,16,133.87787227575518,True model
1,0,18,133.4017473864095,True model
1,0,19,96.24583110091052,True model
1,0,24,84.74405864238216,True model
1,0,29,124.5378544529,True model
1,0,30,73.88228714903877,True model
1,0,31,107.3166697748001,True model
1,0,35,59.67173627144321,True model
1,0,38,78.39079905447059,True model
1,0,42,135.60052128338629,True model
1,0,45,74.86589295054311,True model
1,0,55,132.46026025865865,True model
1,0,56,125.74115501364912,True model
1,0,60,114.4958508662796,True model
1,0,65,133.84070646516784,True model
1,0,66,126.6959970136538,True model
1,0,67,72.64683127263034,True model
1,0,68,136.7346099678888,True model
1,0,69,80.26913905097112,True model
1,0,73,123.53083000462829,True model
1,0,75,75.58549678437775,True model
1,0,76,62.371055664900055,True model
1,0,78,127.68082993011376,True model
1,0,79,134.19730754089608,True model
1,0,82,136.1927314551711,True model
1,0,84,131.2069112785664,True model
1,0,86,86.43596790934015,True model
1,0,93,81.39265614649383,True model
1,0,95,64.37984696351157,True model
1,0,96,82.49123505829773,True model
1,0,97,80.21889331245427,True model
1,0,98,82.87089584086965,True model
1,0,104,135.36252099198572,True model
1,0,114,70.52505593206205,True model
1,0,115,122.67124350156172,True model
1,0,117,91.03260888387388,True model
1,0,119,91.69878229744518,True model
1,0,122,89.06992603366365,True model
1,0,124,130.4270775674392,True model
1,0,125,70.05742783957808,True model
1,0,126,78.25606080110302,True model
1,0,128,108.03038933447756,True model
1,0,132,129.14539467525515,True model
1,0,135,131.2850814410554,True model
1,0,137,131.0926117472032,True model
1,0,140,93.32257162787852,True model
1,0,143,56.550583178462055,True model
1,0,148,70.78251166158228,True model
1,0,150,129.47642720547066,True model
1,0,152,84.95963381086617,True model
1,0,158,131.65780993539374,True model
1,0,164,113.15249854267378,True model
1,0,165,80.21121671101156,True model
1,0,169,123.10129154009068,True model
1,0,170,134.87172184049322,True model
1,0,172,69.74450500548203,True model
1,0,173,131.9574531915343,True model
1,0,174,122.17056881694836,True model
1,0,177,126.7712869365166,True model
1,0,182,111.35756680943145,True model
1,0,186,78.1150752005191,True model
1,0,195,126.1081079136484,True model
1,0,197,127.80041076861868,True model
1,1,0,130.91550477028608,Q (common fit)
1,1,2,100.66003140442712,Q (common fit)
1,1,4,141.49369349603455,Q (common fit)
1,1,6,124.57792051694628,Q (common fit)
1,1,10,135.0524337634401,Q (common fit)
1,1,11,83.51329821361655,Q (common fit)
1,1,22,126.6624811607609,Q (common fit)
1,1,23,91.79165612038771,Q (common fit)
1,1,25,134.77453437397435,Q (common fit)
1,1,26,94.6732056170429,Q (common fit)
1,1,27,93.12254424533812,Q (common fit)
1,1,28,134.56207322673,Q (common fit)
1,1,32,145.9479249429976,Q (common fit)
1,1,33,137.68106368947363,Q (common fit)
1,1,36,102.53794140417163,Q (common fit)
1,1,39,123.12247066199674,Q (common fit)
1,1,40,138.8218509759561,Q (common fit)
1,1,41,135.8023289277348,Q (common fit)
1,1,44,86.14577726851776,Q (common fit)
1,1,46,129.85588894350624,Q (common fit)
1,1,47,89.05888400731625,Q (common fit)
1,1,51,88.86087740387212,Q (common fit)
1,1,61,133.76180455272828,Q (common fit)
1,1,62,105.42413367579071,Q (common fit)
1,1,64,134.49906451695696,Q (common fit)
1,1,70,100.13907914448276,Q (common fit)
1,1,77,149.92370983679066,Q (common fit)
1,1,81,128.36028613489177,Q (common fit)
1,1,85,90.91392241886588,Q (common fit)
1,1,90,141.71793056865664,Q (common fit)
1,1,94,124.30439442139138,Q (common fit)
1,1,100,119.44703043404148,Q (common fit)
1,1,101,94.87456425748408,Q (common fit)
1,1,108,118.933321241003,Q (common fit)
1,1,109,141.975456897083,Q (common fit)
1,1,111,110.43366871363844,Q (common fit)
1,1,112,130.97037756015558,Q (common fit)
1,1,113,101.3068245774628,Q (common fit)
1,1,118,102.02386455691432,Q (common fit)
1,1,120,94.69888557601976,Q (common fit)
1,1,123,123.17534851640268,Q (common fit)
1,1,127,126.96024763127367,Q (common fit)
1,1,136,108.8868938991157,Q (common fit)
1,1,139,109.65632894984064,Q (common fit)
1,1,141,101.3606778775026,Q (common fit)
1,1,142,86.00351302975297,Q (common fit)
1,1,144,98.03313856963427,Q (common fit)
1,1,145,142.91246259946624,Q (common fit)
1,1,146,128.1447609140739,Q (common fit)
1,1,147,90.92427165229935,Q (common fit)
1,1,153,135.0576177984464,Q (common fit)
1,1,154,129.7328387195771,Q (common fit)
1,1,155,118.15511968011177,Q (common fit)
1,1,156,130.52179124304683,Q (common fit)
1,1,159,131.2623077000612,Q (common fit)
1,1,161,133.10124206559072,Q (common fit)
1,1,162,143.88840617350846,Q (common fit)
1,1,163,102.30397338433974,Q (common fit)
1,1,166,133.69927085913434,Q (common fit)
1,1,168,144.69759960552153,Q (common fit)
1,1,184,96.44630126195828,Q (common fit)
1,1,187,93.5798043253326,Q (common fit)
1,1,189,107.04682862846936,Q (common fit)
1,1,190,118.8250784256548,Q (common fit)
1,1,191,94.12766692550989,Q (common fit)
1,1,194,76.25906355311947,Q (common fit)
1,1,198,88.01174440287264,Q (common fit)
1,1,0,130.7146603580248,Q (MAP)
1,1,2,94.56181621105765,Q (MAP)
1,1,4,138.0229817879407,Q (MAP)
1,1,6,121.53738013239465,Q (MAP)
1,1,10,133.88699224452304,Q (MAP)
1,1,11,79.09756352555439,Q (MAP)
1,1,22,125.9936335364836,Q (MAP)
1,1,23,86.65419243168168,Q (MAP)
1,1,25,133.85656172587545,Q (MAP)
1,1,26,94.4990818647091,Q (MAP)
1,1,27,93.89798023740698,Q (MAP)
1,1,28,134.0057604078264,Q (MAP)
1,1,32,142.17909371221782,Q (MAP)
1,1,33,137.9439705282898,Q (MAP)
1,1,36,100.40080707272324,Q (MAP)
1,1,39,122.39699163827468,Q (MAP)
1,1,40,132.6523680071957,Q (MAP)
1,1,41,136.05980801728128,Q (MAP)
1,1,44,84.88786566366231,Q (MAP)
1,1,46,129.75720671887137,Q (MAP)
1,1,47,83.79057539334377,Q (MAP)
1,1,51,86.9977228371807,Q (MAP)
1,1,61,129.39909751457455,Q (MAP)
1,1,62,101.67866320446456,Q (MAP)
1,1,64,135.000904584211,Q (MAP)
1,1,70,94.4841607078217,Q (MAP)
1,1,77,131.06122274879272,Q (MAP)
1,1,81,125.8824223370478,Q (MAP)
1,1,85,90.2667559869692,Q (MAP)
1,1,90,125.6983713083912,Q (MAP)
1,1,94,122.9055742434639,Q (MAP)
1,1,100,107.26168591294427,Q (MAP)
1,1,101,92.5860790199161,Q (MAP)
1,1,108,114.75140591638932,Q (MAP)
1,1,109,113.81194877160848,Q (MAP)
1,1,111,76.35243225432359,Q (MAP)
1,1,112,131.2753777128156,Q (MAP)
1,1,113,101.0279411923537,Q (MAP)
1,1,118,90.67781409688004,Q (MAP)
1,1,120,93.29711080261455,Q (MAP)
1,1,123,113.00460632262816,Q (MAP)
1,1,127,123.56299370577705,Q (MAP)
1,1,136,110.51819905221856,Q (MAP)
1,1,139,106.97293625360396,Q (MAP)
1,1,141,98.91750093019876,Q (MAP)
1,1,142,83.89956007638517,Q (MAP)
1,1,144,96.99744881129908,Q (MAP)
1,1,145,116.40924017550388,Q (MAP)
1,1,146,125.7054349183303,Q (MAP)
1,1,147,86.79886645121974,Q (MAP)
1,1,153,135.30036151710092,Q (MAP)
1,1,154,124.26146881017186,Q (MAP)
1,1,155,114.214405190241,Q (MAP)
1,1,156,132.72392191051256,Q (MAP)
1,1,159,129.82675047602496,Q (MAP)
1,1,161,131.97487917998885,Q (MAP)
1,1,162,143.02252414525233,Q (MAP)
1,1,163,97.40649908444205,Q (MAP)
1,1,166,119.78714920440164,Q (MAP)
1,1,168,124.01002299714824,Q (MAP)
1,1,184,91.7430188472813,Q (MAP)
1,1,187,92.4667628684431,Q (MAP)
1,1,189,107.016003096174,Q (MAP)
1,1,190,102.0032156433015,Q (MAP)
1,1,191,87.26170680112158,Q (MAP)
1,1,194,73.75613432716007,Q (MAP)
1,1,198,71.04658548810743,Q (MAP)
1,1,0,128.4551592295742,FQ (common fit)
1,1,2,92.8410448030031,FQ (common fit)
1,1,4,136.29799607171458,FQ (common fit)
1,1,6,131.47548793878752,FQ (common fit)
1,1,10,135.60354807081228,FQ (common fit)
1,1,11,79.92557330374268,FQ (common fit)
1,1,22,125.96049941322327,FQ (common fit)
1,1,23,73.86880319850712,FQ (common fit)
1,1,25,132.55880422495102,FQ (common fit)
1,1,26,90.76186519596804,FQ (common fit)
1,1,27,80.83207144450361,FQ (common fit)
1,1,28,134.49379226180304,FQ (common fit)
1,1,32,137.2037329479098,FQ (common fit)
1,1,33,136.6290534273127,FQ (common fit)
1,1,36,85.61855230041688,FQ (common fit)
1,1,39,123.28464758741976,FQ (common fit)
1,1,40,133.5910242567893,FQ (common fit)
1,1,41,135.4297629384078,FQ (common fit)
1,1,44,72.31649555569238,FQ (common fit)
1,1,46,126.20651931258584,FQ (common fit)
1,1,47,81.89937729375585,FQ (common fit)
1,1,51,78.34980169645846,FQ (common fit)
1,1,61,129.24309786952773,FQ (common fit)
1,1,62,76.49529475503893,FQ (common fit)
1,1,64,136.5165768230327,FQ (common fit)
1,1,70,81.82584116934513,FQ (common fit)
1,1,77,143.99604074268927,FQ (common fit)
1,1,81,123.85368925330631,FQ (common fit)
1,1,85,88.14885190238462,FQ (common fit)
1,1,90,104.6508846353126,FQ (common fit)
1,1,94,122.37821262840367,FQ (common fit)
1,1,100,113.02059090586884,FQ (common fit)
1,1,101,93.48956252310968,FQ (common fit)
1,1,108,106.48733809908116,FQ (common fit)
1,1,109,121.18288686074244,FQ (common fit)
1,1,111,76.56941505967063,FQ (common fit)
1,1,112,129.3668266120708,FQ (common fit)
1,1,113,87.13635414450879,FQ (common fit)
1,1,118,78.35180108508956,FQ (common fit)
1,1,120,86.52502528315938,FQ (common fit)
1,1,123,106.40773247856644,FQ (common fit)
1,1,127,124.47618545941911,FQ (common fit)
1,1,136,104.36517593430976,FQ (common fit)
1,1,139,89.96395784154065,FQ (common fit)
1,1,141,96.26177456715612,FQ (common fit)
1,1,142,76.47724817551165,FQ (common fit)
1,1,144,92.03961906421956,FQ (common fit)
1,1,145,132.0970915449342,FQ (common fit)
1,1,146,125.09543442030592,FQ (common fit)
1,1,147,84.3200913156384,FQ (common fit)
1,1,153,133.94052551964006,FQ (common fit)
1,1,154,125.73812428119815,FQ (common fit)
1,1,155,98.50296918516538,FQ (common fit)
1,1,156,89.844453230964,FQ (common fit)
1,1,159,131.39998091518046,FQ (common fit)
1,1,161,132.1460160798027,FQ (common fit)
1,1,162,138.13825931903614,FQ (common fit)
1,1,163,76.59281733940807,FQ (common fit)
1,1,166,116.32649553488596,FQ (common fit)
1,1,168,140.8569716117987,FQ (common fit)
1,1,184,86.55351853626719,FQ (common fit)
1,1,187,87.36576290005047,FQ (common fit)
1,1,189,81.19453847934815,FQ (common fit)
1,1,190,108.41253187158748,FQ (common fit)
1,1,191,66.91373768287795,FQ (common fit)
1,1,194,66.82853413184375,FQ (common fit)
1,1,198,55.72744433315001,FQ (common fit)
1,1,0,127.8759226392928,FQ (MAP)
1,1,2,90.00085249781773,FQ (MAP)
1,1,4,136.20408689498862,FQ (MAP)
1,1,6,121.05325740640136,FQ (MAP)
1,1,10,134.5534671129314,FQ (MAP)
1,1,11,78.55903465560736,FQ (MAP)
1,1,22,124.96811018335718,FQ (MAP)
1,1,23,72.69102394118232,FQ (MAP)
1,1,25,132.02867332850033,FQ (MAP)
1,1,26,91.10794962946449,FQ (MAP)
1,1,27,80.68426210353432,FQ (MAP)
1,1,28,134.38421453851504,FQ (MAP)
1,1,32,136.35664333716664,FQ (MAP)
1,1,33,136.44649369308522,FQ (MAP)
1,1,36,85.7530946329478,FQ (MAP)
1,1,39,123.17484691660616,FQ (MAP)
1,1,40,132.76736682097862,FQ (MAP)
1,1,41,135.44919545073174,FQ (MAP)
1,1,44,71.65726177780222,FQ (MAP)
1,1,46,125.71184990926572,FQ (MAP)
1,1,47,79.80927533653832,FQ (MAP)
1,1,51,76.09825796111107,FQ (MAP)
1,1,61,124.60692422793063,FQ (MAP)
1,1,62,70.76388747272499,FQ (MAP)
1,1,64,136.14151043956332,FQ (MAP)
1,1,70,78.34060650861947,FQ (MAP)
1,1,77,125.00037015573967,FQ (MAP)
1,1,81,123.33066729803848,FQ (MAP)
1,1,85,88.17344830133099,FQ (MAP)
1,1,90,100.200937032221,FQ (MAP)
1,1,94,121.28669600573596,FQ (MAP)
1,1,100,103.16931227642463,FQ (MAP)
1,1,101,93.6045008431596,FQ (MAP)
1,1,108,103.25397882065047,FQ (MAP)
1,1,109,109.44477987513632,FQ (MAP)
1,1,111,70.97213345410246,FQ (MAP)
1,1,112,129.246829112372,FQ (MAP)
1,1,113,84.69081762843022,FQ (MAP)
1,1,118,69.28409910953545,FQ (MAP)
1,1,120,86.06334332551353,FQ (MAP)
1,1,123,100.72587963490618,FQ (MAP)
1,1,127,122.51015756602088,FQ (MAP)
1,1,136,105.1300079102106,FQ (MAP)
1,1,139,82.62008983532715,FQ (MAP)
1,1,141,91.71794913885108,FQ (MAP)
1,1,142,76.1749953278706,FQ (MAP)
1,1,144,91.97128777101592,FQ (MAP)
1,1,145,112.97711953921107,FQ (MAP)
1,1,146,124.710201832429,FQ (MAP)
1,1,147,84.09752209433704,FQ (MAP)
1,1,153,134.17472906899016,FQ (MAP)
1,1,154,122.105417729607,FQ (MAP)
1,1,155,92.4550221537519,FQ (MAP)
1,1,156,90.1691716462758,FQ (MAP)
1,1,159,130.92241271924033,FQ (MAP)
1,1,161,131.40489244840543,FQ (MAP)
1,1,162,138.05150934414638,FQ (MAP)
1,1,163,74.26437147742948,FQ (MAP)
1,1,166,111.86366635549636,FQ (MAP)
1,1,168,124.20813013528932,FQ (MAP)
1,1,184,83.6107538216992,FQ (MAP)
1,1,187,87.5312340949013,FQ (MAP)
1,1,189,80.51331111989039,FQ (MAP)
1,1,190,97.6077447023285,FQ (MAP)
1,1,191,62.66302182667863,FQ (MAP)
1,1,194,64.70964177302243,FQ (MAP)
1,1,198,47.369484684561385,FQ (MAP)
1,1,0,128.99343069661575,True model
1,1,2,89.9712874046673,True model
1,1,4,135.87963678226373,True model
1,1,6,120.69078970098104,True model
1,1,10,134.48946792939398,True model
1,1,11,79.99988302875127,True model
1,1,22,124.85940442921684,True model
1,1,23,72.90183614812362,True model
1,1,25,131.61951285979544,True model
1,1,26,93.79017483520536,True model
1,1,27,80.69614690448,True model
1,1,28,134.33620699210817,True model
1,1,32,136.64504042012285,True model
1,1,33,134.94010556885502,True model
1,1,36,86.23714474439996,True model
1,1,39,123.25519907918886,True model
1,1,40,131.9072544488912,True model
1,1,41,135.5487625807665,True model
1,1,44,74.49778042154819,True model
1,1,46,125.72216602704748,True model
1,1,47,81.22083217543718,True model
1,1,51,75.87613401598179,True model
1,1,61,125.18146164844404,True model
1,1,62,70.40288953132128,True model
1,1,64,136.00618348381852,True model
1,1,70,78.14588688770722,True model
1,1,77,125.4483177736766,True model
1,1,81,123.22626966723963,True model
1,1,85,89.7858640424516,True model
1,1,90,100.61318543326726,True model
1,1,94,121.08551838283437,True model
1,1,100,102.48244334014836,True model
1,1,101,93.91482276311262,True model
1,1,108,103.17050378101165,True model
1,1,109,109.33045139398452,True model
1,1,111,70.74181793995308,True model
1,1,112,129.0247565543716,True model
1,1,113,84.3801909443101,True model
1,1,118,68.48012439362728,True model
1,1,120,86.40827758890663,True model
1,1,123,100.7121818287914,True model
1,1,127,121.63804782043516,True model
1,1,136,105.6488495915783,True model
1,1,139,81.5501659902114,True model
1,1,141,91.65074125558428,True model
1,1,142,76.19048249641972,True model
1,1,144,92.00852086577969,True model
1,1,145,112.81108470961485,True model
1,1,146,124.68015054143238,True model
1,1,147,84.13188680910557,True model
1,1,153,134.2150375205601,True model
1,1,154,120.9400528816103,True model
1,1,155,92.6162287501964,True model
1,1,156,90.44950958350212,True model
1,1,159,130.46190128519916,True model
1,1,161,131.30236311088916,True model
1,1,162,137.92629458606564,True model
1,1,163,75.23767867704811,True model
1,1,166,113.17223826209369,True model
1,1,168,124.02168754588216,True model
1,1,184,83.51369134532595,True model
1,1,187,87.60008457957889,True model
1,1,189,83.37990990865998,True model
1,1,190,97.26979164902193,True model
1,1,191,62.01648053567057,True model
1,1,194,64.5936812809361,True model
1,1,198,46.51310893317256,True model
1,2,1,95.77359101658288,Q (common fit)
1,2,3,103.25743227926542,Q (common fit)
1,2,7,131.07509983407886,Q (common fit)
1,2,8,84.45227784921923,Q (common fit)
1,2,13,114.38114015225923,Q (common fit)
1,2,14,128.1987897609172,Q (common fit)
1,2,17,98.94636597217864,Q (common fit)
1,2,20,81.62762747873234,Q (common fit)
1,2,21,118.74129917865076,Q (common fit)
1,2,34,125.54115669880396,Q (common fit)
1,2,37,138.928368512287,Q (common fit)
1,2,43,99.90796482031702,Q (common fit)
1,2,48,101.400396995599,Q (common fit)
1,2,49,126.5171619500332,Q (common fit)
1,2,50,136.2157193788093,Q (common fit)
1,2,52,94.31032536820447,Q (common fit)
1,2,53,102.516236814374,Q (common fit)
1,2,54,98.59591698122746,Q (common fit)
1,2,57,136.48690298386333,Q (common fit)
1,2,58,140.57377990586647,Q (common fit)
1,2,59,134.8669424516082,Q (common fit)
1,2,63,130.79757171885805,Q (common fit)
1,2,71,96.81627540787306,Q (common fit)
1,2,72,132.18608367251926,Q (common fit)
1,2,74,124.82222449123144,Q (common fit)
1,2,80,107.93385127956113,Q (common fit)
1,2,83,90.1592406300696,Q (common fit)
1,2,87,89.86482207165463,Q (common fit)
1,2,88,103.1787878469907,Q (common fit)
1,2,89,79.0654026672265,Q (common fit)
1,2,91,95.3112225675564,Q (common fit)
1,2,92,132.28946761589276,Q (common fit)
1,2,99,98.99306181602182,Q (common fit)
1,2,102,131.1351859377426,Q (common fit)
1,2,103,135.3088717004147,Q (common fit)
1,2,105,82.80946549113443,Q (common fit)
1,2,106,134.55287589093197,Q (common fit)
1,2,107,138.74317550667445,Q (common fit)
1,2,110,113.50388069467412,Q (common fit)
1,2,116,127.14933655665554,Q (common fit)
1,2,121,97.95690258202907,Q (common fit)
1,2,129,82.29793404083355,Q (common fit)
1,2,130,136.3604589168392,Q (common fit)
1,2,131,117.35511458782022,Q (common fit)
1,2,133,108.17831527543454,Q (common fit)
1,2,134,100.6783477701886,Q (common fit)
1,2,138,105.85832009065456,Q (common fit)
1,2,149,120.60350330501016,Q (common fit)
1,2,151,131.4683715725027,Q (common fit)
1,2,157,132.09823345859886,Q (common fit)
1,2,160,90.13985455471516,Q (common fit)
1,2,167,112.646201930221,Q (common fit)
1,2,171,124.87804238596364,Q (common fit)
1,2,175,133.17663664376917,Q (common fit)
1,2,176,120.58052488808012,Q (common fit)
1,2,178,111.2879976863522,Q (common fit)
1,2,179,131.4154944192123,Q (common fit)
1,2,180,126.42256495627636,Q (common fit)
1,2,181,140.78300023413624,Q (common fit)
1,2,183,97.93722269326076,Q (common fit)
1,2,185,80.864279096936,Q (common fit)
1,2,188,82.13795144999017,Q (common fit)
1,2,192,112.46129562742637,Q (common fit)
1,2,193,92.20705589126648,Q (common fit)
1,2,196,114.32899634289046,Q (common fit)
1,2,199,105.87016222837046,Q (common fit)
1,2,1,83.15595251786009,Q (MAP)
1,2,3,103.1280889831943,Q (MAP)
1,2,7,130.11679905372827,Q (MAP)
1,2,8,80.52865092904403,Q (MAP)
1,2,13,111.74153882219494,Q (MAP)
1,2,14,127.90773444942296,Q (MAP)
1,2,17,99.23613601576236,Q (MAP)
1,2,20,78.30633804270416,Q (MAP)
1,2,21,95.5836624018842,Q (MAP)
1,2,34,127.42510443242304,Q (MAP)
1,2,37,136.9613711368301,Q (MAP)
1,2,43,90.39935361289912,Q (MAP)
1,2,48,103.02149078077446,Q (MAP)
1,2,49,129.02962307687872,Q (MAP)
1,2,50,136.29175130036683,Q (MAP)
1,2,52,83.83194345216455,Q (MAP)
1,2,53,93.21919240622051,Q (MAP)
1,2,54,97.45692028970672,Q (MAP)
1,2,57,135.84848557785494,Q (MAP)
1,2,58,139.16123833259547,Q (MAP)
1,2,59,135.59376614880216,Q (MAP)
1,2,63,130.47377835488336,Q (MAP)
1,2,71,90.88002954058248,Q (MAP)
1,2,72,98.60800940157058,Q (MAP)
1,2,74,124.7416201727105,Q (MAP)
1,2,80,106.72256246373924,Q (MAP)
1,2,83,84.70263123907434,Q (MAP)
1,2,87,89.22411534255747,Q (MAP)
1,2,88,85.04415354275888,Q (MAP)
1,2,89,76.31424108010565,Q (MAP)
1,2,91,93.85893104581336,Q (MAP)
1,2,92,132.49390262442344,Q (MAP)
1,2,99,93.98009944327003,Q (MAP)
1,2,102,125.66082460083946,Q (MAP)
1,2,103,135.21260693705574,Q (MAP)
1,2,105,77.3301295758345,Q (MAP)
1,2,106,134.14216768896316,Q (MAP)
1,2,107,139.24253807920357,Q (MAP)
1,2,110,106.03571327854158,Q (MAP)
1,2,116,127.05546575136306,Q (MAP)
1,2,121,93.0874457262728,Q (MAP)
1,2,129,77.50585261208427,Q (MAP)
1,2,130,136.49493703762047,Q (MAP)
1,2,131,114.0247354841378,Q (MAP)
1,2,133,107.978120376066,Q (MAP)
1,2,134,92.6590833340172,Q (MAP)
1,2,138,106.06441866949004,Q (MAP)
1,2,149,96.76595370143797,Q (MAP)
1,2,151,130.50570589819026,Q (MAP)
1,2,157,131.70899324697265,Q (MAP)
1,2,160,89.1359588044211,Q (MAP)
1,2,167,109.41430951240127,Q (MAP)
1,2,171,112.28428630895844,Q (MAP)
1,2,175,130.6946070856514,Q (MAP)
1,2,176,116.36787903958708,Q (MAP)
1,2,178,101.9446378461058,Q (MAP)
1,2,179,109.92634740015546,Q (MAP)
1,2,180,125.1610122394694,Q (MAP)
1,2,181,139.1612989444069,Q (MAP)
1,2,183,94.49749876684166,Q (MAP)
1,2,185,78.50121641694219,Q (MAP)
1,2,188,78.33281228812878,Q (MAP)
1,2,192,105.95116808059208,Q (MAP)
1,2,193,90.21340534770064,Q (MAP)
1,2,196,115.51939089483837,Q (MAP)
1,2,199,108.03710634885006,Q (MAP)
1,2,1,82.50374680197272,FQ (common fit)
1,2,3,89.29706263332896,FQ (common fit)
1,2,7,126.54523181127864,FQ (common fit)
1,2,8,74.4140104036857,FQ (common fit)
1,2,13,97.42601343024155,FQ (common fit)
1,2,14,129.40043308929813,FQ (common fit)
1,2,17,89.01369003010365,FQ (common fit)
1,2,20,81.79437374260563,FQ (common fit)
1,2,21,70.27466861001201,FQ (common fit)
1,2,34,99.80734094764628,FQ (common fit)
1,2,37,135.9965241831488,FQ (common fit)
1,2,43,93.6258937218802,FQ (common fit)
1,2,48,87.89569908453288,FQ (common fit)
1,2,49,100.04668744004184,FQ (common fit)
1,2,50,135.78410083470874,FQ (common fit)
1,2,52,86.62382156587609,FQ (common fit)
1,2,53,83.54159518470797,FQ (common fit)
1,2,54,58.96204317331765,FQ (common fit)
1,2,57,137.71894403994455,FQ (common fit)
1,2,58,139.32421901055235,FQ (common fit)
1,2,59,133.64925987005233,FQ (common fit)
1,2,63,128.82933027076388,FQ (common fit)
1,2,71,88.4518417511929,FQ (common fit)
1,2,72,113.24499168895296,FQ (common fit)
1,2,74,123.18906042034206,FQ (common fit)
1,2,80,92.2555368197798,FQ (common fit)
1,2,83,82.60957418983394,FQ (common fit)
1,2,87,81.01716650239236,FQ (common fit)
1,2,88,94.91306720201506,FQ (common fit)
1,2,89,70.24678524626802,FQ (common fit)
1,2,91,89.52644696864519,FQ (common fit)
1,2,92,130.40610829051045,FQ (common fit)
1,2,99,100.36377447312364,FQ (common fit)
1,2,102,124.60899576615824,FQ (common fit)
1,2,103,134.94671263173103,FQ (common fit)
1,2,105,73.47703697338788,FQ (common fit)
1,2,106,132.3423744079785,FQ (common fit)
1,2,107,133.85143914639212,FQ (common fit)
1,2,110,110.0677043040064,FQ (common fit)
1,2,116,122.99975982434808,FQ (common fit)
1,2,121,64.26000624719263,FQ (common fit)
1,2,129,48.068793456579776,FQ (common fit)
1,2,130,136.38089728069957,FQ (common fit)
1,2,131,114.8759671438552,FQ (common fit)
1,2,133,82.20158012155575,FQ (common fit)
1,2,134,81.49594381129319,FQ (common fit)
1,2,138,88.89239085249622,FQ (common fit)
1,2,149,72.41356885334108,FQ (common fit)
1,2,151,124.00122761259776,FQ (common fit)
1,2,157,88.91415905373537,FQ (common fit)
1,2,160,82.72152376059206,FQ (common fit)
1,2,167,113.6258604258616,FQ (common fit)
1,2,171,122.48467409469042,FQ (common fit)
1,2,175,136.88126005245635,FQ (common fit)
1,2,176,118.0137063915566,FQ (common fit)
1,2,178,95.6499992772183,FQ (common fit)
1,2,179,98.2080470675012,FQ (common fit)
1,2,180,126.91470481493212,FQ (common fit)
1,2,181,141.71460157841915,FQ (common fit)
1,2,183,85.85428695303008,FQ (common fit)
1,2,185,78.79658514380101,FQ (common fit)
1,2,188,77.55996938612734,FQ (common fit)
1,2,192,87.99145812809448,FQ (common fit)
1,2,193,80.91045495902384,FQ (common fit)
1,2,196,104.06773217546012,FQ (common fit)
1,2,199,91.8027612965031,FQ (common fit)
1,2,1,73.39730767265993,FQ (MAP)
1,2,3,88.64131713096862,FQ (MAP)
1,2,7,123.78060109718966,FQ (MAP)
1,2,8,72.01981952862127,FQ (MAP)
1,2,13,95.28415944525352,FQ (MAP)
1,2,14,129.40289511785792,FQ (MAP)
1,2,17,87.77367253428652,FQ (MAP)
1,2,20,81.22368461449979,FQ (MAP)
1,2,21,62.74594595954724,FQ (MAP)
1,2,34,92.9529645702148,FQ (MAP)
1,2,37,136.23447990519145,FQ (MAP)
1,2,43,83.05046411241494,FQ (MAP)
1,2,48,86.3437091843223,FQ (MAP)
1,2,49,100.7304632080168,FQ (MAP)
1,2,50,135.71790467076443,FQ (MAP)
1,2,52,79.53642806217734,FQ (MAP)
1,2,53,77.41263485625666,FQ (MAP)
1,2,54,57.956157770479095,FQ (MAP)
1,2,57,136.28047541945074,FQ (MAP)
1,2,58,137.36780333328667,FQ (MAP)
1,2,59,133.48130487785468,FQ (MAP)
1,2,63,128.58553834184048,FQ (MAP)
1,2,71,84.5944642964351,FQ (MAP)
1,2,72,98.64746938190744,FQ (MAP)
1,2,74,122.97981420874056,FQ (MAP)
1,2,80,84.61880479542346,FQ (MAP)
1,2,83,77.54627431358941,FQ (MAP)
1,2,87,80.93014228144033,FQ (MAP)
1,2,88,80.42580990456608,FQ (MAP)
1,2,89,69.31468629430474,FQ (MAP)
1,2,91,88.44664141063316,FQ (MAP)
1,2,92,130.12581824507606,FQ (MAP)
1,2,99,94.49774060121555,FQ (MAP)
1,2,102,122.63483200090512,FQ (MAP)
1,2,103,135.0104206121816,FQ (MAP)
1,2,105,69.78048854388537,FQ (MAP)
1,2,106,132.2232903805351,FQ (MAP)
1,2,107,133.6480069629389,FQ (MAP)
1,2,110,104.56443102518128,FQ (MAP)
1,2,116,122.04899308435216,FQ (MAP)
1,2,121,57.61241094940369,FQ (MAP)
1,2,129,45.27892822821339,FQ (MAP)
1,2,130,136.00906491270797,FQ (MAP)
1,2,131,109.6573044706725,FQ (MAP)
1,2,133,82.37827501659396,FQ (MAP)
1,2,134,76.48025796836666,FQ (MAP)
1,2,138,88.14126120183325,FQ (MAP)
1,2,149,68.994779157108,FQ (MAP)
1,2,151,123.49476012911325,FQ (MAP)
1,2,157,86.16254922994867,FQ (MAP)
1,2,160,82.27568875566544,FQ (MAP)
1,2,167,112.8573993074697,FQ (MAP)
1,2,171,109.94891796965254,FQ (MAP)
1,2,175,131.0952843809443,FQ (MAP)
1,2,176,116.53902541806482,FQ (MAP)
1,2,178,88.12380928160168,FQ (MAP)
1,2,179,89.92513108052415,FQ (MAP)
1,2,180,125.95984309718006,FQ (MAP)
1,2,181,139.1679011254446,FQ (MAP)
1,2,183,82.51622942353275,FQ (MAP)
1,2,185,78.28691619361464,FQ (MAP)
1,2,188,76.89638830625208,FQ (MAP)
1,2,192,81.17634418889799,FQ (MAP)
1,2,193,80.12283389300607,FQ (MAP)
1,2,196,104.59286277593468,FQ (MAP)
1,2,199,91.8257293195528,FQ (MAP)
1,2,1,72.33012910722567,True model
1,2,3,88.67558361138296,True model
1,2,7,122.88561033249532,True model
1,2,8,72.1091031759249,True model
1,2,13,95.51547417970632,True model
1,2,14,130.85886828661023,True model
1,2,17,88.22033659791472,True model
1,2,20,81.19586900068502,True model
1,2,21,62.48457999499861,True model
1,2,34,91.65208613826516,True model
1,2,37,135.8643487690589,True model
1,2,43,82.08886021466374,True model
1,2,48,87.09344713146136,True model
1,2,49,101.4348797894997,True model
1,2,50,135.79069021743356,True model
1,2,52,78.53148677926339,True model
1,2,53,76.5070389220208,True model
1,2,54,58.29913773183179,True model
1,2,57,135.97005499197894,True model
1,2,58,136.5574948374002,True model
1,2,59,133.45551084615482,True model
1,2,63,128.75716929075577,True model
1,2,71,84.4039496716612,True model
1,2,72,97.95765702195392,True model
1,2,74,124.1594998217206,True model
1,2,80,84.04626942026357,True model
1,2,83,78.15231733045246,True model
1,2,87,81.27442881466493,True model
1,2,88,80.58012308428067,True model
1,2,89,69.27519721877889,True model
1,2,91,88.34895307274988,True model
1,2,92,129.63560829244722,True model
1,2,99,94.1798357195076,True model
1,2,102,122.81956329883906,True model
1,2,103,135.0026787722034,True model
1,2,105,69.81491940350374,True model
1,2,106,132.24414057579128,True model
1,2,107,133.79002417164057,True model
1,2,110,107.3121852533114,True model
1,2,116,122.42898854083722,True model
1,2,121,56.82752264446779,True model
1,2,129,45.82512278387398,True model
1,2,130,136.39398340024792,True model
1,2,131,109.91120981228332,True model
1,2,133,82.5777557230613,True model
1,2,134,76.32274569479927,True model
1,2,138,88.18544233014778,True model
1,2,149,68.87919481793247,True model
1,2,151,126.2320068359867,True model
1,2,157,85.86139515344152,True model
1,2,160,82.36521191860135,True model
1,2,167,112.76123787315916,True model
1,2,171,109.42774168199092,True model
1,2,175,131.3928586392745,True model
1,2,176,116.31693845662387,True model
1,2,178,87.59111234895865,True model
1,2,179,89.80816744160364,True model
1,2,180,125.89883607958578,True model
1,2,181,138.4782806157324,True model
1,2,183,82.6111423366502,True model
1,2,185,79.56656109119301,True model
1,2,188,76.86632454245662,True model
1,2,192,80.3176358758982,True model
1,2,193,80.9361630465278,True model
1,2,196,105.28530034485006,True model
1,2,199,93.50334843221438,True model
2,0,5,134.15091132117604,Q (common fit)
2,0,9,106.53111276479731,Q (common fit)
2,0,12,123.91708069961936,Q (common fit)
2,0,15,89.70021980237094,Q (common fit)
2,0,16,110.03188886492964,Q (common fit)
2,0,18,133.9287375285152,Q (common fit)
2,0,19,118.89449152684448,Q (common fit)
2,0,24,96.09015790937872,Q (common fit)
2,0,29,130.18498209239024,Q (common fit)
2,0,30,84.29525917626695,Q (common fit)
2,0,31,117.99097941592092,Q (common fit)
2,0,35,86.54229231322128,Q (common fit)
2,0,38,124.25648026304847,Q (common fit)
2,0,42,112.48355091419626,Q (common fit)
2,0,45,95.4242468594458,Q (common fit)
2,0,55,93.84196416826823,Q (common fit)
2,0,56,129.94743086967625,Q (common fit)
2,0,60,106.07897369364323,Q (common fit)
2,0,65,101.96145218781056,Q (common fit)
2,0,66,131.8961747147855,Q (common fit)
2,0,67,93.08957854952642,Q (common fit)
2,0,68,137.23714462390754,Q (common fit)
2,0,69,103.7409325959442,Q (common fit)
2,0,73,86.06369867913591,Q (common fit)
2,0,75,110.4170301249557,Q (common fit)
2,0,76,115.67355159581278,Q (common fit)
2,0,78,138.19461933650717,Q (common fit)
2,0,79,111.9249809780673,Q (common fit)
2,0,82,135.03600432167363,Q (common fit)
2,0,84,87.98793621830681,Q (common fit)
2,0,86,82.36945211319153,Q (common fit)
2,0,93,106.23186566809528,Q (common fit)
2,0,95,110.78384620188812,Q (common fit)
2,0,96,95.78123506845505,Q (common fit)
2,0,97,64.63746893752584,Q (common fit)
2,0,98,142.70798874049976,Q (common fit)
2,0,104,132.43427375105188,Q (common fit)
2,0,114,69.913660762285,Q (common fit)
2,0,115,107.14347215469118,Q (common fit)
2,0,117,139.38583048181465,Q (common fit)
2,0,119,122.90743431927208,Q (common fit)
2,0,122,71.73364120160582,Q (common fit)
2,0,124,114.24584542302064,Q (common fit)
2,0,125,101.60708710990578,Q (common fit)
2,0,126,83.28055173721768,Q (common fit)
2,0,128,132.3896847155384,Q (common fit)
2,0,132,82.89896526324351,Q (common fit)
2,0,135,108.53176145911118,Q (common fit)
2,0,137,72.98947307302033,Q (common fit)
2,0,140,134.5383348789915,Q (common fit)
2,0,143,132.08325701870197,Q (common fit)
2,0,148,128.04829651949723,Q (common fit)
2,0,150,98.96566802472404,Q (common fit)
2,0,152,136.90876718276343,Q (common fit)
2,0,158,134.57976624937595,Q (common fit)
2,0,164,115.38537544974372,Q (common fit)
2,0,165,130.56536876036597,Q (common fit)
2,0,169,116.89419902972944,Q (common fit)
2,0,170,73.8672332686539,Q (common fit)
2,0,172,101.11985434387088,Q (common fit)
2,0,173,122.80755617508824,Q (common fit)
2,0,174,126.5304085726804,Q (common fit)
2,0,177,73.49048037753849,Q (common fit)
2,0,182,124.12081069475305,Q (common fit)
2,0,186,130.01690920659252,Q (common fit)
2,0,195,130.7990851035703,Q (common fit)
2,0,197,89.48089784995318,Q (common fit)
2,0,5,126.73642411867364,Q (MAP)
2,0,9,105.28002387606996,Q (MAP)
2,0,12,123.43755068089597,Q (MAP)
2,0,15,90.1235714425306,Q (MAP)
2,0,16,110.63449054154162,Q (MAP)
2,0,18,133.46793486072156,Q (MAP)
2,0,19,120.39039795955638,Q (MAP)
2,0,24,92.83209903805906,Q (MAP)
2,0,29,115.38705103479067,Q (MAP)
2,0,30,73.54443883328857,Q (MAP)
2,0,31,108.40203860675228,Q (MAP)
2,0,35,79.59556059850638,Q (MAP)
2,0,38,125.83520765744782,Q (MAP)
2,0,42,92.75743254947962,Q (MAP)
2,0,45,81.54646033541674,Q (MAP)
2,0,55,71.21128520810515,Q (MAP)
2,0,56,121.51821182964666,Q (MAP)
2,0,60,104.70860988550764,Q (MAP)
2,0,65,100.4524988584971,Q (MAP)
2,0,66,131.0796194381178,Q (MAP)
2,0,67,88.25863830705597,Q (MAP)
2,0,68,138.0540301002915,Q (MAP)
2,0,69,94.07527142047832,Q (MAP)
2,0,73,85.25143399517545,Q (MAP)
2,0,75,99.44729738118404,Q (MAP)
2,0,76,114.97863905678086,Q (MAP)
2,0,78,138.87436728747826,Q (MAP)
2,0,79,95.1663552017662,Q (MAP)
2,0,82,131.3577538422659,Q (MAP)
2,0,84,87.95821216033855,Q (MAP)
2,0,86,80.19958587613107,Q (MAP)
2,0,93,106.24693815073388,Q (MAP)
2,0,95,111.52101012708678,Q (MAP)
2,0,96,94.0033721870821,Q (MAP)
2,0,97,62.38416120582309,Q (MAP)
2,0,98,117.682606693141,Q (MAP)
2,0,104,131.98970094844552,Q (MAP)
2,0,114,67.55678202411762,Q (MAP)
2,0,115,103.92712629320611,Q (MAP)
2,0,117,138.94099387251552,Q (MAP)
2,0,119,112.97575838170243,Q (MAP)
2,0,122,69.28239086080116,Q (MAP)
2,0,124,105.4792857570746,Q (MAP)
2,0,125,97.80244884999355,Q (MAP)
2,0,126,76.67750169380159,Q (MAP)
2,0,128,132.6353444594568,Q (MAP)
2,0,132,68.144123532728,Q (MAP)
2,0,135,93.79144704870828,Q (MAP)
2,0,137,68.02485789396343,Q (MAP)
2,0,140,126.2621813234922,Q (MAP)
2,0,143,119.93128914633196,Q (MAP)
2,0,148,108.77847346057672,Q (MAP)
2,0,150,92.41717980667146,Q (MAP)
2,0,152,134.20971887882865,Q (MAP)
2,0,158,133.99686606105374,Q (MAP)
2,0,164,102.96619608070796,Q (MAP)
2,0,165,129.31142248247227,Q (MAP)
2,0,169,114.7174174640086,Q (MAP)
2,0,170,72.69975870600031,Q (MAP)
2,0,172,101.53486700461748,Q (MAP)
2,0,173,122.53020490342853,Q (MAP)
2,0,174,125.93787071201116,Q (MAP)
2,0,177,69.0281797344463,Q (MAP)
2,0,182,124.00183408349577,Q (MAP)
2,0,186,128.38518782889236,Q (MAP)
2,0,195,130.55668521018185,Q (MAP)
2,0,197,78.97835763427624,Q (MAP)
2,0,5,135.5768227563091,FQ (common fit)
2,0,9,98.4287483883192,FQ (common fit)
2,0,12,124.43510589593,FQ (common fit)
2,0,15,80.54995450238026,FQ (common fit)
2,0,16,86.17877363147522,FQ (common fit)
2,0,18,124.98364433928346,FQ (common fit)
2,0,19,88.16619842807735,FQ (common fit)
2,0,24,79.78151292468078,FQ (common fit)
2,0,29,93.5843458122188,FQ (common fit)
2,0,30,72.35748488210854,FQ (common fit)
2,0,31,101.48819474003658,FQ (common fit)
2,0,35,80.59524489287438,FQ (common fit)
2,0,38,75.84203432848321,FQ (common fit)
2,0,42,105.4170889275407,FQ (common fit)
2,0,45,77.76995628066824,FQ (common fit)
2,0,55,74.30936052823516,FQ (common fit)
2,0,56,128.42470283573616,FQ (common fit)
2,0,60,86.29105421279425,FQ (common fit)
2,0,65,58.16561500289728,FQ (common fit)
2,0,66,134.17395937161615,FQ (common fit)
2,0,67,62.64506652534659,FQ (common fit)
2,0,68,134.4917353683542,FQ (common fit)
2,0,69,96.48321289326668,FQ (common fit)
2,0,73,80.03278981159188,FQ (common fit)
2,0,75,94.48483094424874,FQ (common fit)
2,0,76,102.30775410310756,FQ (common fit)
2,0,78,136.6800694230312,FQ (common fit)
2,0,79,87.89134285343563,FQ (common fit)
2,0,82,94.4810718493457,FQ (common fit)
2,0,84,74.42186933434056,FQ (common fit)
2,0,86,75.46774469612836,FQ (common fit)
2,0,93,70.86143672061344,FQ (common fit)
2,0,95,81.32619502169615,FQ (common fit)
2,0,96,65.47808771479859,FQ (common fit)
2,0,97,61.68267584305664,FQ (common fit)
2,0,98,123.36013602105848,FQ (common fit)
2,0,104,130.909756101025,FQ (common fit)
2,0,114,64.89790439225253,FQ (common fit)
2,0,115,80.36817483997905,FQ (common fit)
2,0,117,139.8421778872084,FQ (common fit)
2,0,119,96.83989303209349,FQ (common fit)
2,0,122,72.25922324643801,FQ (common fit)
2,0,124,100.14737608657286,FQ (common fit)
2,0,125,84.29960520392687,FQ (common fit)
2,0,126,71.27753767521095,FQ (common fit)
2,0,128,132.55353976241258,FQ (common fit)
2,0,132,67.4575451230062,FQ (common fit)
2,0,135,83.71881749754071,FQ (common fit)
2,0,137,63.61697421872106,FQ (common fit)
2,0,140,128.6308711071152,FQ (common fit)
2,0,143,80.19399646396253,FQ (common fit)
2,0,148,103.99508152739304,FQ (common fit)
2,0,150,83.98076249981321,FQ (common fit)
2,0,152,138.61114589150563,FQ (common fit)
2,0,158,128.61893778269916,FQ (common fit)
2,0,164,113.00711376842608,FQ (common fit)
2,0,165,129.6109512286909,FQ (common fit)
2,0,169,46.43733735721864,FQ (common fit)
2,0,170,72.80689980631374,FQ (common fit)
2,0,172,83.74877149110834,FQ (common fit)
2,0,173,118.80922624424906,FQ (common fit)
2,0,174,66.29659945246176,FQ (common fit)
2,0,177,71.66436432627141,FQ (common fit)
2,0,182,122.4581387020654,FQ (common fit)
2,0,186,49.52072460551594,FQ (common fit)
2,0,195,134.00548727336218,FQ (common fit)
2,0,197,73.7228678758964,FQ (common fit)
2,0,5,125.52381834081729,FQ (MAP)
2,0,9,96.15975753473096,FQ (MAP)
2,0,12,124.422837423456,FQ (MAP)
2,0,15,79.75918002437798,FQ (MAP)
2,0,16,83.76463456215569,FQ (MAP)
2,0,18,124.40311951571304,FQ (MAP)
2,0,19,88.05449489550368,FQ (MAP)
2,0,24,79.18739402639768,FQ (MAP)
2,0,29,85.95355448636893,FQ (MAP)
2,0,30,70.11443822678066,FQ (MAP)
2,0,31,95.66138443260436,FQ (MAP)
2,0,35,78.79454753103617,FQ (MAP)
2,0,38,76.170523425472,FQ (MAP)
2,0,42,91.36901799526548,FQ (MAP)
2,0,45,74.84614643104973,FQ (MAP)
2,0,55,63.56115254122046,FQ (MAP)
2,0,56,117.60695540752349,FQ (MAP)
2,0,60,86.5298658478913,FQ (MAP)
2,0,65,56.862142824320266,FQ (MAP)
2,0,66,131.53273530304853,FQ (MAP)
2,0,67,58.14247040075797,FQ (MAP)
2,0,68,134.56869500924262,FQ (MAP)
2,0,69,88.26163275526132,FQ (MAP)
2,0,73,79.2121422553062,FQ (MAP)
2,0,75,90.04482302120564,FQ (MAP)
2,0,76,99.84097038230952,FQ (MAP)
2,0,78,136.66924173659325,FQ (MAP)
2,0,79,81.52554438300221,FQ (MAP)
2,0,82,91.61437641865504,FQ (MAP)
2,0,84,74.01822774795716,FQ (MAP)
2,0,86,75.17157491939113,FQ (MAP)
2,0,93,70.94579211024994,FQ (MAP)
2,0,95,80.11779966300213,FQ (MAP)
2,0,96,62.94472340946115,FQ (MAP)
2,0,97,60.120788343173125,FQ (MAP)
2,0,98,109.64969545521282,FQ (MAP)
2,0,104,130.85253065284994,FQ (MAP)
2,0,114,64.11739346675198,FQ (MAP)
2,0,115,74.94948163706084,FQ (MAP)
2,0,117,138.5546016866668,FQ (MAP)
2,0,119,95.75207310157768,FQ (MAP)
2,0,122,70.65313675605321,FQ (MAP)
2,0,124,97.8415449406389,FQ (MAP)
2,0,125,82.72343080898236,FQ (MAP)
2,0,126,69.5269370720356,FQ (MAP)
2,0,128,131.99853748069782,FQ (MAP)
2,0,132,58.86390214553147,FQ (MAP)
2,0,135,80.00151160409608,FQ (MAP)
2,0,137,61.706214122948616,FQ (MAP)
2,0,140,124.97952043814216,FQ (MAP)
2,0,143,79.7088292673076,FQ (MAP)
2,0,148,94.3937178248717,FQ (MAP)
2,0,150,77.61356882731957,FQ (MAP)
2,0,152,134.4525568515503,FQ (MAP)
2,0,158,127.81144282771386,FQ (MAP)
2,0,164,103.20505392780272,FQ (MAP)
2,0,165,129.00440978470624,FQ (MAP)
2,0,169,44.69011041861826,FQ (MAP)
2,0,170,72.25864351676321,FQ (MAP)
2,0,172,83.11650119622297,FQ (MAP)
2,0,173,118.40541027303048,FQ (MAP)
2,0,174,63.83449447641571,FQ (MAP)
2,0,177,67.34945273421386,FQ (MAP)
2,0,182,120.89647447789616,FQ (MAP)
2,0,186,46.309336585115695,FQ (MAP)
2,0,195,131.69630911012345,FQ (MAP)
2,0,197,60.98621770285092,FQ (MAP)
2,0,5,126.79982180712454,True model
2,0,9,96.30945829274935,True model
2,0,12,125.58326235654845,True model
2,0,15,80.2562085394372,True model
2,0,16,83.79591932959556,True model
2,0,18,124.6034923730338,True model
2,0,19,88.35365059178032,True model
2,0,24,79.53888678429058,True model
2,0,29,85.86645824627578,True model
2,0,30,70.1335015130449,True model
2,0,31,95.49350258378183,True model
2,0,35,78.43009631236819,True model
2,0,38,77.04263313154821,True model
2,0,42,90.81234469372866,True model
2,0,45,74.98064308042694,True model
2,0,55,62.60449095988392,True model
2,0,56,117.17875901816689,True model
2,0,60,86.73148703196195,True model
2,0,65,56.83758456129249,True model
2,0,66,131.10678671593007,True model
2,0,67,57.7555716823117,True model
2,0,68,136.52925195024352,True model
2,0,69,86.62045356392265,True model
2,0,73,80.04597063511613,True model
2,0,75,90.30859656207213,True model
2,0,76,99.5197285903106,True model
2,0,78,136.6301111478062,True model
2,0,79,81.1669447096996,True model
2,0,82,92.01361956690772,True model
2,0,84,74.63875857893319,True model
2,0,86,75.72163778802731,True model
2,0,93,71.75083492942767,True model
2,0,95,81.1641178269829,True model
2,0,96,63.709227416471975,True model
2,0,97,60.66639446424632,True model
2,0,98,108.80580130299931,True model
2,0,104,131.5808877791447,True model
2,0,114,64.46437742361853,True model
2,0,115,74.33433991675506,True model
2,0,117,138.10487599346942,True model
2,0,119,96.34250320268156,True model
2,0,122,70.58983425309692,True model
2,0,124,97.77972863208002,True model
2,0,125,83.7834568719191,True model
2,0,126,69.4616701147083,True model
2,0,128,133.2677326094439,True model
2,0,132,58.58029090124162,True model
2,0,135,80.183675735783,True model
2,0,137,61.78262337962177,True model
2,0,140,123.30681937408986,True model
2,0,143,80.23742844203174,True model
2,0,148,94.63372936120231,True model
2,0,150,76.69330761216146,True model
2,0,152,134.0283505881632,True model
2,0,158,127.75892976014852,True model
2,0,164,102.80876765770245,True model
2,0,165,128.85523330841647,True model
2,0,169,44.64533949792232,True model
2,0,170,72.57940392669498,True model
2,0,172,83.45954666693694,True model
2,0,173,119.82888622350568,True model
2,0,174,63.92480947395031,True model
2,0,177,69.34616118056013,True model
2,0,182,120.32923759210983,True model
2,0,186,46.57791742169323,True model
2,0,195,132.60333084559318,True model
2,0,197,60.49582820529077,True model
2,1,0,122.2687178396724,Q (common fit)
2,1,2,102.4762758537016,Q (common fit)
2,1,4,115.89196285163568,Q (common fit)
2,1,6,139.45946554674146,Q (common fit)
2,1,10,143.33669226332069,Q (common fit)
2,1,11,133.53297159036194,Q (common fit)
2,1,22,112.88953077085496,Q (common fit)
2,1,23,95.730018910408,Q (common fit)
2,1,25,106.30530352383695,Q (common fit)
2,1,26,123.85418109602293,Q (common fit)
2,1,27,124.9741081709416,Q (common fit)
2,1,28,104.25207101142388,Q (common fit)
2,1,32,162.84817645792967,Q (common fit)
2,1,33,91.7926269268369,Q (common fit)
2,1,36,98.88369665889724,Q (common fit)
2,1,39,82.58825307339745,Q (common fit)
2,1,40,131.9919398448936,Q (common fit)
2,1,41,94.24989983787616,Q (common fit)
2,1,44,109.7841531897435,Q (common fit)
2,1,46,135.5434654572745,Q (common fit)
2,1,47,85.3253135924501,Q (common fit)
2,1,51,78.7341056984178,Q (common fit)
2,1,61,121.5843880811162,Q (common fit)
2,1,62,94.8962427388907,Q (common fit)
2,1,64,133.84571770671934,Q (common fit)
2,1,70,93.69433682675704,Q (common fit)
2,1,77,116.25022152069154,Q (common fit)
2,1,81,115.0212055325853,Q (common fit)
2,1,85,138.4155525701306,Q (common fit)
2,1,90,109.63194716300916,Q (common fit)
2,1,94,126.6431803922408,Q (common fit)
2,1,100,105.66280934496042,Q (common fit)
2,1,101,104.90432249652186,Q (common fit)
2,1,108,100.97441257057964,Q (common fit)
2,1,109,132.92284155986349,Q (common fit)
2,1,111,142.95517516324304,Q (common fit)
2,1,112,125.39606967064796,Q (common fit)
2,1,113,127.01045295535197,Q (common fit)
2,1,118,128.91870996931397,Q (common fit)
2,1,120,100.00020054208144,Q (common fit)
2,1,123,107.73866488628062,Q (common fit)
2,1,127,131.27714105916195,Q (common fit)
2,1,136,110.6863995079855,Q (common fit)
2,1,139,93.99746997298551,Q (common fit)
2,1,141,101.96834625600374,Q (common fit)
2,1,142,95.92499366237315,Q (common fit)
2,1,144,108.43554268023776,Q (common fit)
2,1,145,114.1368579433562,Q (common fit)
2,1,146,115.28201672323164,Q (common fit)
2,1,147,90.44997654983484,Q (common fit)
2,1,153,102.48177028716556,Q (common fit)
2,1,154,80.79271267346472,Q (common fit)
2,1,155,76.89678429572508,Q (common fit)
2,1,156,111.32665263881368,Q (common fit)
2,1,159,89.48279555940455,Q (common fit)
2,1,161,87.84400999078066,Q (common fit)
2,1,162,81.10402999398806,Q (common fit)
2,1,163,115.79429786578775,Q (common fit)
2,1,166,126.12344639258794,Q (common fit)
2,1,168,120.00072700097316,Q (common fit)
2,1,184,100.08873490189808,Q (common fit)
2,1,187,126.6924558688135,Q (common fit)
2,1,189,117.98624203805026,Q (common fit)
2,1,190,135.2765906472799,Q (common fit)
2,1,191,95.68072492830474,Q (common fit)
2,1,194,100.71514372389602,Q (common fit)
2,1,198,127.43187858416862,Q (common fit)
2,1,0,125.82421959944855,Q (MAP)
2,1,2,99.8010111691735,Q (MAP)
2,1,4,101.41047596358185,Q (MAP)
2,1,6,121.77129722535356,Q (MAP)
2,1,10,110.33046255982568,Q (MAP)
2,1,11,133.34641196821403,Q (MAP)
2,1,22,111.9511810933638,Q (MAP)
2,1,23,96.9755060719957,Q (MAP)
2,1,25,103.93853120966943,Q (MAP)
2,1,26,124.30472212138392,Q (MAP)
2,1,27,124.4116823501886,Q (MAP)
2,1,28,97.67806429332369,Q (MAP)
2,1,32,109.65436633563598,Q (MAP)
2,1,33,89.65607463465186,Q (MAP)
2,1,36,97.40716173341386,Q (MAP)
2,1,39,81.07662016271824,Q (MAP)
2,1,40,129.81281904077457,Q (MAP)
2,1,41,91.14156157283264,Q (MAP)
2,1,44,108.39582451668036,Q (MAP)
2,1,46,135.3905178119443,Q (MAP)
2,1,47,85.41584204817794,Q (MAP)
2,1,51,68.32261671764178,Q (MAP)
2,1,61,118.02367691191247,Q (MAP)
2,1,62,89.86682506128682,Q (MAP)
2,1,64,132.78377205909177,Q (MAP)
2,1,70,87.5076265028716,Q (MAP)
2,1,77,109.7486756734208,Q (MAP)
2,1,81,112.6464875617197,Q (MAP)
2,1,85,138.59115957252348,Q (MAP)
2,1,90,100.7420084469309,Q (MAP)
2,1,94,126.12497153259088,Q (MAP)
2,1,100,98.96415578637408,Q (MAP)
2,1,101,102.59620707193407,Q (MAP)
2,1,108,99.64449276711152,Q (MAP)
2,1,109,132.91916945581153,Q (MAP)
2,1,111,138.80259361880397,Q (MAP)
2,1,112,123.846434786309,Q (MAP)
2,1,113,120.04417767761824,Q (MAP)
2,1,118,127.53693654143828,Q (MAP)
2,1,120,91.8210049435305,Q (MAP)
2,1,123,102.42076390263864,Q (MAP)
2,1,127,130.9432321735737,Q (MAP)
2,1,136,109.90104819987144,Q (MAP)
2,1,139,86.29864974384225,Q (MAP)
2,1,141,101.14679464317656,Q (MAP)
2,1,142,91.31837402407386,Q (MAP)
2,1,144,106.48702155457376,Q (MAP)
2,1,145,88.12282143577413,Q (MAP)
2,1,146,115.85985259190882,Q (MAP)
2,1,147,87.32597650673455,Q (MAP)
2,1,153,95.49354971764396,Q (MAP)
2,1,154,69.3300649947633,Q (MAP)
2,1,155,74.92658215506937,Q (MAP)
2,1,156,113.56299969356364,Q (MAP)
2,1,159,88.55390875605815,Q (MAP)
2,1,161,87.13994800383175,Q (MAP)
2,1,162,80.33653853862992,Q (MAP)
2,1,163,114.14038200420448,Q (MAP)
2,1,166,110.04079621976118,Q (MAP)
2,1,168,108.974665748816,Q (MAP)
2,1,184,94.106570831839,Q (MAP)
2,1,187,125.77297605830948,Q (MAP)
2,1,189,103.06495429995738,Q (MAP)
2,1,190,131.66401098815786,Q (MAP)
2,1,191,89.83347924526261,Q (MAP)
2,1,194,100.10785067145451,Q (MAP)
2,1,198,122.38422267840475,Q (MAP)
2,1,0,99.26465883932262,FQ (common fit)
2,1,2,79.74006386484956,FQ (common fit)
2,1,4,114.17215200798309,FQ (common fit)
2,1,6,101.61616385022518,FQ (common fit)
2,1,10,130.70468877501062,FQ (common fit)
2,1,11,133.52716421535035,FQ (common fit)
2,1,22,83.06778123870409,FQ (common fit)
2,1,23,94.41254745802722,FQ (common fit)
2,1,25,90.76984982669713,FQ (common fit)
2,1,26,84.05471508767504,FQ (common fit)
2,1,27,125.32655342472412,FQ (common fit)
2,1,28,73.88189387855259,FQ (common fit)
2,1,32,115.10943386040373,FQ (common fit)
2,1,33,72.22512454732328,FQ (common fit)
2,1,36,70.59010762740455,FQ (common fit)
2,1,39,76.89209573824913,FQ (common fit)
2,1,40,132.59661106904653,FQ (common fit)
2,1,41,75.97327647171704,FQ (common fit)
2,1,44,90.8253441254,FQ (common fit)
2,1,46,134.2141137884842,FQ (common fit)
2,1,47,79.31860966113474,FQ (common fit)
2,1,51,72.44802915776566,FQ (common fit)
2,1,61,108.41488726211924,FQ (common fit)
2,1,62,66.40683244905163,FQ (common fit)
2,1,64,133.86330833665477,FQ (common fit)
2,1,70,73.6115601056861,FQ (common fit)
2,1,77,103.60113991177737,FQ (common fit)
2,1,81,88.0927196349433,FQ (common fit)
2,1,85,132.72344784267773,FQ (common fit)
2,1,90,104.9315254572342,FQ (common fit)
2,1,94,128.33917448664198,FQ (common fit)
2,1,100,98.76470572572964,FQ (common fit)
2,1,101,94.40561097228704,FQ (common fit)
2,1,108,81.25139161885964,FQ (common fit)
2,1,109,133.2165878451172,FQ (common fit)
2,1,111,143.57527679605914,FQ (common fit)
2,1,112,118.50801251134622,FQ (common fit)
2,1,113,122.69580360788277,FQ (common fit)
2,1,118,129.88131732611706,FQ (common fit)
2,1,120,88.61578728133904,FQ (common fit)
2,1,123,103.9161722050416,FQ (common fit)
2,1,127,127.99474676061809,FQ (common fit)
2,1,136,61.738794188199954,FQ (common fit)
2,1,139,85.98396250809037,FQ (common fit)
2,1,141,76.05390599120764,FQ (common fit)
2,1,142,68.18773353250693,FQ (common fit)
2,1,144,99.13096806409824,FQ (common fit)
2,1,145,90.67632270475409,FQ (common fit)
2,1,146,92.6430037332331,FQ (common fit)
2,1,147,70.6103899177584,FQ (common fit)
2,1,153,84.23814642787029,FQ (common fit)
2,1,154,70.32321751969673,FQ (common fit)
2,1,155,72.62227779650995,FQ (common fit)
2,1,156,87.33538275784983,FQ (common fit)
2,1,159,82.03418411688922,FQ (common fit)
2,1,161,79.37103540906556,FQ (common fit)
2,1,162,79.32535956868539,FQ (common fit)
2,1,163,113.09336623527992,FQ (common fit)
2,1,166,92.3319951193276,FQ (common fit)
2,1,168,117.654485175778,FQ (common fit)
2,1,184,81.86544132755925,FQ (common fit)
2,1,187,117.36917229362592,FQ (common fit)
2,1,189,89.03165225372115,FQ (common fit)
2,1,190,135.06086803613337,FQ (common fit)
2,1,191,77.19463821287182,FQ (common fit)
2,1,194,82.61204098233286,FQ (common fit)
2,1,198,125.90023262550731,FQ (common fit)
2,1,0,100.41372260572436,FQ (MAP)
2,1,2,74.49690857563382,FQ (MAP)
2,1,4,99.42476573440182,FQ (MAP)
2,1,6,97.6925974330381,FQ (MAP)
2,1,10,111.72316250256593,FQ (MAP)
2,1,11,133.58130511491177,FQ (MAP)
2,1,22,82.24954278714432,FQ (MAP)
2,1,23,94.96434938588229,FQ (MAP)
2,1,25,88.95185418328997,FQ (MAP)
2,1,26,83.99060610183135,FQ (MAP)
2,1,27,125.16018049110151,FQ (MAP)
2,1,28,70.43182401791456,FQ (MAP)
2,1,32,94.55721013818604,FQ (MAP)
2,1,33,71.3903745626587,FQ (MAP)
2,1,36,69.65568568027673,FQ (MAP)
2,1,39,77.10130743678668,FQ (MAP)
2,1,40,129.6791469724448,FQ (MAP)
2,1,41,76.01067059280427,FQ (MAP)
2,1,44,87.92607799631722,FQ (MAP)
2,1,46,134.63014426580247,FQ (MAP)
2,1,47,79.12574499014701,FQ (MAP)
2,1,51,67.4223831411459,FQ (MAP)
2,1,61,108.89044613342452,FQ (MAP)
2,1,62,62.417912363666886,FQ (MAP)
2,1,64,132.73984010814814,FQ (MAP)
2,1,70,72.37487735714727,FQ (MAP)
2,1,77,97.4839293019306,FQ (MAP)
2,1,81,86.1731170656585,FQ (MAP)
2,1,85,131.99687323330062,FQ (MAP)
2,1,90,100.88181664775944,FQ (MAP)
2,1,94,128.1444433685187,FQ (MAP)
2,1,100,95.61187400184866,FQ (MAP)
2,1,101,93.98430751928034,FQ (MAP)
2,1,108,80.202832985798,FQ (MAP)
2,1,109,133.2246039339417,FQ (MAP)
2,1,111,138.89170360885342,FQ (MAP)
2,1,112,116.02903371093518,FQ (MAP)
2,1,113,117.81894273507008,FQ (MAP)
2,1,118,128.92450814120335,FQ (MAP)
2,1,120,80.53578251284038,FQ (MAP)
2,1,123,97.90467597014488,FQ (MAP)
2,1,127,126.8153561387052,FQ (MAP)
2,1,136,61.015973748178006,FQ (MAP)
2,1,139,82.24033145784715,FQ (MAP)
2,1,141,75.09487264544062,FQ (MAP)
2,1,142,68.01967900407017,FQ (MAP)
2,1,144,98.92258993354908,FQ (MAP)
2,1,145,81.90601045944332,FQ (MAP)
2,1,146,92.77404513029342,FQ (MAP)
2,1,147,70.40846947093115,FQ (MAP)
2,1,153,84.2895119216932,FQ (MAP)
2,1,154,60.8528340841337,FQ (MAP)
2,1,155,70.48188969036997,FQ (MAP)
2,1,156,87.55712639677705,FQ (MAP)
2,1,159,79.56543312754623,FQ (MAP)
2,1,161,78.05114477736377,FQ (MAP)
2,1,162,79.1303674346595,FQ (MAP)
2,1,163,112.39380140187112,FQ (MAP)
2,1,166,91.50208184290788,FQ (MAP)
2,1,168,107.88752504692506,FQ (MAP)
2,1,184,80.86090729523758,FQ (MAP)
2,1,187,116.93217970139418,FQ (MAP)
2,1,189,83.64961834698693,FQ (MAP)
2,1,190,132.821216384387,FQ (MAP)
2,1,191,73.396787499405,FQ (MAP)
2,1,194,82.40384296131474,FQ (MAP)
2,1,198,122.93036097294906,FQ (MAP)
2,1,0,100.29708834511612,True model
2,1,2,74.46425343100991,True model
2,1,4,100.73059419357448,True model
2,1,6,97.8737238728296,True model
2,1,10,112.51331363038348,True model
2,1,11,134.99840931656385,True model
2,1,22,82.21105125164544,True model
2,1,23,94.60526551721124,True model
2,1,25,89.05753581009569,True model
2,1,26,85.00642351479038,True model
2,1,27,125.23854432920643,True model
2,1,28,75.93661552082159,True model
2,1,32,95.01026845248094,True model
2,1,33,72.92195447556225,True model
2,1,36,70.05359789358921,True model
2,1,39,77.01736931835316,True model
2,1,40,129.25318659153345,True model
2,1,41,76.19542346259294,True model
2,1,44,87.89772275334147,True model
2,1,46,134.7771745575272,True model
2,1,47,79.14288825080742,True model
2,1,51,67.29896767634136,True model
2,1,61,109.44791043761438,True model
2,1,62,62.07293524378765,True model
2,1,64,132.62054680858822,True model
2,1,70,72.3656560141734,True model
2,1,77,97.31048606411107,True model
2,1,81,86.23253431401454,True model
2,1,85,131.96302509389886,True model
2,1,90,100.2277061445995,True model
2,1,94,129.26536752747433,True model
2,1,100,97.13703278312116,True model
2,1,101,93.60702329597282,True model
2,1,108,81.33099190416856,True model
2,1,109,134.76631884401155,True model
2,1,111,138.62252892100614,True model
2,1,112,115.6050599085912,True model
2,1,113,117.5661288905555,True model
2,1,118,128.1366230735432,True model
2,1,120,80.35890688486103,True model
2,1,123,97.69404406474268,True model
2,1,127,126.87590572404696,True model
2,1,136,61.26391192749949,True model
2,1,139,81.97795168193073,True model
2,1,141,75.71620409019044,True model
2,1,142,68.05140730541058,True model
2,1,144,98.74782261686602,True model
2,1,145,82.02643205592047,True model
2,1,146,92.98798995187236,True model
2,1,147,70.44449651671991,True model
2,1,153,84.27831453332566,True model
2,1,154,59.48060745396168,True model
2,1,155,70.71720493681607,True model
2,1,156,87.41789375264872,True model
2,1,159,79.28246283821184,True model
2,1,161,77.93770051845752,True model
2,1,162,79.69975045895632,True model
2,1,163,112.58422131837814,True model
2,1,166,91.4814407190492,True model
2,1,168,107.13638131212396,True model
2,1,184,81.01186992894942,True model
2,1,187,116.94607690640343,True model
2,1,189,83.80682150749874,True model
2,1,190,132.20576391949044,True model
2,1,191,74.1852817911006,True model
2,1,194,82.59943885542532,True model
2,1,198,121.89859037241769,True model
2,2,1,101.7975513874074,Q (common fit)
2,2,3,76.38403455901255,Q (common fit)
2,2,7,105.69745371281604,Q (common fit)
2,2,8,119.634580354521,Q (common fit)
2,2,13,84.14989362283553,Q (common fit)
2,2,14,133.66465201642146,Q (common fit)
2,2,17,107.87891263019496,Q (common fit)
2,2,20,128.12259395284244,Q (common fit)
2,2,21,132.09552337431816,Q (common fit)
2,2,34,140.88445313336584,Q (common fit)
2,2,37,139.01252314269152,Q (common fit)
2,2,43,131.88689565873224,Q (common fit)
2,2,48,107.49726484802024,Q (common fit)
2,2,49,118.53518957963284,Q (common fit)
2,2,50,130.8657745755587,Q (common fit)
2,2,52,125.24166792596918,Q (common fit)
2,2,53,96.19978304447028,Q (common fit)
2,2,54,102.89201626382912,Q (common fit)
2,2,57,86.60728963807055,Q (common fit)
2,2,58,142.04785142661896,Q (common fit)
2,2,59,141.32548360119213,Q (common fit)
2,2,63,137.34435157590508,Q (common fit)
2,2,71,91.79155520208415,Q (common fit)
2,2,72,139.7071156361884,Q (common fit)
2,2,74,100.25642455744878,Q (common fit)
2,2,80,123.57428214255278,Q (common fit)
2,2,83,120.1791388249035,Q (common fit)
2,2,87,129.37075905496812,Q (common fit)
2,2,88,131.31295009216262,Q (common fit)
2,2,89,135.62988670556646,Q (common fit)
2,2,91,116.8461650016444,Q (common fit)
2,2,92,129.70070084095482,Q (common fit)
2,2,99,119.16670105252103,Q (common fit)
2,2,102,132.1416536165269,Q (common fit)
2,2,103,130.2441181816824,Q (common fit)
2,2,105,138.97419166151684,Q (common fit)
2,2,106,111.274865671197,Q (common fit)
2,2,107,98.76033920926471,Q (common fit)
2,2,110,136.78178221050902,Q (common fit)
2,2,116,91.29586387599691,Q (common fit)
2,2,121,101.29878038802067,Q (common fit)
2,2,129,108.50751291914376,Q (common fit)
2,2,130,90.45222135262762,Q (common fit)
2,2,131,129.341696094393,Q (common fit)
2,2,133,79.51674911997593,Q (common fit)
2,2,134,102.23420179747058,Q (common fit)
2,2,138,134.05688276134205,Q (common fit)
2,2,149,85.04023207521816,Q (common fit)
2,2,151,114.57956785155407,Q (common fit)
2,2,157,135.9358128061712,Q (common fit)
2,2,160,125.131997830021,Q (common fit)
2,2,167,135.08164624687367,Q (common fit)
2,2,171,135.64167781044773,Q (common fit)
2,2,175,77.16182758410432,Q (common fit)
2,2,176,109.03760672358696,Q (common fit)
2,2,178,114.70695186817028,Q (common fit)
2,2,179,81.23725238342803,Q (common fit)
2,2,180,128.84425661009516,Q (common fit)
2,2,181,114.48243879699687,Q (common fit)
2,2,183,124.4808950548461,Q (common fit)
2,2,185,76.91808992937226,Q (common fit)
2,2,188,96.32437581521891,Q (common fit)
2,2,192,96.45871641430804,Q (common fit)
2,2,193,128.49908431264234,Q (common fit)
2,2,196,96.03967579951848,Q (common fit)
2,2,199,90.83188303324118,Q (common fit)
2,2,1,100.01166039566483,Q (MAP)
2,2,3,71.53971442270617,Q (MAP)
2,2,7,101.84232862916669,Q (MAP)
2,2,8,116.55323926211418,Q (MAP)
2,2,13,81.83837263184293,Q (MAP)
2,2,14,132.69911649328816,Q (MAP)
2,2,17,109.19572707545298,Q (MAP)
2,2,20,127.4429391042738,Q (MAP)
2,2,21,130.8738315118677,Q (MAP)
2,2,34,140.88558089218455,Q (MAP)
2,2,37,138.45501489036525,Q (MAP)
2,2,43,131.1248607303342,Q (MAP)
2,2,48,108.10130016653449,Q (MAP)
2,2,49,112.088637395596,Q (MAP)
2,2,50,128.85998373875628,Q (MAP)
2,2,52,123.1597325306084,Q (MAP)
2,2,53,86.65061590853587,Q (MAP)
2,2,54,101.4977625130936,Q (MAP)
2,2,57,86.41874513895395,Q (MAP)
2,2,58,140.5200233614516,Q (MAP)
2,2,59,139.86645364346097,Q (MAP)
2,2,63,137.1784559293636,Q (MAP)
2,2,71,91.47438679783716,Q (MAP)
2,2,72,138.5919969284636,Q (MAP)
2,2,74,80.17685376467833,Q (MAP)
2,2,80,115.9394288576512,Q (MAP)
2,2,83,111.78629735304008,Q (MAP)
2,2,87,129.04532440669544,Q (MAP)
2,2,88,128.72202095738714,Q (MAP)
2,2,89,134.89983301176864,Q (MAP)
2,2,91,116.68078474036534,Q (MAP)
2,2,92,127.53604641875232,Q (MAP)
2,2,99,93.84313511708616,Q (MAP)
2,2,102,131.6566497972268,Q (MAP)
2,2,103,130.04793533816067,Q (MAP)
2,2,105,139.12249507157557,Q (MAP)
2,2,106,107.0401804266164,Q (MAP)
2,2,107,95.17593938625264,Q (MAP)
2,2,110,137.45538774796933,Q (MAP)
2,2,116,83.26463694822614,Q (MAP)
2,2,121,80.2610391081446,Q (MAP)
2,2,129,107.67576209274723,Q (MAP)
2,2,130,89.33057537352501,Q (MAP)
2,2,131,127.87301343625305,Q (MAP)
2,2,133,77.11512250748599,Q (MAP)
2,2,134,94.35349122491397,Q (MAP)
2,2,138,134.49107837426607,Q (MAP)
2,2,149,83.02556565698414,Q (MAP)
2,2,151,106.87376750838516,Q (MAP)
2,2,157,133.18988084100067,Q (MAP)
2,2,160,124.35637722485004,Q (MAP)
2,2,167,135.06155693763554,Q (MAP)
2,2,171,115.976959142282,Q (MAP)
2,2,175,73.61299350721379,Q (MAP)
2,2,176,104.86239208641004,Q (MAP)
2,2,178,102.71480194260651,Q (MAP)
2,2,179,79.09273445080187,Q (MAP)
2,2,180,128.42891534760298,Q (MAP)
2,2,181,102.41660813584384,Q (MAP)
2,2,183,120.18047258338952,Q (MAP)
2,2,185,74.0099243443075,Q (MAP)
2,2,188,95.65574091959884,Q (MAP)
2,2,192,82.93305320147904,Q (MAP)
2,2,193,126.95549057985885,Q (MAP)
2,2,196,94.99268267390605,Q (MAP)
2,2,199,78.94885239682381,Q (MAP)
2,2,1,87.2593934234648,FQ (common fit)
2,2,3,66.48667412778968,FQ (common fit)
2,2,7,66.04183916563042,FQ (common fit)
2,2,8,117.8309452536676,FQ (common fit)
2,2,13,82.73063267355694,FQ (common fit)
2,2,14,133.10020583216578,FQ (common fit)
2,2,17,89.37265593261915,FQ (common fit)
2,2,20,125.47478619518267,FQ (common fit)
2,2,21,134.9158840197988,FQ (common fit)
2,2,34,138.9179788800878,FQ (common fit)
2,2,37,138.78544416301966,FQ (common fit)
2,2,43,132.23995766200673,FQ (common fit)
2,2,48,95.73434750087954,FQ (common fit)
2,2,49,111.32275129376812,FQ (common fit)
2,2,50,129.2872488212609,FQ (common fit)
2,2,52,124.80469532518514,FQ (common fit)
2,2,53,73.82058261649878,FQ (common fit)
2,2,54,70.11885552550719,FQ (common fit)
2,2,57,84.4622624339735,FQ (common fit)
2,2,58,142.0319280636989,FQ (common fit)
2,2,59,135.4911714329807,FQ (common fit)
2,2,63,135.56878545175732,FQ (common fit)
2,2,71,90.13162338760053,FQ (common fit)
2,2,72,138.63523434597798,FQ (common fit)
2,2,74,77.01519128823035,FQ (common fit)
2,2,80,121.01641359028883,FQ (common fit)
2,2,83,107.3576651691047,FQ (common fit)
2,2,87,122.05644894747162,FQ (common fit)
2,2,88,123.7043313575405,FQ (common fit)
2,2,89,134.02153420889897,FQ (common fit)
2,2,91,69.13519566674164,FQ (common fit)
2,2,92,129.96743860003957,FQ (common fit)
2,2,99,82.13578872500656,FQ (common fit)
2,2,102,132.23054060461322,FQ (common fit)
2,2,103,128.82168565553394,FQ (common fit)
2,2,105,136.44628168936362,FQ (common fit)
2,2,106,87.5684225500989,FQ (common fit)
2,2,107,79.68517508345325,FQ (common fit)
2,2,110,136.98022547245637,FQ (common fit)
2,2,116,86.52265057850872,FQ (common fit)
2,2,121,72.875157348496,FQ (common fit)
2,2,129,74.40267258178949,FQ (common fit)
2,2,130,86.26357096602594,FQ (common fit)
2,2,131,110.18029311472598,FQ (common fit)
2,2,133,79.24720871207117,FQ (common fit)
2,2,134,89.88437516047138,FQ (common fit)
2,2,138,133.25478930681703,FQ (common fit)
2,2,149,71.52881215311064,FQ (common fit)
2,2,151,104.19231127891784,FQ (common fit)
2,2,157,133.41490925030652,FQ (common fit)
2,2,160,124.8044721713704,FQ (common fit)
2,2,167,134.63769945889763,FQ (common fit)
2,2,171,103.63681954163566,FQ (common fit)
2,2,175,76.72263540781316,FQ (common fit)
2,2,176,69.59769651255846,FQ (common fit)
2,2,178,103.59974919174624,FQ (common fit)
2,2,179,79.71766465065235,FQ (common fit)
2,2,180,125.53547291105744,FQ (common fit)
2,2,181,94.18210736326982,FQ (common fit)
2,2,183,124.1212331725887,FQ (common fit)
2,2,185,58.0875783695345,FQ (common fit)
2,2,188,83.22678636916271,FQ (common fit)
2,2,192,79.76390117957239,FQ (common fit)
2,2,193,127.58542792266776,FQ (common fit)
2,2,196,81.08130786698537,FQ (common fit)
2,2,199,80.62370505772819,FQ (common fit)
2,2,1,79.04172647468879,FQ (MAP)
2,2,3,65.55531469333887,FQ (MAP)
2,2,7,56.923174598190975,FQ (MAP)
2,2,8,116.457364891367,FQ (MAP)
2,2,13,81.54925600523187,FQ (MAP)
2,2,14,132.97751637719486,FQ (MAP)
2,2,17,89.85354340797501,FQ (MAP)
2,2,20,123.95920392568696,FQ (MAP)
2,2,21,132.6669306568944,FQ (MAP)
2,2,34,139.09116412470476,FQ (MAP)
2,2,37,139.01849278022328,FQ (MAP)
2,2,43,131.57875403953898,FQ (MAP)
2,2,48,95.94190177965766,FQ (MAP)
2,2,49,101.07515751587503,FQ (MAP)
2,2,50,127.9683390604578,FQ (MAP)
2,2,52,123.27569181238836,FQ (MAP)
2,2,53,68.64612699627925,FQ (MAP)
2,2,54,67.47213783693563,FQ (MAP)
2,2,57,82.96338390805252,FQ (MAP)
2,2,58,140.48252027532666,FQ (MAP)
2,2,59,135.56997762996647,FQ (MAP)
2,2,63,135.60229257927537,FQ (MAP)
2,2,71,89.98456683264088,FQ (MAP)
2,2,72,138.92861594539832,FQ (MAP)
2,2,74,73.1932980810609,FQ (MAP)
2,2,80,116.41753774753104,FQ (MAP)
2,2,83,103.33649291683987,FQ (MAP)
2,2,87,121.26187556010932,FQ (MAP)
2,2,88,117.73481247930523,FQ (MAP)
2,2,89,133.80139422678292,FQ (MAP)
2,2,91,67.33019662798098,FQ (MAP)
2,2,92,128.22582478809755,FQ (MAP)
2,2,99,76.89009408922871,FQ (MAP)
2,2,102,132.09697420396623,FQ (MAP)
2,2,103,128.60489616247125,FQ (MAP)
2,2,105,136.5202969909448,FQ (MAP)
2,2,106,86.50120292180702,FQ (MAP)
2,2,107,73.30698918971974,FQ (MAP)
2,2,110,137.00079115688186,FQ (MAP)
2,2,116,79.73086835935176,FQ (MAP)
2,2,121,61.36814109825043,FQ (MAP)
2,2,129,74.21108916776623,FQ (MAP)
2,2,130,84.96824686634804,FQ (MAP)
2,2,131,107.9782854029406,FQ (MAP)
2,2,133,74.35734458755638,FQ (MAP)
2,2,134,81.14511379114317,FQ (MAP)
2,2,138,132.91408871298182,FQ (MAP)
2,2,149,71.57302454192335,FQ (MAP)
2,2,151,95.7545900108188,FQ (MAP)
2,2,157,133.32656593304887,FQ (MAP)
2,2,160,124.49176271216976,FQ (MAP)
2,2,167,134.31177853628046,FQ (MAP)
2,2,171,94.86649618547328,FQ (MAP)
2,2,175,74.14194434454308,FQ (MAP)
2,2,176,65.42454256304703,FQ (MAP)
2,2,178,93.347500368846,FQ (MAP)
2,2,179,76.92526152090372,FQ (MAP)
2,2,180,125.00754092651124,FQ (MAP)
2,2,181,87.57893028254671,FQ (MAP)
2,2,183,120.6870572474116,FQ (MAP)
2,2,185,56.309452232351326,FQ (MAP)
2,2,188,83.27534439062256,FQ (MAP)
2,2,192,70.17725755851042,FQ (MAP)
2,2,193,126.81206776808312,FQ (MAP)
2,2,196,78.14814051465979,FQ (MAP)
2,2,199,76.04455571365115,FQ (MAP)
2,2,1,77.74723286445607,True model
2,2,3,65.79044258842762,True model
2,2,7,56.35266815372771,True model
2,2,8,116.43292117084812,True model
2,2,13,81.32932494969052,True model
2,2,14,132.93458846275075,True model
2,2,17,90.0819311322592,True model
2,2,20,124.01623290772692,True model
2,2,21,132.249119167963,True model
2,2,34,139.11149935171142,True model
2,2,37,138.21350403969666,True model
2,2,43,130.7057704085579,True model
2,2,48,97.27766873053338,True model
2,2,49,101.91102265354232,True model
2,2,50,127.50279921971946,True model
2,2,52,122.76636364930565,True model
2,2,53,67.68004072760904,True model
2,2,54,67.64624653695896,True model
2,2,57,83.02022209331861,True model
2,2,58,139.2368029920932,True model
2,2,59,135.48697045310334,True model
2,2,63,135.8010375662393,True model
2,2,71,91.74487735419518,True model
2,2,72,137.7440846477203,True model
2,2,74,73.04233765537069,True model
2,2,80,115.61351663474515,True model
2,2,83,103.53776615745636,True model
2,2,87,121.1043335717692,True model
2,2,88,116.72477671832414,True model
2,2,89,133.9140809320508,True model
2,2,91,67.29011392079677,True model
2,2,92,127.71204430840872,True model
2,2,99,77.03227818177828,True model
2,2,102,132.49733702855377,True model
2,2,103,128.63907147332625,True model
2,2,105,136.5917741962972,True model
2,2,106,87.16612951406861,True model
2,2,107,73.28308921235285,True model
2,2,110,136.87175108760317,True model
2,2,116,79.53728131833012,True model
2,2,121,60.55564326352108,True model
2,2,129,74.46173872096912,True model
2,2,130,85.57645713123173,True model
2,2,131,107.8114431243931,True model
2,2,133,76.20336885828925,True model
2,2,134,79.91487540057632,True model
2,2,138,132.95079323729897,True model
2,2,149,72.23041537095745,True model
2,2,151,97.3703459619222,True model
2,2,157,133.9057918360282,True model
2,2,160,124.5290743249481,True model
2,2,167,134.38893514941327,True model
2,2,171,94.9678938167522,True model
2,2,175,73.97430352553658,True model
2,2,176,65.46967648901835,True model
2,2,178,92.20416276163331,True model
2,2,179,77.64784565943151,True model
2,2,180,124.99619590692512,True model
2,2,181,87.31532917581033,True model
2,2,183,119.87516671193224,True model
2,2,185,56.261003708194494,True model
2,2,188,83.19100446209549,True model
2,2,192,69.23608093877769,True model
2,2,193,126.668721982342,True model
2,2,196,77.97125565646034,True model
2,2,199,75.64216772910586,True model
3,0,5,164.19138511169356,Q (common fit)
3,0,9,86.64277262496604,Q (common fit)
3,0,12,129.82877176820853,Q (common fit)
3,0,15,97.0516792584742,Q (common fit)
3,0,16,129.4465228144948,Q (common fit)
3,0,18,85.67188153854579,Q (common fit)
3,0,19,81.49253001303538,Q (common fit)
3,0,24,105.8363742152076,Q (common fit)
3,0,29,125.15440569507818,Q (common fit)
3,0,30,109.4110656469596,Q (common fit)
3,0,31,103.25166935613404,Q (common fit)
3,0,35,127.73766826920024,Q (common fit)
3,0,38,115.29312272798674,Q (common fit)
3,0,42,104.40647031115375,Q (common fit)
3,0,45,103.71003620942246,Q (common fit)
3,0,55,130.11988343224544,Q (common fit)
3,0,56,160.53569018809483,Q (common fit)
3,0,60,128.5928460399495,Q (common fit)
3,0,65,93.66353507006554,Q (common fit)
3,0,66,114.82888532874824,Q (common fit)
3,0,67,122.0795064705949,Q (common fit)
3,0,68,120.99660072856024,Q (common fit)
3,0,69,129.37783223735295,Q (common fit)
3,0,73,129.9143576460262,Q (common fit)
3,0,75,87.56068384772675,Q (common fit)
3,0,76,98.04284892728178,Q (common fit)
3,0,78,69.6433342999281,Q (common fit)
3,0,79,109.7371176536465,Q (common fit)
3,0,82,93.43968796684716,Q (common fit)
3,0,84,101.18999730903764,Q (common fit)
3,0,86,108.30420851638084,Q (common fit)
3,0,93,105.75511513661296,Q (common fit)
3,0,95,131.10341937510768,Q (common fit)
3,0,96,126.09642521695568,Q (common fit)
3,0,97,135.1094890852806,Q (common fit)
3,0,98,140.68378503250162,Q (common fit)
3,0,104,81.14836703174169,Q (common fit)
3,0,114,123.54292150409918,Q (common fit)
3,0,115,132.11140432676305,Q (common fit)
3,0,117,108.51671746441684,Q (common fit)
3,0,119,102.81199849937262,Q (common fit)
3,0,122,119.07449055698171,Q (common fit)
3,0,124,80.90417698697277,Q (common fit)
3,0,125,93.5028028000102,Q (common fit)
3,0,126,132.64638221866895,Q (common fit)
3,0,128,127.43968610197764,Q (common fit)
3,0,132,136.61055996353062,Q (common fit)
3,0,135,74.8082723882466,Q (common fit)
3,0,137,107.14613033347892,Q (common fit)
3,0,140,94.0685069262218,Q (common fit)
3,0,143,87.22551955518752,Q (common fit)
3,0,148,140.11847717659276,Q (common fit)
3,0,150,88.92436624256797,Q (common fit)
3,0,152,135.54123285283535,Q (common fit)
3,0,158,132.79583635405598,Q (common fit)
3,0,164,141.4464955930694,Q (common fit)
3,0,165,100.43717935411888,Q (common fit)
3,0,169,98.39800547771269,Q (common fit)
3,0,170,130.11124141123744,Q (common fit)
3,0,172,128.891414656679,Q (common fit)
3,0,173,89.15352380587281,Q (common fit)
3,0,174,87.56723851210056,Q (common fit)
3,0,177,133.77820188167968,Q (common fit)
3,0,182,82.38439752825,Q (common fit)
3,0,186,87.98191267332183,Q (common fit)
3,0,195,100.60013373379414,Q (common fit)
3,0,197,145.15831990497497,Q (common fit)
3,0,5,131.2598464001846,Q (MAP)
3,0,9,83.90248008210534,Q (MAP)
3,0,12,129.70098433038217,Q (MAP)
3,0,15,88.80651098913484,Q (MAP)
3,0,16,129.74551279540643,Q (MAP)
3,0,18,85.0884708693743,Q (MAP)
3,0,19,79.71743374470307,Q (MAP)
3,0,24,105.9194050722871,Q (MAP)
3,0,29,116.37786175731264,Q (MAP)
3,0,30,111.23868798881058,Q (MAP)
3,0,31,101.93287118613716,Q (MAP)
3,0,35,128.29240627154542,Q (MAP)
3,0,38,105.81593477691082,Q (MAP)
3,0,42,96.79592900531456,Q (MAP)
3,0,45,104.00940308309664,Q (MAP)
3,0,55,129.44052106817713,Q (MAP)
3,0,56,142.89437065901586,Q (MAP)
3,0,60,128.45066448911507,Q (MAP)
3,0,65,93.11976599824472,Q (MAP)
3,0,66,104.97792020926234,Q (MAP)
3,0,67,118.14979821191088,Q (MAP)
3,0,68,117.05668937273325,Q (MAP)
3,0,69,129.06037247310906,Q (MAP)
3,0,73,127.2175704364004,Q (MAP)
3,0,75,86.1044750732266,Q (MAP)
3,0,76,83.2593243480756,Q (MAP)
3,0,78,68.03056080547906,Q (MAP)
3,0,79,92.89502210620812,Q (MAP)
3,0,82,88.77495347967823,Q (MAP)
3,0,84,100.3688197863051,Q (MAP)
3,0,86,103.55167218633206,Q (MAP)
3,0,93,106.70388371835358,Q (MAP)
3,0,95,131.69788647765395,Q (MAP)
3,0,96,125.89172892097282,Q (MAP)
3,0,97,135.11552898902747,Q (MAP)
3,0,98,123.96958697131907,Q (MAP)
3,0,104,71.53182250052265,Q (MAP)
3,0,114,126.30431660031245,Q (MAP)
3,0,115,132.628934254871,Q (MAP)
3,0,117,104.45995001886013,Q (MAP)
3,0,119,103.88520077930173,Q (MAP)
3,0,122,115.01715241168849,Q (MAP)
3,0,124,77.3317720338342,Q (MAP)
3,0,125,93.71296481397825,Q (MAP)
3,0,126,132.60894469527463,Q (MAP)
3,0,128,117.47383413651416,Q (MAP)
3,0,132,136.95510451734327,Q (MAP)
3,0,135,72.14835206265928,Q (MAP)
3,0,137,106.69819739755836,Q (MAP)
3,0,140,84.71032405054956,Q (MAP)
3,0,143,84.71294043752594,Q (MAP)
3,0,148,137.85419649708325,Q (MAP)
3,0,150,71.31231354082944,Q (MAP)
3,0,152,136.06961935773177,Q (MAP)
3,0,158,108.6965541313503,Q (MAP)
3,0,164,137.99625561360514,Q (MAP)
3,0,165,97.57937041935448,Q (MAP)
3,0,169,99.3132832839034,Q (MAP)
3,0,170,130.0476337382523,Q (MAP)
3,0,172,126.53208008903552,Q (MAP)
3,0,173,83.29556035105962,Q (MAP)
3,0,174,83.90706198045498,Q (MAP)
3,0,177,134.06360893967033,Q (MAP)
3,0,182,71.53711552272833,Q (MAP)
3,0,186,79.28788369876801,Q (MAP)
3,0,195,97.61512413892892,Q (MAP)
3,0,197,147.11102163027104,Q (MAP)
3,0,5,105.56265178517218,FQ (common fit)
3,0,9,68.52195917484869,FQ (common fit)
3,0,12,130.79578170280004,FQ (common fit)
3,0,15,76.81231623433882,FQ (common fit)
3,0,16,127.47802544669634,FQ (common fit)
3,0,18,79.58948599606904,FQ (common fit)
3,0,19,65.57473496297226,FQ (common fit)
3,0,24,91.30239069985528,FQ (common fit)
3,0,29,122.58359653893844,FQ (common fit)
3,0,30,93.33896056131664,FQ (common fit)
3,0,31,101.36117282777742,FQ (common fit)
3,0,35,122.81348519946904,FQ (common fit)
3,0,38,81.65595532092226,FQ (common fit)
3,0,42,107.00547339932535,FQ (common fit)
3,0,45,88.86643605685197,FQ (common fit)
3,0,55,129.42080839163287,FQ (common fit)
3,0,56,122.50700845907453,FQ (common fit)
3,0,60,129.62131977015878,FQ (common fit)
3,0,65,67.86301504276224,FQ (common fit)
3,0,66,113.96414511588182,FQ (common fit)
3,0,67,119.65351306153428,FQ (common fit)
3,0,68,121.97642887984694,FQ (common fit)
3,0,69,129.2934073616043,FQ (common fit)
3,0,73,126.45668994951504,FQ (common fit)
3,0,75,69.64027385370564,FQ (common fit)
3,0,76,84.39011833262649,FQ (common fit)
3,0,78,71.76193276872793,FQ (common fit)
3,0,79,95.3181782833273,FQ (common fit)
3,0,82,82.70777086158246,FQ (common fit)
3,0,84,95.85710989180096,FQ (common fit)
3,0,86,77.6161259202233,FQ (common fit)
3,0,93,64.5776389763361,FQ (common fit)
3,0,95,131.13124748556694,FQ (common fit)
3,0,96,126.38096367134985,FQ (common fit)
3,0,97,134.32029766099873,FQ (common fit)
3,0,98,143.21305130219525,FQ (common fit)
3,0,104,69.51999856436491,FQ (common fit)
3,0,114,98.10849305611949,FQ (common fit)
3,0,115,127.08951860071498,FQ (common fit)
3,0,117,77.60764591980428,FQ (common fit)
3,0,119,89.849598712437,FQ (common fit)
3,0,122,105.36522089650312,FQ (common fit)
3,0,124,69.02684428612349,FQ (common fit)
3,0,125,88.76607174827487,FQ (common fit)
3,0,126,129.90767933341596,FQ (common fit)
3,0,128,123.60499184905328,FQ (common fit)
3,0,132,136.63176514845614,FQ (common fit)
3,0,135,64.99843878498967,FQ (common fit)
3,0,137,87.03098420769226,FQ (common fit)
3,0,140,81.61482496858463,FQ (common fit)
3,0,143,67.87860168213149,FQ (common fit)
3,0,148,138.0887693097844,FQ (common fit)
3,0,150,75.29256512799414,FQ (common fit)
3,0,152,133.62795329724645,FQ (common fit)
3,0,158,104.92306457001688,FQ (common fit)
3,0,164,142.2279000899882,FQ (common fit)
3,0,165,81.47230069817837,FQ (common fit)
3,0,169,89.18211795322439,FQ (common fit)
3,0,170,124.98426896999467,FQ (common fit)
3,0,172,127.594311849578,FQ (common fit)
3,0,173,89.95382413943292,FQ (common fit)
3,0,174,72.40038834861053,FQ (common fit)
3,0,177,132.86507330613904,FQ (common fit)
3,0,182,72.84862647817776,FQ (common fit)
3,0,186,58.476049355048254,FQ (common fit)
3,0,195,92.0970329431962,FQ (common fit)
3,0,197,135.16085290146012,FQ (common fit)
3,0,5,100.8645595659459,FQ (MAP)
3,0,9,64.67719700323154,FQ (MAP)
3,0,12,130.66286830764955,FQ (MAP)
3,0,15,75.2379293609331,FQ (MAP)
3,0,16,127.3045573647389,FQ (MAP)
3,0,18,78.7935668845912,FQ (MAP)
3,0,19,64.65331613368802,FQ (MAP)
3,0,24,90.99953787910388,FQ (MAP)
3,0,29,112.39030668246768,FQ (MAP)
3,0,30,92.73353889885104,FQ (MAP)
3,0,31,98.05960395677457,FQ (MAP)
3,0,35,121.58923668488386,FQ (MAP)
3,0,38,77.94246171477356,FQ (MAP)
3,0,42,98.71314174639896,FQ (MAP)
3,0,45,88.9947188470895,FQ (MAP)
3,0,55,129.09925215144057,FQ (MAP)
3,0,56,112.31312348173527,FQ (MAP)
3,0,60,129.59572756068275,FQ (MAP)
3,0,65,67.45795142219225,FQ (MAP)
3,0,66,106.94957733270684,FQ (MAP)
3,0,67,117.36760023808132,FQ (MAP)
3,0,68,111.83394781499727,FQ (MAP)
3,0,69,129.03587598180349,FQ (MAP)
3,0,73,125.13717679644073,FQ (MAP)
3,0,75,68.84875647603575,FQ (MAP)
3,0,76,75.24027641322009,FQ (MAP)
3,0,78,70.14788860793973,FQ (MAP)
3,0,79,88.29680898548455,FQ (MAP)
3,0,82,82.99073551125322,FQ (MAP)
3,0,84,96.56464097423272,FQ (MAP)
3,0,86,71.55531822407691,FQ (MAP)
3,0,93,64.24928821624908,FQ (MAP)
3,0,95,131.19152175784996,FQ (MAP)
3,0,96,126.15633545898982,FQ (MAP)
3,0,97,133.83527195425094,FQ (MAP)
3,0,98,122.97786302657047,FQ (MAP)
3,0,104,64.37381077674137,FQ (MAP)
3,0,114,95.79007964366389,FQ (MAP)
3,0,115,126.80271027691067,FQ (MAP)
3,0,117,75.33313842875643,FQ (MAP)
3,0,119,89.29025407203147,FQ (MAP)
3,0,122,103.8783283180382,FQ (MAP)
3,0,124,68.08373230348838,FQ (MAP)
3,0,125,88.98957109437308,FQ (MAP)
3,0,126,129.93220471915978,FQ (MAP)
3,0,128,112.0566065076226,FQ (MAP)
3,0,132,136.10525985857456,FQ (MAP)
3,0,135,62.97294778110837,FQ (MAP)
3,0,137,84.18187066107791,FQ (MAP)
3,0,140,73.39162640036193,FQ (MAP)
3,0,143,67.50443731245159,FQ (MAP)
3,0,148,136.26739072392417,FQ (MAP)
3,0,150,64.95732302431415,FQ (MAP)
3,0,152,133.85676728863947,FQ (MAP)
3,0,158,93.82174652257962,FQ (MAP)
3,0,164,137.3717330879132,FQ (MAP)
3,0,165,78.2556314545227,FQ (MAP)
3,0,169,89.30931438753441,FQ (MAP)
3,0,170,124.76409168397686,FQ (MAP)
3,0,172,126.72303945241974,FQ (MAP)
3,0,173,84.31580176787551,FQ (MAP)
3,0,174,70.52756517979975,FQ (MAP)
3,0,177,132.8267989476832,FQ (MAP)
3,0,182,65.18266883346692,FQ (MAP)
3,0,186,52.75854629550673,FQ (MAP)
3,0,195,88.42751009240155,FQ (MAP)
3,0,197,134.50647670306225,FQ (MAP)
3,0,5,100.577692762385,True model
3,0,9,64.65496524163974,True model
3,0,12,133.1673516753851,True model
3,0,15,75.67130126458324,True model
3,0,16,127.346314858253,True model
3,0,18,79.23867402316793,True model
3,0,19,64.96875035843928,True model
3,0,24,91.4136586196397,True model
3,0,29,111.91434652467846,True model
3,0,30,92.6061364168376,True model
3,0,31,97.8108339961203,True model
3,0,35,121.132857331855,True model
3,0,38,77.8889047056266,True model
3,0,42,98.0640642871964,True model
3,0,45,89.40083451850869,True model
3,0,55,129.0152615421938,True model
3,0,56,112.05241033046742,True model
3,0,60,129.56220331813182,True model
3,0,65,67.42379733738466,True model
3,0,66,106.69915974732208,True model
3,0,67,117.11440903584486,True model
3,0,68,111.1905768477078,True model
3,0,69,129.1080150120076,True model
3,0,73,124.90725273128773,True model
3,0,75,69.84193235856273,True model
3,0,76,76.0917129725425,True model
3,0,78,70.38380166780352,True model
3,0,79,88.11862615785873,True model
3,0,82,83.88044231896242,True model
3,0,84,96.5076928061213,True model
3,0,86,71.81872700829378,True model
3,0,93,64.55729121227228,True model
3,0,95,131.62774078974385,True model
3,0,96,126.4941173886306,True model
3,0,97,134.45979220335397,True model
3,0,98,122.56063444963002,True model
3,0,104,63.39720992518583,True model
3,0,114,95.97794245966612,True model
3,0,115,128.8568247474021,True model
3,0,117,75.50820261902169,True model
3,0,119,89.46907551131704,True model
3,0,122,103.89035914037,True model
3,0,124,68.87667943021863,True model
3,0,125,88.90962896980096,True model
3,0,126,130.98960896828228,True model
3,0,128,110.9595731534761,True model
3,0,132,136.28761177842193,True model
3,0,135,63.23252453692983,True model
3,0,137,84.01904832806181,True model
3,0,140,72.32833550188198,True model
3,0,143,69.62274098348365,True model
3,0,148,135.71187883420993,True model
3,0,150,64.13966759366303,True model
3,0,152,135.5382515021634,True model
3,0,158,97.41494344837464,True model
3,0,164,136.71172561575986,True model
3,0,165,78.35048716143359,True model
3,0,169,90.95991007694953,True model
3,0,170,124.79409529908764,True model
3,0,172,127.10905518327527,True model
3,0,173,85.47074612889179,True model
3,0,174,70.59927878804487,True model
3,0,177,132.81560464001834,True model
3,0,182,64.115123351846,True model
3,0,186,52.3456912846726,True model
3,0,195,89.70400533212019,True model
3,0,197,133.94995633268786,True model
3,1,0,129.40120612802286,Q (common fit)
3,1,2,94.62819132602934,Q (common fit)
3,1,4,112.10826166724026,Q (common fit)
3,1,6,137.72583403144944,Q (common fit)
3,1,10,115.57556731537544,Q (common fit)
3,1,11,97.86084971477918,Q (common fit)
3,1,22,101.82206479500736,Q (common fit)
3,1,23,125.2936160374437,Q (common fit)
3,1,25,129.66869424898883,Q (common fit)
3,1,26,104.70320464547083,Q (common fit)
3,1,27,140.05155142130158,Q (common fit)
3,1,28,101.73982253045774,Q (common fit)
3,1,32,135.8647943189025,Q (common fit)
3,1,33,126.49227099981364,Q (common fit)
3,1,36,126.81712974958444,Q (common fit)
3,1,39,78.60673124259013,Q (common fit)
3,1,40,113.16252581771248,Q (common fit)
3,1,41,122.26316152877178,Q (common fit)
3,1,44,92.20929003612912,Q (common fit)
3,1,46,131.62569750510136,Q (common fit)
3,1,47,95.4814718196248,Q (common fit)
3,1,51,91.56609435217072,Q (common fit)
3,1,61,102.0287998371894,Q (common fit)
3,1,62,137.43834821063666,Q (common fit)
3,1,64,86.94984732371438,Q (common fit)
3,1,70,127.34460457031828,Q (common fit)
3,1,77,104.3731237156674,Q (common fit)
3,1,81,77.78958417436772,Q (common fit)
3,1,85,86.53495618305224,Q (common fit)
3,1,90,129.2749075469043,Q (common fit)
3,1,94,128.84757699157058,Q (common fit)
3,1,100,144.02193671039086,Q (common fit)
3,1,101,111.13157627037135,Q (common fit)
3,1,108,138.10066109898818,Q (common fit)
3,1,109,134.66613197820652,Q (common fit)
3,1,111,130.70009639535573,Q (common fit)
3,1,112,84.46261531067931,Q (common fit)
3,1,113,93.57348098681216,Q (common fit)
3,1,118,127.205793769884,Q (common fit)
3,1,120,81.90960790983908,Q (common fit)
3,1,123,136.30388272508085,Q (common fit)
3,1,127,107.80255098190506,Q (common fit)
3,1,136,135.0167289878201,Q (common fit)
3,1,139,136.58352473984837,Q (common fit)
3,1,141,128.54539233892487,Q (common fit)
3,1,142,85.42112492470446,Q (common fit)
3,1,144,142.09581863575715,Q (common fit)
3,1,145,112.2152536244708,Q (common fit)
3,1,146,78.90721425336021,Q (common fit)
3,1,147,91.21357010849108,Q (common fit)
3,1,153,80.12354070475764,Q (common fit)
3,1,154,138.4028382534331,Q (common fit)
3,1,155,113.77795518876574,Q (common fit)
3,1,156,126.83469341539364,Q (common fit)
3,1,159,135.91513926810947,Q (common fit)
3,1,161,72.34501049563255,Q (common fit)
3,1,162,128.68144505925204,Q (common fit)
3,1,163,142.73495954166606,Q (common fit)
3,1,166,112.78346622364089,Q (common fit)
3,1,168,104.54670859238286,Q (common fit)
3,1,184,99.51351533968877,Q (common fit)
3,1,187,104.15430688432808,Q (common fit)
3,1,189,101.69365943611838,Q (common fit)
3,1,190,140.00876332802082,Q (common fit)
3,1,191,102.38941530317038,Q (common fit)
3,1,194,74.90387564501513,Q (common fit)
3,1,198,102.05861652773174,Q (common fit)
3,1,0,128.1198065733093,Q (MAP)
3,1,2,92.89123814442502,Q (MAP)
3,1,4,110.69436145886074,Q (MAP)
3,1,6,136.47029004378936,Q (MAP)
3,1,10,99.18361680265956,Q (MAP)
3,1,11,88.32920187772864,Q (MAP)
3,1,22,99.83776171688189,Q (MAP)
3,1,23,112.5429451403416,Q (MAP)
3,1,25,129.36220370709268,Q (MAP)
3,1,26,103.59893255668808,Q (MAP)
3,1,27,138.6269915904544,Q (MAP)
3,1,28,99.95560023939528,Q (MAP)
3,1,32,115.19739369371877,Q (MAP)
3,1,33,124.6580357223766,Q (MAP)
3,1,36,125.64632231234926,Q (MAP)
3,1,39,74.2475100205918,Q (MAP)
3,1,40,97.9228837447424,Q (MAP)
3,1,41,120.86589661534276,Q (MAP)
3,1,44,91.21846843467364,Q (MAP)
3,1,46,131.3739508357198,Q (MAP)
3,1,47,96.36136351322146,Q (MAP)
3,1,51,91.68947151172692,Q (MAP)
3,1,61,97.74219393787816,Q (MAP)
3,1,62,137.94937201033812,Q (MAP)
3,1,64,86.04948856999313,Q (MAP)
3,1,70,125.4030977972926,Q (MAP)
3,1,77,96.21210531370316,Q (MAP)
3,1,81,71.01571736835672,Q (MAP)
3,1,85,82.55497392020291,Q (MAP)
3,1,90,128.30801116084822,Q (MAP)
3,1,94,126.6071076736324,Q (MAP)
3,1,100,140.29833674117515,Q (MAP)
3,1,101,112.7009041583412,Q (MAP)
3,1,108,127.18581003066512,Q (MAP)
3,1,109,129.53634052567452,Q (MAP)
3,1,111,130.7936782512442,Q (MAP)
3,1,112,77.76751660208656,Q (MAP)
3,1,113,91.13987465993418,Q (MAP)
3,1,118,121.7781079936392,Q (MAP)
3,1,120,79.79269335420325,Q (MAP)
3,1,123,126.07040516870568,Q (MAP)
3,1,127,103.52196857747722,Q (MAP)
3,1,136,135.39415423654947,Q (MAP)
3,1,139,132.97707929646643,Q (MAP)
3,1,141,125.75885109663182,Q (MAP)
3,1,142,82.33695373948298,Q (MAP)
3,1,144,141.6715246147968,Q (MAP)
3,1,145,105.85328130911518,Q (MAP)
3,1,146,77.04858437738547,Q (MAP)
3,1,147,90.37976861709782,Q (MAP)
3,1,153,67.22622564542904,Q (MAP)
3,1,154,138.89344047690173,Q (MAP)
3,1,155,109.81837598961188,Q (MAP)
3,1,156,126.15692534677704,Q (MAP)
3,1,159,136.2458202784201,Q (MAP)
3,1,161,70.12071703913463,Q (MAP)
3,1,162,126.99741936508356,Q (MAP)
3,1,163,146.7003938605333,Q (MAP)
3,1,166,111.20738899772196,Q (MAP)
3,1,168,92.09816738950376,Q (MAP)
3,1,184,99.52942802174827,Q (MAP)
3,1,187,102.91418389906752,Q (MAP)
3,1,189,93.7077520422344,Q (MAP)
3,1,190,138.12840582725013,Q (MAP)
3,1,191,102.7000023398244,Q (MAP)
3,1,194,72.25243347817627,Q (MAP)
3,1,198,90.39119391742206,Q (MAP)
3,1,0,123.2896859048713,FQ (common fit)
3,1,2,77.83697626332443,FQ (common fit)
3,1,4,96.2914590020494,FQ (common fit)
3,1,6,138.8482845095249,FQ (common fit)
3,1,10,108.77738682693908,FQ (common fit)
3,1,11,83.17912120927386,FQ (common fit)
3,1,22,64.78445454161975,FQ (common fit)
3,1,23,82.95848297026076,FQ (common fit)
3,1,25,126.10714010071312,FQ (common fit)
3,1,26,91.53652923115489,FQ (common fit)
3,1,27,139.22736453771543,FQ (common fit)
3,1,28,75.34959885848235,FQ (common fit)
3,1,32,123.45403509178225,FQ (common fit)
3,1,33,124.93341859236546,FQ (common fit)
3,1,36,122.53080875530632,FQ (common fit)
3,1,39,75.84260715813134,FQ (common fit)
3,1,40,99.9654963731426,FQ (common fit)
3,1,41,122.0683828770975,FQ (common fit)
3,1,44,90.48233922023005,FQ (common fit)
3,1,46,132.19270380976474,FQ (common fit)
3,1,47,93.01774918438468,FQ (common fit)
3,1,51,85.56657465696944,FQ (common fit)
3,1,61,97.61154648130872,FQ (common fit)
3,1,62,136.01235360829276,FQ (common fit)
3,1,64,83.82826936378663,FQ (common fit)
3,1,70,122.41952732982934,FQ (common fit)
3,1,77,103.14230795430328,FQ (common fit)
3,1,81,58.608200065754886,FQ (common fit)
3,1,85,80.80465451931452,FQ (common fit)
3,1,90,133.82306483749997,FQ (common fit)
3,1,94,123.86602783031404,FQ (common fit)
3,1,100,143.53334293561034,FQ (common fit)
3,1,101,84.83105317626858,FQ (common fit)
3,1,108,115.18850941548196,FQ (common fit)
3,1,109,135.8459684494117,FQ (common fit)
3,1,111,130.8093341006363,FQ (common fit)
3,1,112,76.96106093159068,FQ (common fit)
3,1,113,82.4877981492052,FQ (common fit)
3,1,118,123.40745678612484,FQ (common fit)
3,1,120,50.03774743161296,FQ (common fit)
3,1,123,118.60224887864648,FQ (common fit)
3,1,127,87.09078571526923,FQ (common fit)
3,1,136,135.26773506219925,FQ (common fit)
3,1,139,133.95268561846402,FQ (common fit)
3,1,141,130.86869309436094,FQ (common fit)
3,1,142,76.21298598316928,FQ (common fit)
3,1,144,139.30862222020667,FQ (common fit)
3,1,145,110.1087364627032,FQ (common fit)
3,1,146,81.70644491777678,FQ (common fit)
3,1,147,65.71841389121647,FQ (common fit)
3,1,153,64.8506521863113,FQ (common fit)
3,1,154,132.2399692090449,FQ (common fit)
3,1,155,102.87586530849282,FQ (common fit)
3,1,156,127.70819310828342,FQ (common fit)
3,1,159,129.8378559766668,FQ (common fit)
3,1,161,69.94736792552712,FQ (common fit)
3,1,162,127.60821014805153,FQ (common fit)
3,1,163,82.33829288013592,FQ (common fit)
3,1,166,83.26812373242709,FQ (common fit)
3,1,168,89.77800029958712,FQ (common fit)
3,1,184,98.54820286554802,FQ (common fit)
3,1,187,90.49241203844127,FQ (common fit)
3,1,189,94.41177183422836,FQ (common fit)
3,1,190,136.53054615642128,FQ (common fit)
3,1,191,85.31604623485627,FQ (common fit)
3,1,194,72.88184377790934,FQ (common fit)
3,1,198,85.41478926841768,FQ (common fit)
3,1,0,123.32800559162628,FQ (MAP)
3,1,2,72.45768416246639,FQ (MAP)
3,1,4,94.03455253359542,FQ (MAP)
3,1,6,136.49780308246895,FQ (MAP)
3,1,10,94.09653975794622,FQ (MAP)
3,1,11,74.00590437001868,FQ (MAP)
3,1,22,63.30329437129511,FQ (MAP)
3,1,23,79.98732407810652,FQ (MAP)
3,1,25,124.31665116421486,FQ (MAP)
3,1,26,88.6585462210851,FQ (MAP)
3,1,27,138.74685851200744,FQ (MAP)
3,1,28,73.563858012069,FQ (MAP)
3,1,32,113.303584540414,FQ (MAP)
3,1,33,123.66802439219504,FQ (MAP)
3,1,36,121.97476374249888,FQ (MAP)
3,1,39,75.43122102765895,FQ (MAP)
3,1,40,91.43907422037675,FQ (MAP)
3,1,41,121.83005588800307,FQ (MAP)
3,1,44,89.18203976989456,FQ (MAP)
3,1,46,132.27302942016044,FQ (MAP)
3,1,47,93.35597202196118,FQ (MAP)
3,1,51,84.32545861097408,FQ (MAP)
3,1,61,95.49973011263629,FQ (MAP)
3,1,62,135.07920684578136,FQ (MAP)
3,1,64,83.42084063589009,FQ (MAP)
3,1,70,119.06850756571768,FQ (MAP)
3,1,77,94.46103391158424,FQ (MAP)
3,1,81,56.20643997932581,FQ (MAP)
3,1,85,79.90646920892762,FQ (MAP)
3,1,90,132.13549992083298,FQ (MAP)
3,1,94,121.78964866643454,FQ (MAP)
3,1,100,139.7596746944048,FQ (MAP)
3,1,101,83.19092721407051,FQ (MAP)
3,1,108,108.97571467219085,FQ (MAP)
3,1,109,130.74934231340072,FQ (MAP)
3,1,111,130.42509573758647,FQ (MAP)
3,1,112,73.3095819572572,FQ (MAP)
3,1,113,79.27422044661475,FQ (MAP)
3,1,118,119.02690915224524,FQ (MAP)
3,1,120,47.99273750628059,FQ (MAP)
3,1,123,111.9086778838948,FQ (MAP)
3,1,127,81.84990487537848,FQ (MAP)
3,1,136,135.40831391717302,FQ (MAP)
3,1,139,131.69460862452453,FQ (MAP)
3,1,141,126.74596680631204,FQ (MAP)
3,1,142,74.17353531145264,FQ (MAP)
3,1,144,139.59991624506853,FQ (MAP)
3,1,145,105.2295639757758,FQ (MAP)
3,1,146,81.66915391722269,FQ (MAP)
3,1,147,64.16393955965019,FQ (MAP)
3,1,153,59.96972110393028,FQ (MAP)
3,1,154,131.76142351699275,FQ (MAP)
3,1,155,100.19707662139488,FQ (MAP)
3,1,156,127.54867028162872,FQ (MAP)
3,1,159,129.32585981307204,FQ (MAP)
3,1,161,69.09449411631164,FQ (MAP)
3,1,162,126.75465552679458,FQ (MAP)
3,1,163,82.5534620518215,FQ (MAP)
3,1,166,82.1189174808779,FQ (MAP)
3,1,168,81.02565516578606,FQ (MAP)
3,1,184,98.72126043212684,FQ (MAP)
3,1,187,90.12112874581848,FQ (MAP)
3,1,189,92.45401223387644,FQ (MAP)
3,1,190,136.02061600870763,FQ (MAP)
3,1,191,78.02931049824358,FQ (MAP)
3,1,194,72.14349935219556,FQ (MAP)
3,1,198,75.35682202293201,FQ (MAP)
3,1,0,123.29860110285222,True model
3,1,2,72.67934194856628,True model
3,1,4,94.12811603807252,True model
3,1,6,135.73073523904128,True model
3,1,10,93.6320784526974,True model
3,1,11,72.27644312653764,True model
3,1,22,63.31075478218172,True model
3,1,23,81.1069411021332,True model
3,1,25,123.74272371958568,True model
3,1,26,88.43508132134347,True model
3,1,27,139.78934036905827,True model
3,1,28,73.58723005752074,True model
3,1,32,112.88525134470018,True model
3,1,33,123.41314467469456,True model
3,1,36,122.07976204881489,True model
3,1,39,75.6479364125614,True model
3,1,40,91.56903974368024,True model
3,1,41,121.94007782047504,True model
3,1,44,89.05393908275248,True model
3,1,46,132.5028376192643,True model
3,1,47,93.41865311681336,True model
3,1,51,84.29258916377864,True model
3,1,61,95.41757026375144,True model
3,1,62,134.09412032968208,True model
3,1,64,83.71285214015072,True model
3,1,70,118.71723280814814,True model
3,1,77,93.9980972372714,True model
3,1,81,56.27943735031042,True model
3,1,85,79.89399873721696,True model
3,1,90,131.57265381047256,True model
3,1,94,121.32642482627088,True model
3,1,100,138.6523829495527,True model
3,1,101,83.04349060833502,True model
3,1,108,109.36637301535691,True model
3,1,109,130.12415980887312,True model
3,1,111,131.10899929150082,True model
3,1,112,73.08503625963368,True model
3,1,113,78.92890391670986,True model
3,1,118,117.9354580471538,True model
3,1,120,48.67387117204693,True model
3,1,123,111.6228209335289,True model
3,1,127,81.11283035628145,True model
3,1,136,135.4697918379498,True model
3,1,139,129.7353046518106,True model
3,1,141,127.63140665284196,True model
3,1,142,75.24311967891882,True model
3,1,144,139.44454041578143,True model
3,1,145,104.85430069109223,True model
3,1,146,82.53081156465844,True model
3,1,147,64.781833130907,True model
3,1,153,63.34347242569896,True model
3,1,154,131.270839282966,True model
3,1,155,100.03636330618772,True model
3,1,156,128.01847824928788,True model
3,1,159,129.42310023697553,True model
3,1,161,69.09721969714037,True model
3,1,162,126.63564521645456,True model
3,1,163,83.28162685758659,True model
3,1,166,82.04759085092675,True model
3,1,168,81.97617935408536,True model
3,1,184,98.92566340008744,True model
3,1,187,90.23497010541207,True model
3,1,189,92.3209679263768,True model
3,1,190,135.87401195063666,True model
3,1,191,77.32547764656046,True model
3,1,194,72.240333123305,True model
3,1,198,74.61591138753198,True model
3,2,1,132.02808745283315,Q (common fit)
3,2,3,86.04266467946387,Q (common fit)
3,2,7,120.34254713081884,Q (common fit)
3,2,8,123.55192824854244,Q (common fit)
3,2,13,109.45457958560432,Q (common fit)
3,2,14,108.02235180359418,Q (common fit)
3,2,17,132.12863458524194,Q (common fit)
3,2,20,131.27594297955395,Q (common fit)
3,2,21,124.0228370414299,Q (common fit)
3,2,34,125.3073682003742,Q (common fit)
3,2,37,135.48982556461024,Q (common fit)
3,2,43,74.17666230755005,Q (common fit)
3,2,48,127.53257502564512,Q (common fit)
3,2,49,103.08386696426427,Q (common fit)
3,2,50,100.85818919097387,Q (common fit)
3,2,52,83.75416419389539,Q (common fit)
3,2,53,136.53398337208233,Q (common fit)
3,2,54,110.77644424637494,Q (common fit)
3,2,57,141.0205955619528,Q (common fit)
3,2,58,133.06128404209835,Q (common fit)
3,2,59,107.30011888451548,Q (common fit)
3,2,63,122.72983751609765,Q (common fit)
3,2,71,131.84785316637328,Q (common fit)
3,2,72,133.97654001714938,Q (common fit)
3,2,74,86.23980968913055,Q (common fit)
3,2,80,101.18009756034432,Q (common fit)
3,2,83,99.59242844964018,Q (common fit)
3,2,87,130.33202772296625,Q (common fit)
3,2,88,132.0138029784916,Q (common fit)
3,2,89,126.12458718819693,Q (common fit)
3,2,91,125.30359037944946,Q (common fit)
3,2,92,101.94211901764515,Q (common fit)
3,2,99,94.86913547310829,Q (common fit)
3,2,102,83.2352290329842,Q (common fit)
3,2,103,136.97611417271415,Q (common fit)
3,2,105,88.6965406421507,Q (common fit)
3,2,106,78.2878583999585,Q (common fit)
3,2,107,94.60268481215176,Q (common fit)
3,2,110,140.39632994898193,Q (common fit)
3,2,116,126.6128916541978,Q (common fit)
3,2,121,127.67857498203053,Q (common fit)
3,2,129,99.66799212212298,Q (common fit)
3,2,130,114.18344520202344,Q (common fit)
3,2,131,69.86390291272716,Q (common fit)
3,2,133,133.3054948917289,Q (common fit)
3,2,134,104.76012038949858,Q (common fit)
3,2,138,117.47284618980238,Q (common fit)
3,2,149,84.7790608396469,Q (common fit)
3,2,151,131.7573853964661,Q (common fit)
3,2,157,69.92438343251402,Q (common fit)
3,2,160,102.54034234120492,Q (common fit)
3,2,167,121.41908484198336,Q (common fit)
3,2,171,122.51409461256804,Q (common fit)
3,2,175,104.34063180458335,Q (common fit)
3,2,176,61.590127544074015,Q (common fit)
3,2,178,93.2734396752762,Q (common fit)
3,2,179,128.3316191980777,Q (common fit)
3,2,180,88.84326389937881,Q (common fit)
3,2,181,138.7548356158685,Q (common fit)
3,2,183,114.11938518850002,Q (common fit)
3,2,185,113.8120511171268,Q (common fit)
3,2,188,94.32573707230868,Q (common fit)
3,2,192,143.07153667267255,Q (common fit)
3,2,193,107.5754382979841,Q (common fit)
3,2,196,124.53187815446248,Q (common fit)
3,2,199,93.66962984309684,Q (common fit)
3,2,1,131.5640817187313,Q (MAP)
3,2,3,85.9773016293873,Q (MAP)
3,2,7,115.17573497028845,Q (MAP)
3,2,8,119.39708953976428,Q (MAP)
3,2,13,105.74839260073573,Q (MAP)
3,2,14,106.368897653382,Q (MAP)
3,2,17,132.99118023224938,Q (MAP)
3,2,20,130.3685461187677,Q (MAP)
3,2,21,121.58335751232748,Q (MAP)
3,2,34,121.7662989424249,Q (MAP)
3,2,37,135.7140540587594,Q (MAP)
3,2,43,63.55175785678468,Q (MAP)
3,2,48,127.47726440765382,Q (MAP)
3,2,49,102.31508606298226,Q (MAP)
3,2,50,86.73652062346308,Q (MAP)
3,2,52,74.07514759252261,Q (MAP)
3,2,53,135.00125505176982,Q (MAP)
3,2,54,110.20835709563772,Q (MAP)
3,2,57,139.48093845993557,Q (MAP)
3,2,58,131.66153344905487,Q (MAP)
3,2,59,103.58760932758533,Q (MAP)
3,2,63,122.55193280260664,Q (MAP)
3,2,71,131.65152927431342,Q (MAP)
3,2,72,77.13631971821788,Q (MAP)
3,2,74,82.00476406020759,Q (MAP)
3,2,80,96.0461223027535,Q (MAP)
3,2,83,89.04484948530883,Q (MAP)
3,2,87,127.99439924402247,Q (MAP)
3,2,88,129.9455313819337,Q (MAP)
3,2,89,126.11859211821914,Q (MAP)
3,2,91,124.18980851117902,Q (MAP)
3,2,92,96.9586488130582,Q (MAP)
3,2,99,91.08646620379096,Q (MAP)
3,2,102,81.09587772661871,Q (MAP)
3,2,103,136.76866308517918,Q (MAP)
3,2,105,82.99017978696786,Q (MAP)
3,2,106,75.47590572820637,Q (MAP)
3,2,107,89.76310226725515,Q (MAP)
3,2,110,137.73245603185822,Q (MAP)
3,2,116,121.29293833064617,Q (MAP)
3,2,121,118.56127459089218,Q (MAP)
3,2,129,98.28609971242288,Q (MAP)
3,2,130,111.4377867420337,Q (MAP)
3,2,131,64.69442281675532,Q (MAP)
3,2,133,132.79509670212752,Q (MAP)
3,2,134,94.76046426418768,Q (MAP)
3,2,138,111.8435742082857,Q (MAP)
3,2,149,83.9752706093807,Q (MAP)
3,2,151,131.7412129045884,Q (MAP)
3,2,157,61.454960995765326,Q (MAP)
3,2,160,100.08765346053102,Q (MAP)
3,2,167,116.51347190575716,Q (MAP)
3,2,171,114.76300370043138,Q (MAP)
3,2,175,103.65724079869725,Q (MAP)
3,2,176,54.87388638412057,Q (MAP)
3,2,178,90.77833209571531,Q (MAP)
3,2,179,127.93142411755248,Q (MAP)
3,2,180,88.07413503204863,Q (MAP)
3,2,181,139.35503049706452,Q (MAP)
3,2,183,111.49302209249964,Q (MAP)
3,2,185,114.16730273508726,Q (MAP)
3,2,188,92.85214979054416,Q (MAP)
3,2,192,144.19476695012025,Q (MAP)
3,2,193,106.2662663251532,Q (MAP)
3,2,196,123.09176182078237,Q (MAP)
3,2,199,93.6323929550082,Q (MAP)
3,2,1,132.1189148173403,FQ (common fit)
3,2,3,78.25034173512987,FQ (common fit)
3,2,7,115.09754843185048,FQ (common fit)
3,2,8,76.98976937955368,FQ (common fit)
3,2,13,108.53546517808272,FQ (common fit)
3,2,14,97.3319665651712,FQ (common fit)
3,2,17,116.22180808214776,FQ (common fit)
3,2,20,125.16309725355303,FQ (common fit)
3,2,21,118.4944109943592,FQ (common fit)
3,2,34,121.30817085038574,FQ (common fit)
3,2,37,135.44551067922418,FQ (common fit)
3,2,43,68.40783948418053,FQ (common fit)
3,2,48,126.05063162239246,FQ (common fit)
3,2,49,106.62643233960664,FQ (common fit)
3,2,50,79.94456999788311,FQ (common fit)
3,2,52,76.17909900984739,FQ (common fit)
3,2,53,136.11700635334716,FQ (common fit)
3,2,54,75.24869342837236,FQ (common fit)
3,2,57,140.53880854469048,FQ (common fit)
3,2,58,135.22423285467178,FQ (common fit)
3,2,59,98.34125410552372,FQ (common fit)
3,2,63,62.52946823356499,FQ (common fit)
3,2,71,133.47321515666775,FQ (common fit)
3,2,72,79.53568689716542,FQ (common fit)
3,2,74,78.99439820635617,FQ (common fit)
3,2,80,91.0081662317042,FQ (common fit)
3,2,83,93.50993188218776,FQ (common fit)
3,2,87,128.72135040153623,FQ (common fit)
3,2,88,129.71283982494694,FQ (common fit)
3,2,89,126.40049589921146,FQ (common fit)
3,2,91,123.91235852712778,FQ (common fit)
3,2,92,80.67417583210845,FQ (common fit)
3,2,99,99.57448894520113,FQ (common fit)
3,2,102,69.70620964762591,FQ (common fit)
3,2,103,136.65672620468789,FQ (common fit)
3,2,105,82.08371243451872,FQ (common fit)
3,2,106,70.4070552231278,FQ (common fit)
3,2,107,82.72128451534991,FQ (common fit)
3,2,110,133.43006252535827,FQ (common fit)
3,2,116,125.43990603050874,FQ (common fit)
3,2,121,124.75289058382174,FQ (common fit)
3,2,129,92.21826320243036,FQ (common fit)
3,2,130,69.26744900154344,FQ (common fit)
3,2,131,70.02426875805621,FQ (common fit)
3,2,133,133.14533552440864,FQ (common fit)
3,2,134,88.79789428739367,FQ (common fit)
3,2,138,90.48569341830174,FQ (common fit)
3,2,149,79.95981928782174,FQ (common fit)
3,2,151,132.09340617663452,FQ (common fit)
3,2,157,53.36291612163221,FQ (common fit)
3,2,160,67.66568993930616,FQ (common fit)
3,2,167,115.41270711181257,FQ (common fit)
3,2,171,122.64539235002265,FQ (common fit)
3,2,175,100.5149141299234,FQ (common fit)
3,2,176,49.82327988676562,FQ (common fit)
3,2,178,75.85676065872195,FQ (common fit)
3,2,179,130.6022334147827,FQ (common fit)
3,2,180,86.78553128409197,FQ (common fit)
3,2,181,136.76417119004924,FQ (common fit)
3,2,183,70.15793262219185,FQ (common fit)
3,2,185,73.14329535222608,FQ (common fit)
3,2,188,83.85630189937574,FQ (common fit)
3,2,192,94.89901395978548,FQ (common fit)
3,2,193,81.74268130239079,FQ (common fit)
3,2,196,124.39744954199146,FQ (common fit)
3,2,199,74.44648131730982,FQ (common fit)
3,2,1,131.7913531239656,FQ (MAP)
3,2,3,78.0783820854391,FQ (MAP)
3,2,7,112.21171442865032,FQ (MAP)
3,2,8,77.02299774163151,FQ (MAP)
3,2,13,103.82559361949234,FQ (MAP)
3,2,14,94.27131432718528,FQ (MAP)
3,2,17,114.93540800772772,FQ (MAP)
3,2,20,124.8116601535832,FQ (MAP)
3,2,21,117.00560562990307,FQ (MAP)
3,2,34,119.97209480565338,FQ (MAP)
3,2,37,135.49935196389652,FQ (MAP)
3,2,43,61.22676105528919,FQ (MAP)
3,2,48,125.71310662823832,FQ (MAP)
3,2,49,103.60410666448826,FQ (MAP)
3,2,50,69.80757909390307,FQ (MAP)
3,2,52,68.82828838412046,FQ (MAP)
3,2,53,134.8546402153195,FQ (MAP)
3,2,54,74.3514497115053,FQ (MAP)
3,2,57,139.77879923089108,FQ (MAP)
3,2,58,131.91932231558567,FQ (MAP)
3,2,59,97.44754351324173,FQ (MAP)
3,2,63,61.33902564456422,FQ (MAP)
3,2,71,133.41158476172194,FQ (MAP)
3,2,72,69.97386012544702,FQ (MAP)
3,2,74,76.14762657855718,FQ (MAP)
3,2,80,83.38623455522361,FQ (MAP)
3,2,83,85.2508860489436,FQ (MAP)
3,2,87,126.34437477956804,FQ (MAP)
3,2,88,128.47274365974175,FQ (MAP)
3,2,89,126.38327283657772,FQ (MAP)
3,2,91,122.24906762498082,FQ (MAP)
3,2,92,75.93552678532863,FQ (MAP)
3,2,99,92.2707830280806,FQ (MAP)
3,2,102,67.50890791496234,FQ (MAP)
3,2,103,136.59273436034508,FQ (MAP)
3,2,105,80.1914866229671,FQ (MAP)
3,2,106,69.24741402329639,FQ (MAP)
3,2,107,82.01264773262977,FQ (MAP)
3,2,110,132.69079674264498,FQ (MAP)
3,2,116,123.3696638858417,FQ (MAP)
3,2,121,118.21005347226496,FQ (MAP)
3,2,129,92.10066439826464,FQ (MAP)
3,2,130,67.82265016543694,FQ (MAP)
3,2,131,64.15378582712879,FQ (MAP)
3,2,133,132.23017100174232,FQ (MAP)
3,2,134,78.07550492388599,FQ (MAP)
3,2,138,89.48087695011196,FQ (MAP)
3,2,149,78.79608407945668,FQ (MAP)
3,2,151,131.00160328560608,FQ (MAP)
3,2,157,49.86434886410857,FQ (MAP)
3,2,160,66.08589561856571,FQ (MAP)
3,2,167,111.64795812918268,FQ (MAP)
3,2,171,116.47257879480492,FQ (MAP)
3,2,175,94.2537793169757,FQ (MAP)
3,2,176,48.33373506783551,FQ (MAP)
3,2,178,73.71777462937631,FQ (MAP)
3,2,179,129.61183364865485,FQ (MAP)
3,2,180,86.70367363038083,FQ (MAP)
3,2,181,136.89569075821117,FQ (MAP)
3,2,183,63.73823487151521,FQ (MAP)
3,2,185,72.35982101866925,FQ (MAP)
3,2,188,83.6738191756176,FQ (MAP)
3,2,192,89.9720100201039,FQ (MAP)
3,2,193,80.99184128946733,FQ (MAP)
3,2,196,122.891639371897,FQ (MAP)
3,2,199,71.56782643566501,FQ (MAP)
3,2,1,133.7453827983109,True model
3,2,3,78.17957658917383,True model
3,2,7,111.78270847483329,True model
3,2,8,77.72759071596697,True model
3,2,13,104.56442206443518,True model
3,2,14,94.15467762392711,True model
3,2,17,115.15741400640826,True model
3,2,20,126.78134570481411,True model
3,2,21,117.2999045692336,True model
3,2,34,120.53615498335456,True model
3,2,37,135.6886455331441,True model
3,2,43,59.99936239349776,True model
3,2,48,126.50714037775826,True model
3,2,49,103.4752034327838,True model
3,2,50,68.86492346053711,True model
3,2,52,67.59650028466098,True model
3,2,53,133.3421380131341,True model
3,2,54,74.33583362469219,True model
3,2,57,139.44166041446232,True model
3,2,58,132.72026274686246,True model
3,2,59,97.57668426899976,True model
3,2,63,64.16308671320857,True model
3,2,71,133.3473549637419,True model
3,2,72,68.72579168502206,True model
3,2,74,75.94176373837146,True model
3,2,80,82.7430402762206,True model
3,2,83,85.25589996081514,True model
3,2,87,126.869714649947,True model
3,2,88,128.05147971391523,True model
3,2,89,126.3857752397228,True model
3,2,91,121.93273954509596,True model
3,2,92,75.57641970313213,True model
3,2,99,91.97607906482438,True model
3,2,102,67.48760088451823,True model
3,2,103,136.65712640530813,True model
3,2,105,80.17972680305564,True model
3,2,106,69.18655079237787,True model
3,2,107,83.83405816302141,True model
3,2,110,134.53387283009005,True model
3,2,116,122.81457471884278,True model
3,2,121,117.17144636207132,True model
3,2,129,92.19855089082355,True model
3,2,130,67.80955663728463,True model
3,2,131,64.23472221744348,True model
3,2,133,132.38270938494878,True model
3,2,134,76.67793315078612,True model
3,2,138,89.58826667572181,True model
3,2,149,78.91956959020348,True model
3,2,151,130.91025856734285,True model
3,2,157,49.557031941871074,True model
3,2,160,66.07438451504922,True model
3,2,167,111.54002492601744,True model
3,2,171,115.49048650065578,True model
3,2,175,94.30320256704545,True model
3,2,176,49.66805726619304,True model
3,2,178,75.36346866357982,True model
3,2,179,129.97641114123343,True model
3,2,180,86.7875754060271,True model
3,2,181,137.70332769002846,True model
3,2,183,63.06691943170087,True model
3,2,185,72.5996637931395,True model
3,2,188,84.26807054864989,True model
3,2,192,89.69109179803012,True model
3,2,193,81.02183262335394,True model
3,2,196,122.4467310417898,True model
3,2,199,71.29809108947089,True model
5,0,5,111.7205241653966,Q (common fit)
5,0,9,94.8501347055283,Q (common fit)
5,0,12,132.31033187375724,Q (common fit)
5,0,15,137.49622060219068,Q (common fit)
5,0,16,81.98877637200019,Q (common fit)
5,0,18,138.32747916616913,Q (common fit)
5,0,19,121.80650746207448,Q (common fit)
5,0,24,122.05762290986992,Q (common fit)
5,0,29,140.98488164462648,Q (common fit)
5,0,30,135.18376254321578,Q (common fit)
5,0,31,133.7304272234589,Q (common fit)
5,0,35,132.56399144805053,Q (common fit)
5,0,38,87.61493973596863,Q (common fit)
5,0,42,113.81804131130971,Q (common fit)
5,0,45,107.81804562585866,Q (common fit)
5,0,55,89.43579154716988,Q (common fit)
5,0,56,122.68068858836637,Q (common fit)
5,0,60,81.74647623214574,Q (common fit)
5,0,65,74.98557977068488,Q (common fit)
5,0,66,109.26878161869476,Q (common fit)
5,0,67,73.55731155544505,Q (common fit)
5,0,68,166.78546099402,Q (common fit)
5,0,69,118.2434410697284,Q (common fit)
5,0,73,85.623169840157,Q (common fit)
5,0,75,75.03039447959193,Q (common fit)
5,0,76,92.2650955758276,Q (common fit)
5,0,78,94.84385200624531,Q (common fit)
5,0,79,99.7501336985048,Q (common fit)
5,0,82,135.24279595612066,Q (common fit)
5,0,84,138.07570786312087,Q (common fit)
5,0,86,77.17022985585581,Q (common fit)
5,0,93,87.77816154054977,Q (common fit)
5,0,95,96.18685553982546,Q (common fit)
5,0,96,134.55448474208288,Q (common fit)
5,0,97,73.56440205590523,Q (common fit)
5,0,98,96.59259253284247,Q (common fit)
5,0,104,131.7242603210825,Q (common fit)
5,0,114,76.38180383509223,Q (common fit)
5,0,115,127.3598484527666,Q (common fit)
5,0,117,87.18215187354369,Q (common fit)
5,0,119,117.73747602345856,Q (common fit)
5,0,122,129.40771595522364,Q (common fit)
5,0,124,103.14690478471115,Q (common fit)
5,0,125,130.62758813843644,Q (common fit)
5,0,126,88.67438280421818,Q (common fit)
5,0,128,142.27241685906915,Q (common fit)
5,0,132,125.54063570792157,Q (common fit)
5,0,135,73.32775433965907,Q (common fit)
5,0,137,101.23222725225924,Q (common fit)
5,0,140,98.9329393264793,Q (common fit)
5,0,143,97.6947351514208,Q (common fit)
5,0,148,106.28499394624116,Q (common fit)
5,0,150,100.05305614708564,Q (common fit)
5,0,152,142.69728665011183,Q (common fit)
5,0,158,129.6977033111585,Q (common fit)
5,0,164,87.53144837783606,Q (common fit)
5,0,165,129.7150940507786,Q (common fit)
5,0,169,103.86472563433222,Q (common fit)
5,0,170,128.3775160979032,Q (common fit)
5,0,172,92.02705236918096,Q (common fit)
5,0,173,98.1362261655374,Q (common fit)
5,0,174,90.80699478050772,Q (common fit)
5,0,177,103.08008050938592,Q (common fit)
5,0,182,106.5767701358726,Q (common fit)
5,0,186,124.13190275742416,Q (common fit)
5,0,195,96.74786254579786,Q (common fit)
5,0,197,125.39831863739266,Q (common fit)
5,0,5,94.8552757258856,Q (MAP)
5,0,9,87.40407316338519,Q (MAP)
5,0,12,128.91759532183406,Q (MAP)
5,0,15,121.41059524596255,Q (MAP)
5,0,16,80.17682960410943,Q (MAP)
5,0,18,138.45497527083572,Q (MAP)
5,0,19,121.28355208058274,Q (MAP)
5,0,24,116.02577318441644,Q (MAP)
5,0,29,139.6894302960993,Q (MAP)
5,0,30,133.31096957088238,Q (MAP)
5,0,31,132.6295326710959,Q (MAP)
5,0,35,131.9445498222884,Q (MAP)
5,0,38,86.65213501491749,Q (MAP)
5,0,42,103.30050948794126,Q (MAP)
5,0,45,104.69578444504704,Q (MAP)
5,0,55,81.85182872592192,Q (MAP)
5,0,56,101.66526894859078,Q (MAP)
5,0,60,78.84634377286245,Q (MAP)
5,0,65,72.59813446648315,Q (MAP)
5,0,66,109.12364937762932,Q (MAP)
5,0,67,60.38340671000888,Q (MAP)
5,0,68,112.4720829520853,Q (MAP)
5,0,69,115.5320029873847,Q (MAP)
5,0,73,82.65416819247217,Q (MAP)
5,0,75,73.22129781533717,Q (MAP)
5,0,76,83.42498582713804,Q (MAP)
5,0,78,89.44275302450545,Q (MAP)
5,0,79,95.58136896795794,Q (MAP)
5,0,82,129.10418177186415,Q (MAP)
5,0,84,136.3402590115341,Q (MAP)
5,0,86,73.43711045640107,Q (MAP)
5,0,93,83.23593150008146,Q (MAP)
5,0,95,95.01553156789748,Q (MAP)
5,0,96,130.73395060587626,Q (MAP)
5,0,97,71.09189012593652,Q (MAP)
5,0,98,84.91970828165913,Q (MAP)
5,0,104,132.03635951231004,Q (MAP)
5,0,114,73.13608417464643,Q (MAP)
5,0,115,120.2273172356554,Q (MAP)
5,0,117,77.617246687298,Q (MAP)
5,0,119,119.756239250479,Q (MAP)
5,0,122,129.29593817097594,Q (MAP)
5,0,124,102.94256026728958,Q (MAP)
5,0,125,130.23510676151204,Q (MAP)
5,0,126,81.876942272474,Q (MAP)
5,0,128,137.17047940521377,Q (MAP)
5,0,132,127.85004522306224,Q (MAP)
5,0,135,69.31469655062416,Q (MAP)
5,0,137,99.9798587868336,Q (MAP)
5,0,140,95.23144836027888,Q (MAP)
5,0,143,95.60254658193688,Q (MAP)
5,0,148,94.03357638693628,Q (MAP)
5,0,150,86.2357980910437,Q (MAP)
5,0,152,141.25218506281325,Q (MAP)
5,0,158,127.85394847152855,Q (MAP)
5,0,164,85.36143761463597,Q (MAP)
5,0,165,125.7277962260738,Q (MAP)
5,0,169,101.77605730912954,Q (MAP)
5,0,170,128.45070783950297,Q (MAP)
5,0,172,91.11040660642256,Q (MAP)
5,0,173,96.36152958440564,Q (MAP)
5,0,174,91.34873793037748,Q (MAP)
5,0,177,102.62035614203238,Q (MAP)
5,0,182,98.38424519319544,Q (MAP)
5,0,186,125.94540667924376,Q (MAP)
5,0,195,95.67686624216014,Q (MAP)
5,0,197,120.773309811395,Q (MAP)
5,0,5,75.46992685078581,FQ (common fit)
5,0,9,74.06404471545115,FQ (common fit)
5,0,12,129.6643403444611,FQ (common fit)
5,0,15,98.530516550569,FQ (common fit)
5,0,16,74.80909087562793,FQ (common fit)
5,0,18,133.1414468531105,FQ (common fit)
5,0,19,123.04692419666964,FQ (common fit)
5,0,24,102.15939404726495,FQ (common fit)
5,0,29,141.6544867759426,FQ (common fit)
5,0,30,133.2838135487426,FQ (common fit)
5,0,31,131.77935005284883,FQ (common fit)
5,0,35,133.13696373912092,FQ (common fit)
5,0,38,78.94620785709795,FQ (common fit)
5,0,42,111.28185203969984,FQ (common fit)
5,0,45,87.25977079792386,FQ (common fit)
5,0,55,86.32728990231907,FQ (common fit)
5,0,56,99.8168065935651,FQ (common fit)
5,0,60,70.50398756829178,FQ (common fit)
5,0,65,71.44329091208554,FQ (common fit)
5,0,66,110.2410743723462,FQ (common fit)
5,0,67,43.57728289622751,FQ (common fit)
5,0,68,105.19869405758938,FQ (common fit)
5,0,69,100.28884404825696,FQ (common fit)
5,0,73,74.13534855099414,FQ (common fit)
5,0,75,67.19064816194921,FQ (common fit)
5,0,76,74.57388834501441,FQ (common fit)
5,0,78,79.13111673402703,FQ (common fit)
5,0,79,99.97527546818048,FQ (common fit)
5,0,82,98.85974822361824,FQ (common fit)
5,0,84,134.60956465629917,FQ (common fit)
5,0,86,65.9980815058279,FQ (common fit)
5,0,93,78.4693285822672,FQ (common fit)
5,0,95,84.24257434592093,FQ (common fit)
5,0,96,130.72316742861753,FQ (common fit)
5,0,97,69.17927298526263,FQ (common fit)
5,0,98,93.18261646826512,FQ (common fit)
5,0,104,128.3594610920418,FQ (common fit)
5,0,114,71.4757124265862,FQ (common fit)
5,0,115,123.7129404309128,FQ (common fit)
5,0,117,77.840187201816,FQ (common fit)
5,0,119,91.33399916895743,FQ (common fit)
5,0,122,128.1720664349591,FQ (common fit)
5,0,124,100.17412526165693,FQ (common fit)
5,0,125,132.6269319967641,FQ (common fit)
5,0,126,79.48520339360083,FQ (common fit)
5,0,128,148.8879812506584,FQ (common fit)
5,0,132,122.1049130530616,FQ (common fit)
5,0,135,70.40729494635697,FQ (common fit)
5,0,137,71.14623353677851,FQ (common fit)
5,0,140,82.55799421865929,FQ (common fit)
5,0,143,83.29306025669939,FQ (common fit)
5,0,148,106.28403395299917,FQ (common fit)
5,0,150,96.25639243301616,FQ (common fit)
5,0,152,139.45985885869146,FQ (common fit)
5,0,158,132.07814607228013,FQ (common fit)
5,0,164,80.85484764494763,FQ (common fit)
5,0,165,119.16737967126008,FQ (common fit)
5,0,169,90.56375940424192,FQ (common fit)
5,0,170,126.42376049901674,FQ (common fit)
5,0,172,81.35728123492738,FQ (common fit)
5,0,173,94.6898759563638,FQ (common fit)
5,0,174,84.63850847484721,FQ (common fit)
5,0,177,80.78770035350998,FQ (common fit)
5,0,182,85.46572378971734,FQ (common fit)
5,0,186,84.9818690459696,FQ (common fit)
5,0,195,97.15716505807954,FQ (common fit)
5,0,197,124.90298121507293,FQ (common fit)
5,0,5,70.82466668068952,FQ (MAP)
5,0,9,69.8788267458149,FQ (MAP)
5,0,12,129.09094659211857,FQ (MAP)
5,0,15,92.23168023709424,FQ (MAP)
5,0,16,73.93192427475962,FQ (MAP)
5,0,18,133.10490476456962,FQ (MAP)
5,0,19,121.96362248415784,FQ (MAP)
5,0,24,101.64539224892324,FQ (MAP)
5,0,29,140.25821414176,FQ (MAP)
5,0,30,132.4741370566283,FQ (MAP)
5,0,31,130.90330615255522,FQ (MAP)
5,0,35,132.98558727790643,FQ (MAP)
5,0,38,77.51522206189098,FQ (MAP)
5,0,42,99.62562716082154,FQ (MAP)
5,0,45,84.67819290660837,FQ (MAP)
5,0,55,80.39107511688846,FQ (MAP)
5,0,56,93.10521678221605,FQ (MAP)
5,0,60,70.33455982002086,FQ (MAP)
5,0,65,70.39496603451354,FQ (MAP)
5,0,66,104.8429308887347,FQ (MAP)
5,0,67,37.57773884810939,FQ (MAP)
5,0,68,91.52872248447092,FQ (MAP)
5,0,69,90.28579156646158,FQ (MAP)
5,0,73,72.53332220651609,FQ (MAP)
5,0,75,65.66158862654873,FQ (MAP)
5,0,76,70.98274540644718,FQ (MAP)
5,0,78,78.43605287868785,FQ (MAP)
5,0,79,92.36591630775456,FQ (MAP)
5,0,82,98.36143742269124,FQ (MAP)
5,0,84,133.5862967879785,FQ (MAP)
5,0,86,64.60983095269032,FQ (MAP)
5,0,93,75.29891080802187,FQ (MAP)
5,0,95,83.82892637693176,FQ (MAP)
5,0,96,129.07808191665222,FQ (MAP)
5,0,97,68.7225976041424,FQ (MAP)
5,0,98,85.75474748307937,FQ (MAP)
5,0,104,127.15282690487004,FQ (MAP)
5,0,114,71.01600307169073,FQ (MAP)
5,0,115,120.2642233001281,FQ (MAP)
5,0,117,69.14246923295565,FQ (MAP)
5,0,119,90.33217230524212,FQ (MAP)
5,0,122,128.01414902726495,FQ (MAP)
5,0,124,95.58869381431865,FQ (MAP)
5,0,125,132.2721141279216,FQ (MAP)
5,0,126,71.91907609351712,FQ (MAP)
5,0,128,125.82556134042744,FQ (MAP)
5,0,132,118.95007543045828,FQ (MAP)
5,0,135,67.30589425330828,FQ (MAP)
5,0,137,69.85471474037381,FQ (MAP)
5,0,140,80.09923327270134,FQ (MAP)
5,0,143,79.18251035951612,FQ (MAP)
5,0,148,94.09032026482495,FQ (MAP)
5,0,150,87.463544384706,FQ (MAP)
5,0,152,139.30256221662287,FQ (MAP)
5,0,158,129.3524228785783,FQ (MAP)
5,0,164,73.85658965634835,FQ (MAP)
5,0,165,117.61980182833646,FQ (MAP)
5,0,169,90.40802922432994,FQ (MAP)
5,0,170,126.4440385072007,FQ (MAP)
5,0,172,80.99737150936504,FQ (MAP)
5,0,173,91.70545960684196,FQ (MAP)
5,0,174,83.23744191288121,FQ (MAP)
5,0,177,80.48475382713941,FQ (MAP)
5,0,182,74.4175628588658,FQ (MAP)
5,0,186,83.56363621932896,FQ (MAP)
5,0,195,95.757009349358,FQ (MAP)
5,0,197,121.2641475486201,FQ (MAP)
5,0,5,71.12177467267978,True model
5,0,9,69.86822943027948,True model
5,0,12,129.0247251048107,True model
5,0,15,92.10678693798334,True model
5,0,16,76.59238272186309,True model
5,0,18,133.2214134242551,True model
5,0,19,121.8755995470318,True model
5,0,24,102.65343568882427,True model
5,0,29,138.866763062031,True model
5,0,30,132.61961393007908,True model
5,0,31,130.92691967234734,True model
5,0,35,133.21078429886973,True model
5,0,38,77.49399511180525,True model
5,0,42,98.9655141592976,True model
5,0,45,84.70293460660673,True model
5,0,55,79.25958298794284,True model
5,0,56,92.91712221569462,True model
5,0,60,70.33491450256797,True model
5,0,65,71.63213518025378,True model
5,0,66,104.80914993430191,True model
5,0,67,37.19377337810277,True model
5,0,68,91.095637609758,True model
5,0,69,88.8080214863989,True model
5,0,73,72.94479496233691,True model
5,0,75,65.4246892651934,True model
5,0,76,70.89236401629702,True model
5,0,78,78.56906584684636,True model
5,0,79,92.03263793874945,True model
5,0,82,98.36211145262708,True model
5,0,84,133.75304906400584,True model
5,0,86,64.73201287130968,True model
5,0,93,77.1370699897044,True model
5,0,95,83.81850870210148,True model
5,0,96,130.38933056531596,True model
5,0,97,68.92052927613383,True model
5,0,98,85.33797628761612,True model
5,0,104,127.134739295124,True model
5,0,114,71.57188658238616,True model
5,0,115,119.53008218688458,True model
5,0,117,69.34425727704796,True model
5,0,119,90.9818838167812,True model
5,0,122,128.94137867450766,True model
5,0,124,95.93166592419544,True model
5,0,125,132.3567458298471,True model
5,0,126,71.65105897817375,True model
5,0,128,125.17401475390172,True model
5,0,132,119.26876331568144,True model
5,0,135,67.73791213296644,True model
5,0,137,69.86453599357161,True model
5,0,140,80.85635942991611,True model
5,0,143,79.37117073492868,True model
5,0,148,94.33871560749478,True model
5,0,150,86.54068556298186,True model
5,0,152,138.85224235340718,True model
5,0,158,129.4376211596633,True model
5,0,164,73.56227830941836,True model
5,0,165,117.02807917359098,True model
5,0,169,90.37661454456908,True model
5,0,170,126.51569384593834,True model
5,0,172,81.00031172873994,True model
5,0,173,91.61432918007274,True model
5,0,174,83.29629824959693,True model
5,0,177,81.35864745964321,True model
5,0,182,73.41489463261792,True model
5,0,186,83.527061120323,True model
5,0,195,95.97898338313604,True model
5,0,197,120.1645601552921,True model
5,1,0,134.76422578253602,Q (common fit)
5,1,2,113.05160474258906,Q (common fit)
5,1,4,89.8743705622863,Q (common fit)
5,1,6,105.5197102757935,Q (common fit)
5,1,10,138.33179960218624,Q (common fit)
5,1,11,91.30619755102354,Q (common fit)
5,1,22,112.56377629310788,Q (common fit)
5,1,23,100.13991794653252,Q (common fit)
5,1,25,135.5938922593656,Q (common fit)
5,1,26,96.6820466268433,Q (common fit)
5,1,27,130.63214488413345,Q (common fit)
5,1,28,102.15623717296396,Q (common fit)
5,1,32,101.47244797334776,Q (common fit)
5,1,33,84.46369811227672,Q (common fit)
5,1,36,82.33059369327113,Q (common fit)
5,1,39,128.79448174505444,Q (common fit)
5,1,40,151.80598308377958,Q (common fit)
5,1,41,123.46818300694552,Q (common fit)
5,1,44,133.1200269727002,Q (common fit)
5,1,46,89.84237192466168,Q (common fit)
5,1,47,87.81020808577105,Q (common fit)
5,1,51,129.37093064898548,Q (common fit)
5,1,61,123.72306275956323,Q (common fit)
5,1,62,113.8711209620094,Q (common fit)
5,1,64,124.71824306984732,Q (common fit)
5,1,70,97.22011651702302,Q (common fit)
5,1,77,76.8248547272732,Q (common fit)
5,1,81,104.19098490302004,Q (common fit)
5,1,85,102.2357067469765,Q (common fit)
5,1,90,138.70112520139165,Q (common fit)
5,1,94,85.90849061976981,Q (common fit)
5,1,100,137.63369870233072,Q (common fit)
5,1,101,132.46638091353978,Q (common fit)
5,1,108,121.705208493053,Q (common fit)
5,1,109,120.48119146225632,Q (common fit)
5,1,111,107.9250567760173,Q (common fit)
5,1,112,121.72908523345264,Q (common fit)
5,1,113,102.08729167734376,Q (common fit)
5,1,118,89.36432756804598,Q (common fit)
5,1,120,133.22530406598804,Q (common fit)
5,1,123,131.018137896365,Q (common fit)
5,1,127,121.93305477357777,Q (common fit)
5,1,136,86.62595916549806,Q (common fit)
5,1,139,135.2323864415904,Q (common fit)
5,1,141,134.8448820160972,Q (common fit)
5,1,142,129.22097111690192,Q (common fit)
5,1,144,83.1496194112493,Q (common fit)
5,1,145,136.76525927637064,Q (common fit)
5,1,146,108.36356740562996,Q (common fit)
5,1,147,73.76116034243587,Q (common fit)
5,1,153,126.34717572071656,Q (common fit)
5,1,154,135.04358419505328,Q (common fit)
5,1,155,136.8763890357693,Q (common fit)
5,1,156,105.4533700161366,Q (common fit)
5,1,159,135.58463112616698,Q (common fit)
5,1,161,106.73950589922606,Q (common fit)
5,1,162,134.68055570696507,Q (common fit)
5,1,163,94.5566419594002,Q (common fit)
5,1,166,127.02659819662912,Q (common fit)
5,1,168,139.01741537206243,Q (common fit)
5,1,184,112.61675483981188,Q (common fit)
5,1,187,88.04624669052077,Q (common fit)
5,1,189,137.7877643592212,Q (common fit)
5,1,190,140.29891304125772,Q (common fit)
5,1,191,134.05460155167623,Q (common fit)
5,1,194,129.04272340125914,Q (common fit)
5,1,198,92.60791825183156,Q (common fit)
5,1,0,131.41061523607078,Q (MAP)
5,1,2,111.06165250134788,Q (MAP)
5,1,4,60.1398622375693,Q (MAP)
5,1,6,99.75404958856788,Q (MAP)
5,1,10,116.4016903655302,Q (MAP)
5,1,11,80.12226136772927,Q (MAP)
5,1,22,112.68493804830112,Q (MAP)
5,1,23,99.64670309316423,Q (MAP)
5,1,25,135.10187324142564,Q (MAP)
5,1,26,92.78748924257243,Q (MAP)
5,1,27,130.9942650572178,Q (MAP)
5,1,28,100.16068819192242,Q (MAP)
5,1,32,93.99343214633689,Q (MAP)
5,1,33,75.20493217541727,Q (MAP)
5,1,36,78.54271015887531,Q (MAP)
5,1,39,128.81527629145495,Q (MAP)
5,1,40,146.7713250755454,Q (MAP)
5,1,41,123.7355416179356,Q (MAP)
5,1,44,132.58825191659207,Q (MAP)
5,1,46,84.24282390448404,Q (MAP)
5,1,47,79.17366018236342,Q (MAP)
5,1,51,127.21954978609656,Q (MAP)
5,1,61,122.61811720632052,Q (MAP)
5,1,62,108.88584872470108,Q (MAP)
5,1,64,123.69419193762454,Q (MAP)
5,1,70,94.73822320445676,Q (MAP)
5,1,77,70.32896006490977,Q (MAP)
5,1,81,104.72026767918398,Q (MAP)
5,1,85,88.43025123636586,Q (MAP)
5,1,90,137.96331571550914,Q (MAP)
5,1,94,72.44932636070762,Q (MAP)
5,1,100,133.54816377753625,Q (MAP)
5,1,101,133.37511787738632,Q (MAP)
5,1,108,115.7759374809438,Q (MAP)
5,1,109,96.33026851859992,Q (MAP)
5,1,111,102.34072075235068,Q (MAP)
5,1,112,122.77322623932037,Q (MAP)
5,1,113,99.73780058301296,Q (MAP)
5,1,118,78.55104520374836,Q (MAP)
5,1,120,132.7662106376692,Q (MAP)
5,1,123,131.88808840270386,Q (MAP)
5,1,127,123.45879636104983,Q (MAP)
5,1,136,85.56193707353479,Q (MAP)
5,1,139,133.64752939105452,Q (MAP)
5,1,141,131.6894275458643,Q (MAP)
5,1,142,129.07878999453155,Q (MAP)
5,1,144,81.68732628908255,Q (MAP)
5,1,145,137.01361350308125,Q (MAP)
5,1,146,108.24974552270866,Q (MAP)
5,1,147,70.43174298850094,Q (MAP)
5,1,153,126.2492993728008,Q (MAP)
5,1,154,136.04927430969838,Q (MAP)
5,1,155,136.6613384711211,Q (MAP)
5,1,156,96.96956268640989,Q (MAP)
5,1,159,135.5131353983476,Q (MAP)
5,1,161,106.13725177091878,Q (MAP)
5,1,162,134.1358905544305,Q (MAP)
5,1,163,93.41777040085954,Q (MAP)
5,1,166,127.31174224491174,Q (MAP)
5,1,168,122.35996074217468,Q (MAP)
5,1,184,97.1485290939987,Q (MAP)
5,1,187,83.86510596702244,Q (MAP)
5,1,189,137.37505517143362,Q (MAP)
5,1,190,132.27147726550234,Q (MAP)
5,1,191,132.97266801910212,Q (MAP)
5,1,194,128.15476952038563,Q (MAP)
5,1,198,84.01707140799131,Q (MAP)
5,1,0,68.87130555290776,FQ (common fit)
5,1,2,87.35945676450571,FQ (common fit)
5,1,4,61.03442624138679,FQ (common fit)
5,1,6,111.30216723759784,FQ (common fit)
5,1,10,128.43978336001751,FQ (common fit)
5,1,11,79.21213285415266,FQ (common fit)
5,1,22,102.7468005606705,FQ (common fit)
5,1,23,82.84647767948324,FQ (common fit)
5,1,25,128.85457504543265,FQ (common fit)
5,1,26,71.37814741777433,FQ (common fit)
5,1,27,119.68270904681302,FQ (common fit)
5,1,28,85.25629768327946,FQ (common fit)
5,1,32,101.86693371662578,FQ (common fit)
5,1,33,74.9679504326697,FQ (common fit)
5,1,36,74.35862713141901,FQ (common fit)
5,1,39,128.5916255078802,FQ (common fit)
5,1,40,146.88543238961938,FQ (common fit)
5,1,41,122.95647571089908,FQ (common fit)
5,1,44,135.90135459967172,FQ (common fit)
5,1,46,57.96705047638861,FQ (common fit)
5,1,47,55.79094964079139,FQ (common fit)
5,1,51,123.21992552889763,FQ (common fit)
5,1,61,124.87260781806572,FQ (common fit)
5,1,62,111.94270619861008,FQ (common fit)
5,1,64,124.1690025538962,FQ (common fit)
5,1,70,54.91897387249292,FQ (common fit)
5,1,77,75.99485634460484,FQ (common fit)
5,1,81,90.40872232031406,FQ (common fit)
5,1,85,87.28349470259178,FQ (common fit)
5,1,90,134.94642960215364,FQ (common fit)
5,1,94,66.37808540864664,FQ (common fit)
5,1,100,141.76887854668047,FQ (common fit)
5,1,101,129.73906909845124,FQ (common fit)
5,1,108,104.29262965791573,FQ (common fit)
5,1,109,83.96972972313283,FQ (common fit)
5,1,111,92.64201854965248,FQ (common fit)
5,1,112,75.16307826851076,FQ (common fit)
5,1,113,90.22533302191104,FQ (common fit)
5,1,118,63.76322734758902,FQ (common fit)
5,1,120,130.93627733747968,FQ (common fit)
5,1,123,128.84628754633775,FQ (common fit)
5,1,127,99.60141837574366,FQ (common fit)
5,1,136,77.27393569758144,FQ (common fit)
5,1,139,131.71838077577183,FQ (common fit)
5,1,141,136.77384875026289,FQ (common fit)
5,1,142,128.88386958792825,FQ (common fit)
5,1,144,80.58404880600018,FQ (common fit)
5,1,145,135.17347489902053,FQ (common fit)
5,1,146,88.69957184961214,FQ (common fit)
5,1,147,66.27920866716606,FQ (common fit)
5,1,153,123.22128515863736,FQ (common fit)
5,1,154,126.99931343538924,FQ (common fit)
5,1,155,135.92334473007227,FQ (common fit)
5,1,156,88.43702308347275,FQ (common fit)
5,1,159,136.36225054488278,FQ (common fit)
5,1,161,81.0982528284893,FQ (common fit)
5,1,162,133.31179650201645,FQ (common fit)
5,1,163,91.44229253014927,FQ (common fit)
5,1,166,126.9230675124693,FQ (common fit)
5,1,168,137.18473630823212,FQ (common fit)
5,1,184,74.17241959169668,FQ (common fit)
5,1,187,79.89247275222274,FQ (common fit)
5,1,189,138.0098480135198,FQ (common fit)
5,1,190,115.59055161204068,FQ (common fit)
5,1,191,133.12538780093897,FQ (common fit)
5,1,194,127.96398093978048,FQ (common fit)
5,1,198,71.10828902058952,FQ (common fit)
5,1,0,68.76453287876913,FQ (MAP)
5,1,2,83.83203644525759,FQ (MAP)
5,1,4,54.32561100375923,FQ (MAP)
5,1,6,103.84922356935732,FQ (MAP)
5,1,10,113.10586524939912,FQ (MAP)
5,1,11,72.64339461429594,FQ (MAP)
5,1,22,100.9764873134529,FQ (MAP)
5,1,23,82.88957598218266,FQ (MAP)
5,1,25,127.48542938237716,FQ (MAP)
5,1,26,69.40022923616723,FQ (MAP)
5,1,27,118.5008391919811,FQ (MAP)
5,1,28,84.71961257229823,FQ (MAP)
5,1,32,95.92373528874484,FQ (MAP)
5,1,33,68.0743678837239,FQ (MAP)
5,1,36,72.52187783424739,FQ (MAP)
5,1,39,128.56355515940518,FQ (MAP)
5,1,40,142.41134289143926,FQ (MAP)
5,1,41,122.78400578704928,FQ (MAP)
5,1,44,133.93321550508472,FQ (MAP)
5,1,46,56.94620733097758,FQ (MAP)
5,1,47,52.34176619716634,FQ (MAP)
5,1,51,120.13873116818216,FQ (MAP)
5,1,61,123.0011822327014,FQ (MAP)
5,1,62,109.24569767074983,FQ (MAP)
5,1,64,123.393921407924,FQ (MAP)
5,1,70,52.170823774722415,FQ (MAP)
5,1,77,70.90020012090535,FQ (MAP)
5,1,81,90.32261096836464,FQ (MAP)
5,1,85,83.22659829480173,FQ (MAP)
5,1,90,132.78939771439278,FQ (MAP)
5,1,94,63.47491236092236,FQ (MAP)
5,1,100,135.65676164277076,FQ (MAP)
5,1,101,129.97080520461915,FQ (MAP)
5,1,108,103.75227046212945,FQ (MAP)
5,1,109,76.67889371677248,FQ (MAP)
5,1,111,89.60698945619775,FQ (MAP)
5,1,112,70.33631917887502,FQ (MAP)
5,1,113,83.78145106267006,FQ (MAP)
5,1,118,58.36578380114774,FQ (MAP)
5,1,120,130.679628868484,FQ (MAP)
5,1,123,128.99974506342392,FQ (MAP)
5,1,127,93.93840941532729,FQ (MAP)
5,1,136,76.45213405368372,FQ (MAP)
5,1,139,131.15626889381988,FQ (MAP)
5,1,141,132.82483977842458,FQ (MAP)
5,1,142,128.82568461324252,FQ (MAP)
5,1,144,79.6246621805378,FQ (MAP)
5,1,145,135.14674714684207,FQ (MAP)
5,1,146,88.28196664906393,FQ (MAP)
5,1,147,65.3515307820315,FQ (MAP)
5,1,153,122.59333876010538,FQ (MAP)
5,1,154,126.47591343594355,FQ (MAP)
5,1,155,135.88510400296863,FQ (MAP)
5,1,156,83.89943257104633,FQ (MAP)
5,1,159,136.3732697469341,FQ (MAP)
5,1,161,80.94777278628372,FQ (MAP)
5,1,162,132.88861711891266,FQ (MAP)
5,1,163,91.71584744592882,FQ (MAP)
5,1,166,126.40175317407744,FQ (MAP)
5,1,168,122.48274973750226,FQ (MAP)
5,1,184,71.54448173754892,FQ (MAP)
5,1,187,78.5448698150881,FQ (MAP)
5,1,189,137.10409519333166,FQ (MAP)
5,1,190,111.62839771360755,FQ (MAP)
5,1,191,132.13868098582068,FQ (MAP)
5,1,194,127.73648132229476,FQ (MAP)
5,1,198,62.76081015775402,FQ (MAP)
5,1,0,69.16239998481095,True model
5,1,2,83.72693339202262,True model
5,1,4,54.02062076459415,True model
5,1,6,103.33719009612878,True model
5,1,10,113.3649418057217,True model
5,1,11,71.19073316044592,True model
5,1,22,100.92393274172632,True model
5,1,23,82.94679836357662,True model
5,1,25,127.10163270944064,True model
5,1,26,69.6706958203971,True model
5,1,27,119.10378970705534,True model
5,1,28,84.73438919771655,True model
5,1,32,95.31604355387104,True model
5,1,33,67.13376659112902,True model
5,1,36,72.47056126027991,True model
5,1,39,128.61832522154978,True model
5,1,40,141.94555643396524,True model
5,1,41,122.96399291838652,True model
5,1,44,133.9673599403714,True model
5,1,46,57.50930980279229,True model
5,1,47,54.10232067822185,True model
5,1,51,119.75281994891311,True model
5,1,61,122.88457407111332,True model
5,1,62,109.00826884142248,True model
5,1,64,123.5237385921796,True model
5,1,70,51.916501939650914,True model
5,1,77,71.6304167844603,True model
5,1,81,90.28525008363464,True model
5,1,85,84.26003298772488,True model
5,1,90,132.434371282697,True model
5,1,94,63.254518427798544,True model
5,1,100,134.62264462140365,True model
5,1,101,130.04612261349274,True model
5,1,108,104.31860164079032,True model
5,1,109,76.3846254194208,True model
5,1,111,89.40686751695728,True model
5,1,112,70.19403668097736,True model
5,1,113,83.5229595460435,True model
5,1,118,57.60003542679577,True model
5,1,120,130.94889803595427,True model
5,1,123,130.70250231525085,True model
5,1,127,93.36487014824698,True model
5,1,136,77.04996836212655,True model
5,1,139,131.96184317480254,True model
5,1,141,133.41826817049736,True model
5,1,142,128.82122772081635,True model
5,1,144,79.74106106361319,True model
5,1,145,135.75401473074243,True model
5,1,146,89.0558688560385,True model
5,1,147,65.35060064378357,True model
5,1,153,122.97171228426896,True model
5,1,154,127.1122159058591,True model
5,1,155,136.17518584669978,True model
5,1,156,84.63495890359403,True model
5,1,159,136.43667684997814,True model
5,1,161,82.78824229282992,True model
5,1,162,134.36365058356654,True model
5,1,163,92.05693571997932,True model
5,1,166,126.362435352172,True model
5,1,168,121.94460471861775,True model
5,1,184,71.44472840937775,True model
5,1,187,80.45503119030757,True model
5,1,189,136.84767790120898,True model
5,1,190,112.0278670521573,True model
5,1,191,131.1088762618792,True model
5,1,194,127.69604026753905,True model
5,1,198,62.0028218587973,True model
5,2,1,106.34083983089272,Q (common fit)
5,2,3,99.95379011279093,Q (common fit)
5,2,7,90.32262293877164,Q (common fit)
5,2,8,100.12351839991662,Q (common fit)
5,2,13,128.50301292948689,Q (common fit)
5,2,14,105.7198232112486,Q (common fit)
5,2,17,134.2791521701909,Q (common fit)
5,2,20,125.60030990361322,Q (common fit)
5,2,21,101.80441157331605,Q (common fit)
5,2,34,106.34711851051247,Q (common fit)
5,2,37,129.381886938594,Q (common fit)
5,2,43,107.6839545679047,Q (common fit)
5,2,48,128.7168839367081,Q (common fit)
5,2,49,136.05015689530046,Q (common fit)
5,2,50,94.21969730265644,Q (common fit)
5,2,52,70.18702629725773,Q (common fit)
5,2,53,91.34683648649158,Q (common fit)
5,2,54,113.51145379240496,Q (common fit)
5,2,57,116.38605986215572,Q (common fit)
5,2,58,130.2622444590239,Q (common fit)
5,2,59,105.7033372090497,Q (common fit)
5,2,63,134.83627604847777,Q (common fit)
5,2,71,122.97924940643112,Q (common fit)
5,2,72,126.19374618136963,Q (common fit)
5,2,74,136.0693046088088,Q (common fit)
5,2,80,126.9867277072539,Q (common fit)
5,2,83,131.50537295177298,Q (common fit)
5,2,87,135.1600657733319,Q (common fit)
5,2,88,77.88977644873079,Q (common fit)
5,2,89,88.92700627783275,Q (common fit)
5,2,91,119.77561552202914,Q (common fit)
5,2,92,122.08216990380392,Q (common fit)
5,2,99,135.30069078310947,Q (common fit)
5,2,102,116.63052131603332,Q (common fit)
5,2,103,97.51109877461272,Q (common fit)
5,2,105,84.34290969372718,Q (common fit)
5,2,106,120.78030084766628,Q (common fit)
5,2,107,74.39001966372753,Q (common fit)
5,2,110,80.7534012649343,Q (common fit)
5,2,116,133.56751229420084,Q (common fit)
5,2,121,129.8027200036672,Q (common fit)
5,2,129,71.75174436164086,Q (common fit)
5,2,130,98.91747616402738,Q (common fit)
5,2,131,91.987202056184,Q (common fit)
5,2,133,80.6490921863383,Q (common fit)
5,2,134,107.363684639536,Q (common fit)
5,2,138,83.38848294505274,Q (common fit)
5,2,149,83.88146780638006,Q (common fit)
5,2,151,129.9492494270268,Q (common fit)
5,2,157,76.69300584185366,Q (common fit)
5,2,160,120.49728397392718,Q (common fit)
5,2,167,130.95074970458572,Q (common fit)
5,2,171,138.08798787450283,Q (common fit)
5,2,175,137.01225486043288,Q (common fit)
5,2,176,146.98585946894042,Q (common fit)
5,2,178,86.97627832881956,Q (common fit)
5,2,179,138.11441809332754,Q (common fit)
5,2,180,102.70508044630436,Q (common fit)
5,2,181,93.50834984313693,Q (common fit)
5,2,183,87.14764389284282,Q (common fit)
5,2,185,129.31647722237886,Q (common fit)
5,2,188,120.67580396414202,Q (common fit)
5,2,192,124.91158353887931,Q (common fit)
5,2,193,107.84853838741078,Q (common fit)
5,2,196,123.68226687192224,Q (common fit)
5,2,199,82.81009904564084,Q (common fit)
5,2,1,99.23950922826836,Q (MAP)
5,2,3,98.95572206684687,Q (MAP)
5,2,7,79.70091700974218,Q (MAP)
5,2,8,99.4017375152376,Q (MAP)
5,2,13,128.4830142438253,Q (MAP)
5,2,14,103.73177699196516,Q (MAP)
5,2,17,134.48164714555224,Q (MAP)
5,2,20,123.98466874559654,Q (MAP)
5,2,21,95.05605710217642,Q (MAP)
5,2,34,106.72484444267155,Q (MAP)
5,2,37,107.59981832452884,Q (MAP)
5,2,43,104.98528936799224,Q (MAP)
5,2,48,127.5742919153823,Q (MAP)
5,2,49,132.54957358809637,Q (MAP)
5,2,50,88.54042318335439,Q (MAP)
5,2,52,62.55898316575556,Q (MAP)
5,2,53,85.61529147443181,Q (MAP)
5,2,54,107.4509216772925,Q (MAP)
5,2,57,116.13799295710864,Q (MAP)
5,2,58,118.29665006785564,Q (MAP)
5,2,59,101.21487074217492,Q (MAP)
5,2,63,132.9119364698453,Q (MAP)
5,2,71,110.48744146862208,Q (MAP)
5,2,72,105.99676409300476,Q (MAP)
5,2,74,136.68275308617237,Q (MAP)
5,2,80,126.01141503341394,Q (MAP)
5,2,83,128.49318681663644,Q (MAP)
5,2,87,135.50656131337112,Q (MAP)
5,2,88,72.71296519306568,Q (MAP)
5,2,89,87.93794677243243,Q (MAP)
5,2,91,115.03953259899112,Q (MAP)
5,2,92,119.2408269067036,Q (MAP)
5,2,99,110.73070960283012,Q (MAP)
5,2,102,106.9893959314264,Q (MAP)
5,2,103,88.80612054017723,Q (MAP)
5,2,105,83.7193606448432,Q (MAP)
5,2,106,107.03451606122316,Q (MAP)
5,2,107,55.13707930988863,Q (MAP)
5,2,110,77.48186195624969,Q (MAP)
5,2,116,129.41685392183314,Q (MAP)
5,2,121,123.6419503140888,Q (MAP)
5,2,129,65.21998944790468,Q (MAP)
5,2,130,96.23782986528722,Q (MAP)
5,2,131,85.81195566757187,Q (MAP)
5,2,133,80.19255468888943,Q (MAP)
5,2,134,106.4543268865014,Q (MAP)
5,2,138,78.87684453521537,Q (MAP)
5,2,149,80.03443051045886,Q (MAP)
5,2,151,130.00903287397344,Q (MAP)
5,2,157,64.02267503155463,Q (MAP)
5,2,160,107.35946881370128,Q (MAP)
5,2,167,130.02005978484888,Q (MAP)
5,2,171,138.75092943992928,Q (MAP)
5,2,175,136.33104998572335,Q (MAP)
5,2,176,144.09723041072755,Q (MAP)
5,2,178,83.063391322992,Q (MAP)
5,2,179,138.36891544557147,Q (MAP)
5,2,180,100.81518071062828,Q (MAP)
5,2,181,85.02996516798903,Q (MAP)
5,2,183,82.93300831517408,Q (MAP)
5,2,185,128.88986784620943,Q (MAP)
5,2,188,119.6692511064481,Q (MAP)
5,2,192,126.56002377989071,Q (MAP)
5,2,193,108.95267920476068,Q (MAP)
5,2,196,120.09620802544327,Q (MAP)
5,2,199,65.989037458503,Q (MAP)
5,2,1,89.99655563301495,FQ (common fit)
5,2,3,82.64899463975728,FQ (common fit)
5,2,7,78.9484635994181,FQ (common fit)
5,2,8,81.80262867727724,FQ (common fit)
5,2,13,126.75783480041434,FQ (common fit)
5,2,14,95.48744296151922,FQ (common fit)
5,2,17,131.6608429125515,FQ (common fit)
5,2,20,125.42475825788382,FQ (common fit)
5,2,21,105.70775398795637,FQ (common fit)
5,2,34,81.70469769985557,FQ (common fit)
5,2,37,103.2879973199514,FQ (common fit)
5,2,43,87.27561153088438,FQ (common fit)
5,2,48,125.83301003515422,FQ (common fit)
5,2,49,133.840713928624,FQ (common fit)
5,2,50,63.119665738425226,FQ (common fit)
5,2,52,63.55969461862444,FQ (common fit)
5,2,53,66.39837579620756,FQ (common fit)
5,2,54,89.20686718682707,FQ (common fit)
5,2,57,111.28342169776148,FQ (common fit)
5,2,58,107.14063390592683,FQ (common fit)
5,2,59,88.00680529362602,FQ (common fit)
5,2,63,131.06751157010336,FQ (common fit)
5,2,71,98.83368919079408,FQ (common fit)
5,2,72,115.44423603993827,FQ (common fit)
5,2,74,134.90972207489122,FQ (common fit)
5,2,80,120.49465928458577,FQ (common fit)
5,2,83,127.62167502123984,FQ (common fit)
5,2,87,134.4648043586575,FQ (common fit)
5,2,88,72.79102230534414,FQ (common fit)
5,2,89,76.86793491771927,FQ (common fit)
5,2,91,117.7183123518485,FQ (common fit)
5,2,92,120.99739755186584,FQ (common fit)
5,2,99,109.1943931829366,FQ (common fit)
5,2,102,99.72569532315754,FQ (common fit)
5,2,103,87.78136926345896,FQ (common fit)
5,2,105,86.72973210466476,FQ (common fit)
5,2,106,74.87492146322334,FQ (common fit)
5,2,107,58.57986020822583,FQ (common fit)
5,2,110,70.79925245798239,FQ (common fit)
5,2,116,131.30099894012463,FQ (common fit)
5,2,121,126.91945313404028,FQ (common fit)
5,2,129,68.28749239846842,FQ (common fit)
5,2,130,88.07012923365868,FQ (common fit)
5,2,131,69.07178808274693,FQ (common fit)
5,2,133,75.71783649010223,FQ (common fit)
5,2,134,72.49024135996423,FQ (common fit)
5,2,138,72.09426137653594,FQ (common fit)
5,2,149,77.1307452395751,FQ (common fit)
5,2,151,128.30036904762437,FQ (common fit)
5,2,157,41.237773948663325,FQ (common fit)
5,2,160,74.90166561634747,FQ (common fit)
5,2,167,131.52431655825586,FQ (common fit)
5,2,171,138.2211031738921,FQ (common fit)
5,2,175,131.17760227380683,FQ (common fit)
5,2,176,141.47332073854474,FQ (common fit)
5,2,178,80.3608561909838,FQ (common fit)
5,2,179,136.81902480495228,FQ (common fit)
5,2,180,89.49180617085909,FQ (common fit)
5,2,181,90.0803619661122,FQ (common fit)
5,2,183,69.11712058244296,FQ (common fit)
5,2,185,127.67600296570583,FQ (common fit)
5,2,188,119.4835770098694,FQ (common fit)
5,2,192,93.14314031058746,FQ (common fit)
5,2,193,98.74516200911008,FQ (common fit)
5,2,196,119.90771359158884,FQ (common fit)
5,2,199,76.6652570163191,FQ (common fit)
5,2,1,86.09045315247263,FQ (MAP)
5,2,3,81.71517180029291,FQ (MAP)
5,2,7,71.47022533010255,FQ (MAP)
5,2,8,82.22653527231331,FQ (MAP)
5,2,13,126.70404955127586,FQ (MAP)
5,2,14,91.60487882953628,FQ (MAP)
5,2,17,131.48181788973872,FQ (MAP)
5,2,20,124.47211780707686,FQ (MAP)
5,2,21,96.18960341375416,FQ (MAP)
5,2,34,79.61709106871011,FQ (MAP)
5,2,37,98.76067471087558,FQ (MAP)
5,2,43,81.37680801801116,FQ (MAP)
5,2,48,124.82558294083468,FQ (MAP)
5,2,49,132.32007390347653,FQ (MAP)
5,2,50,55.2032731495549,FQ (MAP)
5,2,52,60.05436819473327,FQ (MAP)
5,2,53,62.44528828679302,FQ (MAP)
5,2,54,88.65195883441237,FQ (MAP)
5,2,57,106.173338955219,FQ (MAP)
5,2,58,104.35089274336552,FQ (MAP)
5,2,59,88.69412147595573,FQ (MAP)
5,2,63,130.16639603669745,FQ (MAP)
5,2,71,94.140434943947,FQ (MAP)
5,2,72,101.63465221062108,FQ (MAP)
5,2,74,135.1468734979885,FQ (MAP)
5,2,80,118.32638462196353,FQ (MAP)
5,2,83,125.92099159839678,FQ (MAP)
5,2,87,134.30849982922493,FQ (MAP)
5,2,88,69.98077908179779,FQ (MAP)
5,2,89,76.65813692129002,FQ (MAP)
5,2,91,115.47967067198692,FQ (MAP)
5,2,92,119.243805062512,FQ (MAP)
5,2,99,100.92800115888656,FQ (MAP)
5,2,102,99.9863962378974,FQ (MAP)
5,2,103,84.5067013350447,FQ (MAP)
5,2,105,85.10410900914643,FQ (MAP)
5,2,106,70.05325134994312,FQ (MAP)
5,2,107,50.442992209438415,FQ (MAP)
5,2,110,68.6408983908087,FQ (MAP)
5,2,116,129.51350608696885,FQ (MAP)
5,2,121,124.33849259396956,FQ (MAP)
5,2,129,66.98455921711492,FQ (MAP)
5,2,130,88.2836823670885,FQ (MAP)
5,2,131,67.53785622389638,FQ (MAP)
5,2,133,74.67621017970161,FQ (MAP)
5,2,134,68.87882397479709,FQ (MAP)
5,2,138,70.99166978543461,FQ (MAP)
5,2,149,76.22339030236299,FQ (MAP)
5,2,151,127.97034622681058,FQ (MAP)
5,2,157,35.343651108928114,FQ (MAP)
5,2,160,72.68412768707405,FQ (MAP)
5,2,167,130.90120832201328,FQ (MAP)
5,2,171,138.2699054995715,FQ (MAP)
5,2,175,131.31230184223668,FQ (MAP)
5,2,176,141.9517566817726,FQ (MAP)
5,2,178,75.29179937884835,FQ (MAP)
5,2,179,136.97441408176755,FQ (MAP)
5,2,180,88.29128556133772,FQ (MAP)
5,2,181,82.44716510169876,FQ (MAP)
5,2,183,68.01137594886164,FQ (MAP)
5,2,185,127.1896993037793,FQ (MAP)
5,2,188,118.74304911343084,FQ (MAP)
5,2,192,87.87249568384202,FQ (MAP)
5,2,193,97.66529840146704,FQ (MAP)
5,2,196,116.049060660236,FQ (MAP)
5,2,199,66.62857146805509,FQ (MAP)
5,2,1,85.47520908104488,True model
5,2,3,81.6053708364459,True model
5,2,7,70.71990260728116,True model
5,2,8,83.13726607844265,True model
5,2,13,128.39958573603033,True model
5,2,14,91.45842279900702,True model
5,2,17,131.44348864482606,True model
5,2,20,124.30103615031288,True model
5,2,21,96.57278585675404,True model
5,2,34,80.3108391417645,True model
5,2,37,98.43902707570328,True model
5,2,43,80.68118580332532,True model
5,2,48,125.4673968851474,True model
5,2,49,132.06357861505745,True model
5,2,50,53.62329705947529,True model
5,2,52,61.217124034069386,True model
5,2,53,62.9269953957505,True model
5,2,54,88.64501602280328,True model
5,2,57,106.07005865654456,True model
5,2,58,104.49866171025144,True model
5,2,59,89.29257133695575,True model
5,2,63,130.45943802031326,True model
5,2,71,94.11358675939262,True model
5,2,72,100.97014389537912,True model
5,2,74,137.1251771219765,True model
5,2,80,118.278532164797,True model
5,2,83,127.8653743796394,True model
5,2,87,135.72509066239706,True model
5,2,88,69.4663924940387,True model
5,2,89,76.75286115957829,True model
5,2,91,115.18512394069508,True model
5,2,92,118.86096734912525,True model
5,2,99,100.55539879041578,True model
5,2,102,100.09100059842052,True model
5,2,103,86.17415512118686,True model
5,2,105,85.03305211021556,True model
5,2,106,72.86950980677463,True model
5,2,107,50.90655326993714,True model
5,2,110,68.58091024983278,True model
5,2,116,128.74888632092984,True model
5,2,121,123.3215392856365,True model
5,2,129,67.11655374383992,True model
5,2,130,88.3338566398364,True model
5,2,131,67.85359621923644,True model
5,2,133,74.6616162655261,True model
5,2,134,69.75064240621886,True model
5,2,138,71.01967983181595,True model
5,2,149,76.46764295373215,True model
5,2,151,127.88961580477022,True model
5,2,157,35.03799552443594,True model
5,2,160,72.94790296407962,True model
5,2,167,130.59650788841253,True model
5,2,171,138.93762907365613,True model
5,2,175,131.60794810109695,True model
5,2,176,142.60842287198966,True model
5,2,178,74.17811828655843,True model
5,2,179,137.26815070277505,True model
5,2,180,88.61875543900052,True model
5,2,181,82.1863177718188,True model
5,2,183,69.80493182184868,True model
5,2,185,126.98574034156532,True model
5,2,188,118.77596519069256,True model
5,2,192,87.20494952817687,True model
5,2,193,97.73648170178116,True model
5,2,196,115.85302087721058,True model
5,2,199,67.42478816713503,True model
7,0,5,115.80990111118476,Q (common fit)
7,0,9,112.78035591215202,Q (common fit)
7,0,12,131.10945344034718,Q (common fit)
7,0,15,115.15499289484436,Q (common fit)
7,0,16,84.85126264143727,Q (common fit)
7,0,18,94.11628966132302,Q (common fit)
7,0,19,133.73592323945746,Q (common fit)
7,0,24,93.14487508880246,Q (common fit)
7,0,29,142.35300649865007,Q (common fit)
7,0,30,87.80560036344879,Q (common fit)
7,0,31,121.37063815370551,Q (common fit)
7,0,35,120.97792448320344,Q (common fit)
7,0,38,123.34729491977596,Q (common fit)
7,0,42,108.1190564552074,Q (common fit)
7,0,45,129.9660967660937,Q (common fit)
7,0,55,81.00106663526516,Q (common fit)
7,0,56,97.94727124721484,Q (common fit)
7,0,60,107.04204473172022,Q (common fit)
7,0,65,92.99529972415264,Q (common fit)
7,0,66,133.58366719960236,Q (common fit)
7,0,67,108.20671883990067,Q (common fit)
7,0,68,150.98531884172994,Q (common fit)
7,0,69,96.65015525240614,Q (common fit)
7,0,73,93.6458402746261,Q (common fit)
7,0,75,109.91331940906645,Q (common fit)
7,0,76,83.08238351833705,Q (common fit)
7,0,78,125.0110687334668,Q (common fit)
7,0,79,131.0645758938772,Q (common fit)
7,0,82,121.9533428281255,Q (common fit)
7,0,84,97.05543980002165,Q (common fit)
7,0,86,132.79200959488787,Q (common fit)
7,0,93,99.46901202610728,Q (common fit)
7,0,95,123.19468404359483,Q (common fit)
7,0,96,127.80329709034844,Q (common fit)
7,0,97,126.0029033584978,Q (common fit)
7,0,98,147.71041680273936,Q (common fit)
7,0,104,107.46742972277455,Q (common fit)
7,0,114,131.0805782522669,Q (common fit)
7,0,115,126.4877285993536,Q (common fit)
7,0,117,125.48018324110264,Q (common fit)
7,0,119,136.65506979457678,Q (common fit)
7,0,122,91.67634992816905,Q (common fit)
7,0,124,117.50841896611234,Q (common fit)
7,0,125,83.40487340242274,Q (common fit)
7,0,126,130.87759683364428,Q (common fit)
7,0,128,126.66492780327846,Q (common fit)
7,0,132,122.99348216889882,Q (common fit)
7,0,135,90.42183207381484,Q (common fit)
7,0,137,122.56604471797016,Q (common fit)
7,0,140,96.4216746820018,Q (common fit)
7,0,143,71.6198784364299,Q (common fit)
7,0,148,138.25745983177873,Q (common fit)
7,0,150,95.92702450107292,Q (common fit)
7,0,152,92.68472853613036,Q (common fit)
7,0,158,102.98914826150398,Q (common fit)
7,0,164,102.64730644313497,Q (common fit)
7,0,165,95.30338872983158,Q (common fit)
7,0,169,134.66643512194992,Q (common fit)
7,0,170,99.19617862938676,Q (common fit)
7,0,172,131.19256208802233,Q (common fit)
7,0,173,123.94072242544706,Q (common fit)
7,0,174,89.43362468079158,Q (common fit)
7,0,177,108.07262846723836,Q (common fit)
7,0,182,68.34014356412307,Q (common fit)
7,0,186,132.17159485542,Q (common fit)
7,0,195,114.73793329981967,Q (common fit)
7,0,197,86.77584979148303,Q (common fit)
7,0,5,107.06077151420918,Q (MAP)
7,0,9,110.94323709078138,Q (MAP)
7,0,12,129.48629323441563,Q (MAP)
7,0,15,112.3542799568744,Q (MAP)
7,0,16,83.19600234506552,Q (MAP)
7,0,18,94.21328748344725,Q (MAP)
7,0,19,132.84315906400158,Q (MAP)
7,0,24,89.10812468849346,Q (MAP)
7,0,29,133.19754252760944,Q (MAP)
7,0,30,83.08951914857636,Q (MAP)
7,0,31,111.1066885453485,Q (MAP)
7,0,35,117.7291818408171,Q (MAP)
7,0,38,122.91485178916297,Q (MAP)
7,0,42,100.44808322574328,Q (MAP)
7,0,45,130.54107387247052,Q (MAP)
7,0,55,59.63533168507898,Q (MAP)
7,0,56,91.19399196332846,Q (MAP)
7,0,60,105.88787204317512,Q (MAP)
7,0,65,92.03916073549654,Q (MAP)
7,0,66,129.442852406278,Q (MAP)
7,0,67,108.05484586567476,Q (MAP)
7,0,68,137.01855738887588,Q (MAP)
7,0,69,92.8622246753081,Q (MAP)
7,0,73,83.95341376886061,Q (MAP)
7,0,75,110.53628823058882,Q (MAP)
7,0,76,82.17368107538663,Q (MAP)
7,0,78,126.4996062792454,Q (MAP)
7,0,79,130.3022755020542,Q (MAP)
7,0,82,123.16232941285033,Q (MAP)
7,0,84,96.68222658928693,Q (MAP)
7,0,86,128.65691329971074,Q (MAP)
7,0,93,92.89628472428456,Q (MAP)
7,0,95,123.25001547285495,Q (MAP)
7,0,96,127.06176007287884,Q (MAP)
7,0,97,125.29498222887943,Q (MAP)
7,0,98,135.2037349306226,Q (MAP)
7,0,104,110.08951977987148,Q (MAP)
7,0,114,130.16763721388674,Q (MAP)
7,0,115,127.3811700230535,Q (MAP)
7,0,117,121.00359243979314,Q (MAP)
7,0,119,137.20640615973642,Q (MAP)
7,0,122,91.00734159911948,Q (MAP)
7,0,124,115.7521584731454,Q (MAP)
7,0,125,81.93081745264978,Q (MAP)
7,0,126,130.13039480572758,Q (MAP)
7,0,128,103.84599882522758,Q (MAP)
7,0,132,122.41274110060962,Q (MAP)
7,0,135,87.46202913691826,Q (MAP)
7,0,137,124.10130696707104,Q (MAP)
7,0,140,92.25384583740558,Q (MAP)
7,0,143,70.72525253294397,Q (MAP)
7,0,148,133.06372549048675,Q (MAP)
7,0,150,94.7729691070126,Q (MAP)
7,0,152,80.96943525002675,Q (MAP)
7,0,158,100.85169965061576,Q (MAP)
7,0,164,98.50946638601108,Q (MAP)
7,0,165,90.57239313178428,Q (MAP)
7,0,169,133.63196740287742,Q (MAP)
7,0,170,96.87801179777526,Q (MAP)
7,0,172,131.66738412824134,Q (MAP)
7,0,173,124.1173676468386,Q (MAP)
7,0,174,81.92645600394232,Q (MAP)
7,0,177,105.87843379375992,Q (MAP)
7,0,182,64.48024538739524,Q (MAP)
7,0,186,132.3538610075496,Q (MAP)
7,0,195,113.5059400276562,Q (MAP)
7,0,197,79.76210860181115,Q (MAP)
7,0,5,113.02935202888918,FQ (common fit)
7,0,9,113.27196149269606,FQ (common fit)
7,0,12,130.75356805398567,FQ (common fit)
7,0,15,118.18993003471836,FQ (common fit)
7,0,16,81.11604434172656,FQ (common fit)
7,0,18,93.94506358497075,FQ (common fit)
7,0,19,134.62198879072585,FQ (common fit)
7,0,24,72.77544443285797,FQ (common fit)
7,0,29,138.80065372542467,FQ (common fit)
7,0,30,74.0186013797263,FQ (common fit)
7,0,31,114.53486678967472,FQ (common fit)
7,0,35,118.03884317646454,FQ (common fit)
7,0,38,117.56937547338512,FQ (common fit)
7,0,42,112.72823276234968,FQ (common fit)
7,0,45,122.83318102076538,FQ (common fit)
7,0,55,58.67358191389775,FQ (common fit)
7,0,56,88.92515545622592,FQ (common fit)
7,0,60,82.92238997421292,FQ (common fit)
7,0,65,79.17413345252115,FQ (common fit)
7,0,66,122.30552696228564,FQ (common fit)
7,0,67,88.7227893233972,FQ (common fit)
7,0,68,142.0160970926502,FQ (common fit)
7,0,69,72.82721446075313,FQ (common fit)
7,0,73,78.88476750730477,FQ (common fit)
7,0,75,95.355108882962,FQ (common fit)
7,0,76,76.13639724235486,FQ (common fit)
7,0,78,102.72105432269278,FQ (common fit)
7,0,79,131.1808207762579,FQ (common fit)
7,0,82,94.61809691376332,FQ (common fit)
7,0,84,80.937982737391,FQ (common fit)
7,0,86,131.285957234823,FQ (common fit)
7,0,93,86.68506551457533,FQ (common fit)
7,0,95,82.79030235091918,FQ (common fit)
7,0,96,127.3619317773717,FQ (common fit)
7,0,97,126.23028200935948,FQ (common fit)
7,0,98,144.35971429031886,FQ (common fit)
7,0,104,93.99249655806264,FQ (common fit)
7,0,114,131.0573177236619,FQ (common fit)
7,0,115,115.73598203038227,FQ (common fit)
7,0,117,112.4788287304007,FQ (common fit)
7,0,119,134.1035958976895,FQ (common fit)
7,0,122,83.11211223570923,FQ (common fit)
7,0,124,103.43372315200652,FQ (common fit)
7,0,125,76.2958360212092,FQ (common fit)
7,0,126,130.54037691312377,FQ (common fit)
7,0,128,85.38190575286822,FQ (common fit)
7,0,132,125.85973856535628,FQ (common fit)
7,0,135,84.09234249367138,FQ (common fit)
7,0,137,89.6519192149709,FQ (common fit)
7,0,140,77.11951524742763,FQ (common fit)
7,0,143,71.36400312655532,FQ (common fit)
7,0,148,139.556300273185,FQ (common fit)
7,0,150,61.08933115104779,FQ (common fit)
7,0,152,82.19655353237629,FQ (common fit)
7,0,158,90.32467581423236,FQ (common fit)
7,0,164,96.86585770198518,FQ (common fit)
7,0,165,80.95815735263119,FQ (common fit)
7,0,169,132.6331416798987,FQ (common fit)
7,0,170,94.51568270461416,FQ (common fit)
7,0,172,125.49876740392472,FQ (common fit)
7,0,173,112.80991020540992,FQ (common fit)
7,0,174,64.24629331181887,FQ (common fit)
7,0,177,87.78317927784079,FQ (common fit)
7,0,182,64.80285246701777,FQ (common fit)
7,0,186,130.979829855111,FQ (common fit)
7,0,195,93.31654015176753,FQ (common fit)
7,0,197,63.15428051865381,FQ (common fit)
7,0,5,107.07077519724136,FQ (MAP)
7,0,9,112.470839102694,FQ (MAP)
7,0,12,130.42282738339097,FQ (MAP)
7,0,15,110.38664238234746,FQ (MAP)
7,0,16,80.24402949267574,FQ (MAP)
7,0,18,94.25226793412374,FQ (MAP)
7,0,19,133.5663515123252,FQ (MAP)
7,0,24,72.47612091013971,FQ (MAP)
7,0,29,132.2535829466984,FQ (MAP)
7,0,30,72.47717321626466,FQ (MAP)
7,0,31,108.21848631626014,FQ (MAP)
7,0,35,116.58060894883724,FQ (MAP)
7,0,38,115.99460191784524,FQ (MAP)
7,0,42,100.490442616786,FQ (MAP)
7,0,45,122.44879440711964,FQ (MAP)
7,0,55,50.68920065020048,FQ (MAP)
7,0,56,81.86625040450781,FQ (MAP)
7,0,60,83.39747285097691,FQ (MAP)
7,0,65,78.83008914190148,FQ (MAP)
7,0,66,120.4082549254345,FQ (MAP)
7,0,67,88.27217630493946,FQ (MAP)
7,0,68,131.29195424836774,FQ (MAP)
7,0,69,66.01824949773531,FQ (MAP)
7,0,73,76.06307027106257,FQ (MAP)
7,0,75,91.93954803577438,FQ (MAP)
7,0,76,75.48323874068811,FQ (MAP)
7,0,78,101.28994851268877,FQ (MAP)
7,0,79,129.46111762451457,FQ (MAP)
7,0,82,94.59093002917002,FQ (MAP)
7,0,84,78.94913848417343,FQ (MAP)
7,0,86,128.08918616424094,FQ (MAP)
7,0,93,83.87945464022378,FQ (MAP)
7,0,95,82.66935914176999,FQ (MAP)
7,0,96,127.17865967375836,FQ (MAP)
7,0,97,125.7668800641545,FQ (MAP)
7,0,98,136.8968862080558,FQ (MAP)
7,0,104,93.64024106266538,FQ (MAP)
7,0,114,130.563449335464,FQ (MAP)
7,0,115,113.2212557396525,FQ (MAP)
7,0,117,108.71046972214376,FQ (MAP)
7,0,119,134.1526727609879,FQ (MAP)
7,0,122,82.67853749110175,FQ (MAP)
7,0,124,103.81764169826415,FQ (MAP)
7,0,125,75.90239730117396,FQ (MAP)
7,0,126,130.09483024116662,FQ (MAP)
7,0,128,80.1428425403162,FQ (MAP)
7,0,132,123.89979109000322,FQ (MAP)
7,0,135,83.4255455031311,FQ (MAP)
7,0,137,85.92392760180658,FQ (MAP)
7,0,140,73.00126036091791,FQ (MAP)
7,0,143,71.18276953027329,FQ (MAP)
7,0,148,133.5729434012718,FQ (MAP)
7,0,150,58.105035038091344,FQ (MAP)
7,0,152,74.6660378081133,FQ (MAP)
7,0,158,88.87443755483356,FQ (MAP)
7,0,164,95.1025549080956,FQ (MAP)
7,0,165,78.78480585487587,FQ (MAP)
7,0,169,132.1047001411098,FQ (MAP)
7,0,170,93.34063164620096,FQ (MAP)
7,0,172,125.23339417023794,FQ (MAP)
7,0,173,111.82129736666336,FQ (MAP)
7,0,174,63.1869285989377,FQ (MAP)
7,0,177,88.45140566349818,FQ (MAP)
7,0,182,63.342264279062775,FQ (MAP)
7,0,186,130.1403636995223,FQ (MAP)
7,0,195,93.53444233045386,FQ (MAP)
7,0,197,57.29419609715696,FQ (MAP)
7,0,5,107.23604081637878,True model
7,0,9,114.18157475371932,True model
7,0,12,130.34131943793764,True model
7,0,15,110.72231696888984,True model
7,0,16,80.32671568712625,True model
7,0,18,94.36153202983324,True model
7,0,19,133.56209217034663,True model
7,0,24,72.51826658069919,True model
7,0,29,131.46027982512456,True model
7,0,30,72.4896229051173,True model
7,0,31,108.28958538967484,True model
7,0,35,116.687448994409,True model
7,0,38,115.8660548710266,True model
7,0,42,100.09126039980367,True model
7,0,45,122.92829899211306,True model
7,0,55,49.67966043047627,True model
7,0,56,81.61018737240204,True model
7,0,60,84.54489483013538,True model
7,0,65,78.82940847792139,True model
7,0,66,120.8674252410732,True model
7,0,67,90.80981814024358,True model
7,0,68,131.47012240145256,True model
7,0,69,64.5444481332262,True model
7,0,73,75.27205127420227,True model
7,0,75,91.57310593597234,True model
7,0,76,75.59505934213557,True model
7,0,78,101.4300090504138,True model
7,0,79,129.74584663920356,True model
7,0,82,94.58432547392376,True model
7,0,84,79.092625544134,True model
7,0,86,128.16997806747014,True model
7,0,93,85.05489425353312,True model
7,0,95,82.70212812461534,True model
7,0,96,127.33816356897572,True model
7,0,97,125.8771156007788,True model
7,0,98,135.87599246655284,True model
7,0,104,94.12101122988555,True model
7,0,114,130.47715895471583,True model
7,0,115,112.70431850291884,True model
7,0,117,108.59975228238268,True model
7,0,119,134.3992497494503,True model
7,0,122,82.62482092155322,True model
7,0,124,103.96630290332808,True model
7,0,125,76.53608844936205,True model
7,0,126,130.43061184721364,True model
7,0,128,81.5741944727148,True model
7,0,132,123.99386587045164,True model
7,0,135,83.37346030789374,True model
7,0,137,85.78988589162174,True model
7,0,140,73.17984581874362,True model
7,0,143,72.5404646835044,True model
7,0,148,133.15194013743678,True model
7,0,150,58.80777370833066,True model
7,0,152,74.64995766611568,True model
7,0,158,88.72723727704846,True model
7,0,164,96.03420805710806,True model
7,0,165,79.71298852535699,True model
7,0,169,133.72911237768594,True model
7,0,170,93.08332224850042,True model
7,0,172,125.2385721485771,True model
7,0,173,111.69468669397456,True model
7,0,174,63.45362175668481,True model
7,0,177,88.6204676224014,True model
7,0,182,64.46099110786645,True model
7,0,186,129.62323883535896,True model
7,0,195,94.73793552667767,True model
7,0,197,56.268750410234816,True model
7,1,0,136.30401639957316,Q (common fit)
7,1,2,118.57292031567664,Q (common fit)
7,1,4,84.66010156184385,Q (common fit)
7,1,6,132.97223612287047,Q (common fit)
7,1,10,156.68631564220922,Q (common fit)
7,1,11,147.38880030717465,Q (common fit)
7,1,22,96.08986266996956,Q (common fit)
7,1,23,85.22649215712235,Q (common fit)
7,1,25,87.35333903795896,Q (common fit)
7,1,26,119.271995453217,Q (common fit)
7,1,27,93.74006676848164,Q (common fit)
7,1,28,86.53267814052323,Q (common fit)
7,1,32,99.32329419091928,Q (common fit)
7,1,33,83.50464352489107,Q (common fit)
7,1,36,91.6280502429757,Q (common fit)
7,1,39,135.0345207847597,Q (common fit)
7,1,40,132.63536226684792,Q (common fit)
7,1,41,118.41910802281345,Q (common fit)
7,1,44,90.34080642277884,Q (common fit)
7,1,46,143.57894397162042,Q (common fit)
7,1,47,137.8530101249208,Q (common fit)
7,1,51,92.2044705292234,Q (common fit)
7,1,61,98.17140126455196,Q (common fit)
7,1,62,102.9182373848582,Q (common fit)
7,1,64,138.9422025052632,Q (common fit)
7,1,70,68.23294435071578,Q (common fit)
7,1,77,139.20540321690186,Q (common fit)
7,1,81,138.31574906147637,Q (common fit)
7,1,85,90.75742427568254,Q (common fit)
7,1,90,132.90858694836794,Q (common fit)
7,1,94,94.81098408104624,Q (common fit)
7,1,100,102.51342330724258,Q (common fit)
7,1,101,80.93638621779999,Q (common fit)
7,1,108,91.0160042298589,Q (common fit)
7,1,109,120.97374699195495,Q (common fit)
7,1,111,73.16864977962936,Q (common fit)
7,1,112,95.63060980189525,Q (common fit)
7,1,113,63.082372911829474,Q (common fit)
7,1,118,99.920486698815,Q (common fit)
7,1,120,138.25711138589992,Q (common fit)
7,1,123,89.57781959627681,Q (common fit)
7,1,127,68.44513884853224,Q (common fit)
7,1,136,95.63177926851029,Q (common fit)
7,1,139,80.28659425855072,Q (common fit)
7,1,141,123.41692716566308,Q (common fit)
7,1,142,133.15091208235071,Q (common fit)
7,1,144,110.00410883515444,Q (common fit)
7,1,145,161.66302745660235,Q (common fit)
7,1,146,92.128792767557,Q (common fit)
7,1,147,90.0203894722793,Q (common fit)
7,1,153,92.85793148653303,Q (common fit)
7,1,154,136.17051231952817,Q (common fit)
7,1,155,114.08669894510864,Q (common fit)
7,1,156,98.87595639779896,Q (common fit)
7,1,159,84.63343636163192,Q (common fit)
7,1,161,69.92612456397417,Q (common fit)
7,1,162,134.0487447794644,Q (common fit)
7,1,163,124.44843916239311,Q (common fit)
7,1,166,102.70841895772396,Q (common fit)
7,1,168,113.06394802087556,Q (common fit)
7,1,184,51.89463167087434,Q (common fit)
7,1,187,136.01356357407226,Q (common fit)
7,1,189,131.51062045798452,Q (common fit)
7,1,190,148.72956931076897,Q (common fit)
7,1,191,97.15202807798676,Q (common fit)
7,1,194,84.55451728738048,Q (common fit)
7,1,198,94.24630991518224,Q (common fit)
7,1,0,135.92248530598462,Q (MAP)
7,1,2,120.94421822321752,Q (MAP)
7,1,4,79.11356358515147,Q (MAP)
7,1,6,132.61638386871698,Q (MAP)
7,1,10,130.65876866174884,Q (MAP)
7,1,11,151.16110259411582,Q (MAP)
7,1,22,95.21131435441067,Q (MAP)
7,1,23,76.2136011300833,Q (MAP)
7,1,25,84.42699528396302,Q (MAP)
7,1,26,119.7763712777415,Q (MAP)
7,1,27,92.53560264040172,Q (MAP)
7,1,28,85.59232546037722,Q (MAP)
7,1,32,88.54169026150251,Q (MAP)
7,1,33,77.30265388497862,Q (MAP)
7,1,36,79.4626917337974,Q (MAP)
7,1,39,135.76474600950746,Q (MAP)
7,1,40,133.02423368763536,Q (MAP)
7,1,41,118.29801910512224,Q (MAP)
7,1,44,87.12590289737379,Q (MAP)
7,1,46,140.37680762495805,Q (MAP)
7,1,47,138.18812409928526,Q (MAP)
7,1,51,72.42649103083413,Q (MAP)
7,1,61,96.42389301184512,Q (MAP)
7,1,62,93.56862613535677,Q (MAP)
7,1,64,133.14057405513313,Q (MAP)
7,1,70,64.78873549102774,Q (MAP)
7,1,77,135.78512962152482,Q (MAP)
7,1,81,139.04100062159054,Q (MAP)
7,1,85,87.86333961276013,Q (MAP)
7,1,90,128.58634046402912,Q (MAP)
7,1,94,94.25074530292454,Q (MAP)
7,1,100,97.02070832920585,Q (MAP)
7,1,101,74.349762875784,Q (MAP)
7,1,108,89.3542181455242,Q (MAP)
7,1,109,102.43806160401252,Q (MAP)
7,1,111,70.49575384707065,Q (MAP)
7,1,112,86.05616926129925,Q (MAP)
7,1,113,56.1216814283018,Q (MAP)
7,1,118,94.84166925922564,Q (MAP)
7,1,120,137.9767380097442,Q (MAP)
7,1,123,86.43629507274899,Q (MAP)
7,1,127,54.36420735425637,Q (MAP)
7,1,136,96.69974644809813,Q (MAP)
7,1,139,77.88631889512078,Q (MAP)
7,1,141,122.81941183088212,Q (MAP)
7,1,142,133.9724748627081,Q (MAP)
7,1,144,108.77913374616055,Q (MAP)
7,1,145,127.05880897258322,Q (MAP)
7,1,146,75.80319562545498,Q (MAP)
7,1,147,89.29995608416662,Q (MAP)
7,1,153,91.90591283707688,Q (MAP)
7,1,154,136.41008044477928,Q (MAP)
7,1,155,113.3904902389646,Q (MAP)
7,1,156,98.49269469925008,Q (MAP)
7,1,159,78.30648767526797,Q (MAP)
7,1,161,66.90578551165555,Q (MAP)
7,1,162,134.11991775566074,Q (MAP)
7,1,163,123.27787387847846,Q (MAP)
7,1,166,95.74943464502584,Q (MAP)
7,1,168,101.09632494829334,Q (MAP)
7,1,184,47.726222907567205,Q (MAP)
7,1,187,135.0119374062291,Q (MAP)
7,1,189,131.03662860389136,Q (MAP)
7,1,190,93.42814353233126,Q (MAP)
7,1,191,87.892511726549,Q (MAP)
7,1,194,81.61555260203646,Q (MAP)
7,1,198,90.68236547472424,Q (MAP)
7,1,0,136.96927227434472,FQ (common fit)
7,1,2,100.4751333897516,FQ (common fit)
7,1,4,83.43944627348579,FQ (common fit)
7,1,6,132.55511667445168,FQ (common fit)
7,1,10,142.00483179360938,FQ (common fit)
7,1,11,107.66792134208356,FQ (common fit)
7,1,22,89.51640690588316,FQ (common fit)
7,1,23,71.6738914201131,FQ (common fit)
7,1,25,81.49129514367746,FQ (common fit)
7,1,26,111.33845774882168,FQ (common fit)
7,1,27,89.29307216136205,FQ (common fit)
7,1,28,62.21103844835116,FQ (common fit)
7,1,32,95.51135383211069,FQ (common fit)
7,1,33,61.38620157513672,FQ (common fit)
7,1,36,80.25735638844601,FQ (common fit)
7,1,39,134.66178643941515,FQ (common fit)
7,1,40,131.66757358170443,FQ (common fit)
7,1,41,91.31823068511272,FQ (common fit)
7,1,44,84.62209954008664,FQ (common fit)
7,1,46,136.49981877044112,FQ (common fit)
7,1,47,138.04744803566234,FQ (common fit)
7,1,51,39.00565093605921,FQ (common fit)
7,1,61,80.97921341888721,FQ (common fit)
7,1,62,88.94239789034559,FQ (common fit)
7,1,64,121.88393484704046,FQ (common fit)
7,1,70,62.61495850079497,FQ (common fit)
7,1,77,139.76601985351775,FQ (common fit)
7,1,81,138.03990806370027,FQ (common fit)
7,1,85,66.6666695118617,FQ (common fit)
7,1,90,133.39088763009318,FQ (common fit)
7,1,94,82.3084883557588,FQ (common fit)
7,1,100,106.2682919221015,FQ (common fit)
7,1,101,72.05577229964648,FQ (common fit)
7,1,108,60.52890973957844,FQ (common fit)
7,1,109,100.07476941309992,FQ (common fit)
7,1,111,71.67956623290183,FQ (common fit)
7,1,112,84.51163262999374,FQ (common fit)
7,1,113,58.34985761686891,FQ (common fit)
7,1,118,90.81084854950866,FQ (common fit)
7,1,120,137.03623126606846,FQ (common fit)
7,1,123,90.74248062506196,FQ (common fit)
7,1,127,55.85503750043562,FQ (common fit)
7,1,136,88.03351929261838,FQ (common fit)
7,1,139,71.10841192054298,FQ (common fit)
7,1,141,122.67738554641228,FQ (common fit)
7,1,142,127.2124732351709,FQ (common fit)
7,1,144,102.39905766615482,FQ (common fit)
7,1,145,136.06853372585323,FQ (common fit)
7,1,146,43.36493286659468,FQ (common fit)
7,1,147,82.05997189149863,FQ (common fit)
7,1,153,86.40094555893576,FQ (common fit)
7,1,154,130.82256298049006,FQ (common fit)
7,1,155,87.39755856008424,FQ (common fit)
7,1,156,86.77510757555042,FQ (common fit)
7,1,159,59.52732974590294,FQ (common fit)
7,1,161,64.1586561504107,FQ (common fit)
7,1,162,133.1165819351428,FQ (common fit)
7,1,163,120.05934445074467,FQ (common fit)
7,1,166,78.16496806588096,FQ (common fit)
7,1,168,110.38847730764796,FQ (common fit)
7,1,184,50.27353013507929,FQ (common fit)
7,1,187,135.72795666183546,FQ (common fit)
7,1,189,132.7626198473442,FQ (common fit)
7,1,190,87.07400666233008,FQ (common fit)
7,1,191,81.2625112637046,FQ (common fit)
7,1,194,81.9165097494204,FQ (common fit)
7,1,198,89.0740962520389,FQ (common fit)
7,1,0,136.6195533436297,FQ (MAP)
7,1,2,97.88285008618156,FQ (MAP)
7,1,4,78.61270015166981,FQ (MAP)
7,1,6,132.2654244495755,FQ (MAP)
7,1,10,117.89112659864593,FQ (MAP)
7,1,11,100.65591358182908,FQ (MAP)
7,1,22,88.22739802550021,FQ (MAP)
7,1,23,69.85411894631302,FQ (MAP)
7,1,25,79.19166537789768,FQ (MAP)
7,1,26,110.63240007585117,FQ (MAP)
7,1,27,89.30035090240011,FQ (MAP)
7,1,28,61.075857335149166,FQ (MAP)
7,1,32,90.19998091404145,FQ (MAP)
7,1,33,56.40602964162664,FQ (MAP)
7,1,36,75.71524741599256,FQ (MAP)
7,1,39,134.93659182442727,FQ (MAP)
7,1,40,131.9239175999415,FQ (MAP)
7,1,41,91.03293261975494,FQ (MAP)
7,1,44,79.29470453826144,FQ (MAP)
7,1,46,136.70847598048704,FQ (MAP)
7,1,47,138.17198339105445,FQ (MAP)
7,1,51,36.49725282488653,FQ (MAP)
7,1,61,80.74677601689655,FQ (MAP)
7,1,62,84.29417034141821,FQ (MAP)
7,1,64,116.40788657553276,FQ (MAP)
7,1,70,61.316611875746055,FQ (MAP)
7,1,77,136.4301944301002,FQ (MAP)
7,1,81,138.3394098361742,FQ (MAP)
7,1,85,65.37377043967678,FQ (MAP)
7,1,90,130.1969160036714,FQ (MAP)
7,1,94,80.03524445471004,FQ (MAP)
7,1,100,98.2412784759238,FQ (MAP)
7,1,101,70.93782718578305,FQ (MAP)
7,1,108,58.120161495055456,FQ (MAP)
7,1,109,94.99223095105845,FQ (MAP)
7,1,111,67.44365116179696,FQ (MAP)
7,1,112,77.77094055913855,FQ (MAP)
7,1,113,55.19813556079252,FQ (MAP)
7,1,118,84.63388408627563,FQ (MAP)
7,1,120,136.96482218031213,FQ (MAP)
7,1,123,85.63997610291788,FQ (MAP)
7,1,127,50.90178219007692,FQ (MAP)
7,1,136,88.3508556930731,FQ (MAP)
7,1,139,66.49485090834726,FQ (MAP)
7,1,141,122.29545496611934,FQ (MAP)
7,1,142,127.18476402799136,FQ (MAP)
7,1,144,103.42698408632992,FQ (MAP)
7,1,145,125.95719807026876,FQ (MAP)
7,1,146,38.67994087886001,FQ (MAP)
7,1,147,81.72261072372541,FQ (MAP)
7,1,153,86.04317767426804,FQ (MAP)
7,1,154,130.28559280108175,FQ (MAP)
7,1,155,84.97533293972089,FQ (MAP)
7,1,156,85.20238731044742,FQ (MAP)
7,1,159,58.06024005592605,FQ (MAP)
7,1,161,63.05126371205503,FQ (MAP)
7,1,162,133.22441748716832,FQ (MAP)
7,1,163,119.82166898487516,FQ (MAP)
7,1,166,76.86241385452139,FQ (MAP)
7,1,168,96.02291202597064,FQ (MAP)
7,1,184,45.8229372770869,FQ (MAP)
7,1,187,135.0539912347533,FQ (MAP)
7,1,189,132.28637709931868,FQ (MAP)
7,1,190,81.86051257209921,FQ (MAP)
7,1,191,73.80541331312425,FQ (MAP)
7,1,194,81.64646558478272,FQ (MAP)
7,1,198,86.47556980244072,FQ (MAP)
7,1,0,136.77699396596887,True model
7,1,2,97.9174137571114,True model
7,1,4,78.32248989414616,True model
7,1,6,133.41549205020235,True model
7,1,10,118.01657500528938,True model
7,1,11,99.7674469782754,True model
7,1,22,88.19243624772807,True model
7,1,23,70.30280523013603,True model
7,1,25,78.964447040296,True model
7,1,26,111.22185932465868,True model
7,1,27,89.49211409234069,True model
7,1,28,62.19377099036116,True model
7,1,32,89.64386647981745,True model
7,1,33,56.173145563229184,True model
7,1,36,77.29575451920758,True model
7,1,39,135.02003128131753,True model
7,1,40,133.059417066947,True model
7,1,41,91.11171994224608,True model
7,1,44,80.04415349536458,True model
7,1,46,136.75120828244258,True model
7,1,47,138.3396889998627,True model
7,1,51,36.340869301783975,True model
7,1,61,82.72090527077373,True model
7,1,62,83.8137574011001,True model
7,1,64,117.71346724464884,True model
7,1,70,61.11510091736037,True model
7,1,77,135.7078148348828,True model
7,1,81,138.6787585491815,True model
7,1,85,65.52722746314055,True model
7,1,90,129.7200065739995,True model
7,1,94,80.13272721491737,True model
7,1,100,98.01771918311212,True model
7,1,101,70.75126558644547,True model
7,1,108,58.537286279536886,True model
7,1,109,94.90650510251704,True model
7,1,111,67.10837413465967,True model
7,1,112,76.63562395832392,True model
7,1,113,54.59223058577007,True model
7,1,118,83.98982491671197,True model
7,1,120,136.90358410241677,True model
7,1,123,85.70506417431471,True model
7,1,127,50.006038613936425,True model
7,1,136,88.4789263303686,True model
7,1,139,65.45045231324866,True model
7,1,141,123.36203045153091,True model
7,1,142,127.59351323955369,True model
7,1,144,104.50594608260046,True model
7,1,145,127.06661496993824,True model
7,1,146,39.29834281081476,True model
7,1,147,81.78341407512707,True model
7,1,153,86.2556766939422,True model
7,1,154,130.26251386516543,True model
7,1,155,84.88252616729756,True model
7,1,156,85.03578067519786,True model
7,1,159,58.18498715969662,True model
7,1,161,63.46652915205878,True model
7,1,162,133.45960104051034,True model
7,1,163,120.00164364560196,True model
7,1,166,76.75291257477622,True model
7,1,168,95.93224752856224,True model
7,1,184,45.59262432373987,True model
7,1,187,136.31287544724137,True model
7,1,189,132.05624624495715,True model
7,1,190,81.09098554915494,True model
7,1,191,72.94771065196002,True model
7,1,194,81.8028162028013,True model
7,1,198,86.20202473849889,True model
7,2,1,93.56685214997582,Q (common fit)
7,2,3,129.69453790948836,Q (common fit)
7,2,7,124.52255937902528,Q (common fit)
7,2,8,94.38040548219055,Q (common fit)
7,2,13,93.99678109110876,Q (common fit)
7,2,14,92.26929790474212,Q (common fit)
7,2,17,142.81179895541368,Q (common fit)
7,2,20,91.18745481372596,Q (common fit)
7,2,21,129.76997357379423,Q (common fit)
7,2,34,131.46483046213606,Q (common fit)
7,2,37,140.48551765310435,Q (common fit)
7,2,43,88.92746811984419,Q (common fit)
7,2,48,81.16077607798171,Q (common fit)
7,2,49,125.68292702563969,Q (common fit)
7,2,50,110.32669111739756,Q (common fit)
7,2,52,132.98903754376326,Q (common fit)
7,2,53,95.85889056733792,Q (common fit)
7,2,54,131.08411838280807,Q (common fit)
7,2,57,127.51112345649004,Q (common fit)
7,2,58,120.23109520231762,Q (common fit)
7,2,59,122.15094450167616,Q (common fit)
7,2,63,139.72221371613608,Q (common fit)
7,2,71,109.0416423487756,Q (common fit)
7,2,72,96.68694740032296,Q (common fit)
7,2,74,115.84401109670512,Q (common fit)
7,2,80,72.29745807861475,Q (common fit)
7,2,83,133.84166714900053,Q (common fit)
7,2,87,95.3648494493626,Q (common fit)
7,2,88,92.70870649667876,Q (common fit)
7,2,89,80.95148518738084,Q (common fit)
7,2,91,131.1863955597636,Q (common fit)
7,2,92,78.42577910461311,Q (common fit)
7,2,99,138.15813506397984,Q (common fit)
7,2,102,100.53721520529936,Q (common fit)
7,2,103,133.30583210840246,Q (common fit)
7,2,105,122.88377107186588,Q (common fit)
7,2,106,85.74943798718904,Q (common fit)
7,2,107,115.91608963822613,Q (common fit)
7,2,110,105.5136976777175,Q (common fit)
7,2,116,112.99185338117644,Q (common fit)
7,2,121,85.3169691542852,Q (common fit)
7,2,129,75.13071319507958,Q (common fit)
7,2,130,106.09326995648124,Q (common fit)
7,2,131,117.939148004476,Q (common fit)
7,2,133,73.65129410567245,Q (common fit)
7,2,134,99.7738104622164,Q (common fit)
7,2,138,116.31604450257736,Q (common fit)
7,2,149,89.0147752868779,Q (common fit)
7,2,151,132.79254238475332,Q (common fit)
7,2,157,120.3375337500925,Q (common fit)
7,2,160,72.85754018313132,Q (common fit)
7,2,167,84.7825818003229,Q (common fit)
7,2,171,144.1695182748274,Q (common fit)
7,2,175,137.3899704699401,Q (common fit)
7,2,176,98.66473422886808,Q (common fit)
7,2,178,84.56381422518146,Q (common fit)
7,2,179,90.91739747239866,Q (common fit)
7,2,180,110.90682448455595,Q (common fit)
7,2,181,135.07371154926898,Q (common fit)
7,2,183,140.6605835616716,Q (common fit)
7,2,185,132.78131147051477,Q (common fit)
7,2,188,62.88477406634558,Q (common fit)
7,2,192,104.6847215069507,Q (common fit)
7,2,193,79.06858165798792,Q (common fit)
7,2,196,117.78272293300456,Q (common fit)
7,2,199,100.80840460415942,Q (common fit)
7,2,1,82.10115877868455,Q (MAP)
7,2,3,127.05469044836522,Q (MAP)
7,2,7,121.1731832369744,Q (MAP)
7,2,8,93.03057447206616,Q (MAP)
7,2,13,87.78042073275412,Q (MAP)
7,2,14,87.16864619387458,Q (MAP)
7,2,17,143.53153196831545,Q (MAP)
7,2,20,91.3181000599306,Q (MAP)
7,2,21,122.72845513405238,Q (MAP)
7,2,34,129.31818809168055,Q (MAP)
7,2,37,139.61098029945677,Q (MAP)
7,2,43,74.67354740417979,Q (MAP)
7,2,48,79.05894864857622,Q (MAP)
7,2,49,118.66043870574325,Q (MAP)
7,2,50,102.7823946171304,Q (MAP)
7,2,52,129.8880685880739,Q (MAP)
7,2,53,92.08453933171432,Q (MAP)
7,2,54,131.20635061657677,Q (MAP)
7,2,57,121.0401155150939,Q (MAP)
7,2,58,105.55842159074204,Q (MAP)
7,2,59,118.37511922630486,Q (MAP)
7,2,63,139.05413500239246,Q (MAP)
7,2,71,97.6153313331645,Q (MAP)
7,2,72,92.31372003851163,Q (MAP)
7,2,74,116.8591417500451,Q (MAP)
7,2,80,63.49800666014057,Q (MAP)
7,2,83,132.04364703123431,Q (MAP)
7,2,87,94.07968721581068,Q (MAP)
7,2,88,90.05206485656694,Q (MAP)
7,2,89,74.9602726067166,Q (MAP)
7,2,91,131.4232351236169,Q (MAP)
7,2,92,72.57935579741039,Q (MAP)
7,2,99,136.19689229936512,Q (MAP)
7,2,102,98.12399027944716,Q (MAP)
7,2,103,133.00803080660577,Q (MAP)
7,2,105,112.87300321016926,Q (MAP)
7,2,106,85.23154862487041,Q (MAP)
7,2,107,114.06448811424325,Q (MAP)
7,2,110,97.89870150980664,Q (MAP)
7,2,116,112.32165241774146,Q (MAP)
7,2,121,77.87583556553597,Q (MAP)
7,2,129,71.91502134696078,Q (MAP)
7,2,130,103.97025428368364,Q (MAP)
7,2,131,109.9164395609901,Q (MAP)
7,2,133,70.97248994460287,Q (MAP)
7,2,134,99.04741748050212,Q (MAP)
7,2,138,110.85924654488082,Q (MAP)
7,2,149,86.22331008931104,Q (MAP)
7,2,151,133.05316045945534,Q (MAP)
7,2,157,112.7343340565852,Q (MAP)
7,2,160,70.56825853358913,Q (MAP)
7,2,167,83.28844359758598,Q (MAP)
7,2,171,139.48643096823648,Q (MAP)
7,2,175,133.29152877002065,Q (MAP)
7,2,176,94.04275804908627,Q (MAP)
7,2,178,79.09463308107442,Q (MAP)
7,2,179,88.83190352574644,Q (MAP)
7,2,180,105.67833451731006,Q (MAP)
7,2,181,134.7918597111036,Q (MAP)
7,2,183,141.42498228668208,Q (MAP)
7,2,185,132.4489279338734,Q (MAP)
7,2,188,58.32261601625915,Q (MAP)
7,2,192,98.7752807028674,Q (MAP)
7,2,193,72.87335091453181,Q (MAP)
7,2,196,112.53902984779438,Q (MAP)
7,2,199,101.13598897239848,Q (MAP)
7,2,1,87.2640649934568,FQ (common fit)
7,2,3,126.19271545026685,FQ (common fit)
7,2,7,123.63050544917704,FQ (common fit)
7,2,8,55.90095324504757,FQ (common fit)
7,2,13,81.02588005201807,FQ (common fit)
7,2,14,72.78171563184016,FQ (common fit)
7,2,17,131.59952770117962,FQ (common fit)
7,2,20,73.55093003339054,FQ (common fit)
7,2,21,129.66414830004013,FQ (common fit)
7,2,34,128.6441265840477,FQ (common fit)
7,2,37,139.79668673019123,FQ (common fit)
7,2,43,74.40955961208788,FQ (common fit)
7,2,48,79.17010558561265,FQ (common fit)
7,2,49,94.3426302928592,FQ (common fit)
7,2,50,92.46422885308418,FQ (common fit)
7,2,52,126.69663640909836,FQ (common fit)
7,2,53,90.31003620727203,FQ (common fit)
7,2,54,127.12185349803153,FQ (common fit)
7,2,57,114.23874197208272,FQ (common fit)
7,2,58,125.2736441848943,FQ (common fit)
7,2,59,101.43536919015258,FQ (common fit)
7,2,63,138.37089530904674,FQ (common fit)
7,2,71,99.13904843664046,FQ (common fit)
7,2,72,98.42563068681974,FQ (common fit)
7,2,74,85.58518270498732,FQ (common fit)
7,2,80,67.77382285030045,FQ (common fit)
7,2,83,133.85880612197428,FQ (common fit)
7,2,87,74.51989099325719,FQ (common fit)
7,2,88,71.8382278276771,FQ (common fit)
7,2,89,69.5871611276048,FQ (common fit)
7,2,91,128.38381996776886,FQ (common fit)
7,2,92,60.422084260563054,FQ (common fit)
7,2,99,135.91148406133135,FQ (common fit)
7,2,102,102.70873274764536,FQ (common fit)
7,2,103,132.0259085791915,FQ (common fit)
7,2,105,124.90147696619742,FQ (common fit)
7,2,106,78.78547409779988,FQ (common fit)
7,2,107,84.89924402815889,FQ (common fit)
7,2,110,93.26912858658926,FQ (common fit)
7,2,116,86.30763348248634,FQ (common fit)
7,2,121,78.4748978188352,FQ (common fit)
7,2,129,64.56543015300323,FQ (common fit)
7,2,130,75.00432031800185,FQ (common fit)
7,2,131,91.4741121572146,FQ (common fit)
7,2,133,66.99592197557756,FQ (common fit)
7,2,134,75.23983347865337,FQ (common fit)
7,2,138,94.2774128083186,FQ (common fit)
7,2,149,82.96515354638649,FQ (common fit)
7,2,151,133.7197265518536,FQ (common fit)
7,2,157,115.93660203008912,FQ (common fit)
7,2,160,69.02003994302244,FQ (common fit)
7,2,167,81.00082948790377,FQ (common fit)
7,2,171,143.6719163293907,FQ (common fit)
7,2,175,135.10239254974766,FQ (common fit)
7,2,176,79.43633483459591,FQ (common fit)
7,2,178,76.12623853413811,FQ (common fit)
7,2,179,78.96172682957955,FQ (common fit)
7,2,180,92.15884332482597,FQ (common fit)
7,2,181,136.1100333148767,FQ (common fit)
7,2,183,135.34012945396606,FQ (common fit)
7,2,185,133.68638777837023,FQ (common fit)
7,2,188,60.989377443782864,FQ (common fit)
7,2,192,92.26718053696185,FQ (common fit)
7,2,193,68.59615530005979,FQ (common fit)
7,2,196,80.45601777538414,FQ (common fit)
7,2,199,96.22381131682596,FQ (common fit)
7,2,1,74.487376152528,FQ (MAP)
7,2,3,125.34081605982628,FQ (MAP)
7,2,7,116.94338501545631,FQ (MAP)
7,2,8,52.23566463593693,FQ (MAP)
7,2,13,80.0656224282322,FQ (MAP)
7,2,14,68.61529833071071,FQ (MAP)
7,2,17,130.97605760850746,FQ (MAP)
7,2,20,73.26817998842797,FQ (MAP)
7,2,21,125.1125227465006,FQ (MAP)
7,2,34,127.08561868508922,FQ (MAP)
7,2,37,139.13409926551202,FQ (MAP)
7,2,43,69.83288774950823,FQ (MAP)
7,2,48,77.67462527522844,FQ (MAP)
7,2,49,92.67369560025529,FQ (MAP)
7,2,50,79.26759659777885,FQ (MAP)
7,2,52,126.15759748324469,FQ (MAP)
7,2,53,85.30654852581723,FQ (MAP)
7,2,54,126.7124751945623,FQ (MAP)
7,2,57,110.1782601122016,FQ (MAP)
7,2,58,109.75275819376984,FQ (MAP)
7,2,59,100.3210904238025,FQ (MAP)
7,2,63,137.74323916482507,FQ (MAP)
7,2,71,93.14561957788013,FQ (MAP)
7,2,72,94.94765123318524,FQ (MAP)
7,2,74,74.57605301606065,FQ (MAP)
7,2,80,63.54201427596184,FQ (MAP)
7,2,83,131.74651938473485,FQ (MAP)
7,2,87,71.17953046310195,FQ (MAP)
7,2,88,67.7379833851938,FQ (MAP)
7,2,89,65.79543003558106,FQ (MAP)
7,2,91,128.22458041700511,FQ (MAP)
7,2,92,59.138416883087984,FQ (MAP)
7,2,99,134.10716284113684,FQ (MAP)
7,2,102,97.16433538880088,FQ (MAP)
7,2,103,131.845501224771,FQ (MAP)
7,2,105,113.45548960767688,FQ (MAP)
7,2,106,78.83323010909639,FQ (MAP)
7,2,107,82.31276235066889,FQ (MAP)
7,2,110,91.24891558934092,FQ (MAP)
7,2,116,83.70542667054815,FQ (MAP)
7,2,121,72.22580816951042,FQ (MAP)
7,2,129,63.57565224021874,FQ (MAP)
7,2,130,74.74504432622612,FQ (MAP)
7,2,131,90.18216127250236,FQ (MAP)
7,2,133,65.76445078728362,FQ (MAP)
7,2,134,71.88590429679059,FQ (MAP)
7,2,138,93.37796585477948,FQ (MAP)
7,2,149,81.27449530010988,FQ (MAP)
7,2,151,132.8124527606252,FQ (MAP)
7,2,157,112.09250000702784,FQ (MAP)
7,2,160,68.20040506894493,FQ (MAP)
7,2,167,79.86372334566337,FQ (MAP)
7,2,171,141.6377708859264,FQ (MAP)
7,2,175,133.07736099762118,FQ (MAP)
7,2,176,76.01464656045756,FQ (MAP)
7,2,178,74.06237687582914,FQ (MAP)
7,2,179,77.4706378359735,FQ (MAP)
7,2,180,91.8937872886437,FQ (MAP)
7,2,181,135.7197077695361,FQ (MAP)
7,2,183,134.9466563671484,FQ (MAP)
7,2,185,133.52675907531744,FQ (MAP)
7,2,188,59.74440127186718,FQ (MAP)
7,2,192,83.43200926804215,FQ (MAP)
7,2,193,66.46097863196582,FQ (MAP)
7,2,196,70.98546707412622,FQ (MAP)
7,2,199,95.96693628095449,FQ (MAP)
7,2,1,73.01475615132829,True model
7,2,3,125.22903057824745,True model
7,2,7,116.11316881971996,True model
7,2,8,52.59953208531774,True model
7,2,13,80.08417183016374,True model
7,2,14,68.53680271769444,True model
7,2,17,131.12290198869678,True model
7,2,20,73.85920480627124,True model
7,2,21,124.7714943706482,True model
7,2,34,128.076412543829,True model
7,2,37,138.52603783201272,True model
7,2,43,69.96515345898008,True model
7,2,48,80.27383726718854,True model
7,2,49,92.77965725912428,True model
7,2,50,77.48194512093107,True model
7,2,52,127.33591909528482,True model
7,2,53,84.53008219179877,True model
7,2,54,126.7304821665372,True model
7,2,57,110.05136887333292,True model
7,2,58,109.61827559970232,True model
7,2,59,100.42385748616206,True model
7,2,63,138.0835269541732,True model
7,2,71,94.00135757202573,True model
7,2,72,95.92051780202398,True model
7,2,74,76.78789237113477,True model
7,2,80,62.9913609791524,True model
7,2,83,131.70354704801764,True model
7,2,87,71.14466762931815,True model
7,2,88,67.82135110911484,True model
7,2,89,67.55720881691721,True model
7,2,91,128.58435805254288,True model
7,2,92,59.65498859072673,True model
7,2,99,134.2909541323325,True model
7,2,102,99.94997639830802,True model
7,2,103,131.85460736867344,True model
7,2,105,117.94705565596402,True model
7,2,106,79.10548723563319,True model
7,2,107,82.82451259170901,True model
7,2,110,91.52893922680109,True model
7,2,116,83.4415563324117,True model
7,2,121,71.28598743716634,True model
7,2,129,63.63013721449025,True model
7,2,130,75.166193609739,True model
7,2,131,90.07740044868792,True model
7,2,133,65.83270039182318,True model
7,2,134,71.53874164471816,True model
7,2,138,93.92395023779002,True model
7,2,149,81.26165753233533,True model
7,2,151,132.71258012267722,True model
7,2,157,111.66911379586512,True model
7,2,160,68.29728217954258,True model
7,2,167,80.39344277329062,True model
7,2,171,139.94433893443363,True model
7,2,175,132.82292498630062,True model
7,2,176,75.90920982559552,True model
7,2,178,74.5524165888848,True model
7,2,179,78.94519978139766,True model
7,2,180,91.8569675748973,True model
7,2,181,135.50361332514743,True model
7,2,183,134.32537457487183,True model
7,2,185,133.61955667969767,True model
7,2,188,59.779857155386566,True model
7,2,192,82.30611595065695,True model
7,2,193,66.376586072244,True model
7,2,196,71.61965599453526,True model
7,2,199,96.469657004354,True model
