{"Correlation original params & latents":0.5882395632306707,"Cross Entropy Loss":0.5019837617874146,"accuracy_test":0.7273499965667725,"Cross Entropy Test Loss":0.5025393962860107,"acc train":0.7319499850273132,"_step":10000,"_runtime":44.624333317,"_timestamp":1.7654076594397032e+09,"_wandb":{"runtime":44}}