{"Cross Entropy Test Loss":0.5032334327697754,"Correlation original params & latents":0.5291045339089826,"acc train":0.7331249713897705,"_timestamp":1.7654074861829767e+09,"Cross Entropy Loss":0.5022003650665283,"_wandb":{"runtime":100},"accuracy_test":0.7277999520301819,"_runtime":100.803955393,"_step":10000}