{"Cross Entropy Loss":0.5204810500144958,"training accuracy":0.7333425283432007,"kl_loss":-5.233828067779541,"_timestamp":1.765391107237693e+09,"accuracy_test":0.7253867387771606,"_wandb":{"runtime":4325},"Correlation original params & latents":0.0980368978701501,"_step":10000,"_runtime":4325.138747944}