{"kl_loss":-4.593406677246094,"accuracy_test":0.7249447703361511,"Correlation original params & latents":0.3432349604060326,"Cross Entropy Loss":0.5075013041496277,"_wandb":{"runtime":3402},"_timestamp":1.7653920984310722e+09,"_runtime":3402.418209261,"training accuracy":0.7337293028831482,"_step":10000}