{"_timestamp":1.7647738246067243e+09,"_step":5000,"loss_test":0.48309609293937683,"_wandb":{"runtime":241},"_runtime":241.092016767,"kl_loss":-1.3902682065963745,"accuracy_test":0.7404635548591614}