{"Cross Entropy Loss":0.5202645063400269,"_wandb":{"runtime":3408},"_timestamp":1.7654033287230334e+09,"_step":10000,"kl_loss":-4.215423107147217,"training accuracy":0.7260221242904663,"_runtime":3408.541490913,"accuracy_test":0.7188674211502075,"Correlation original params & latents":0.3755590768357848}