{"Correlation original params & latents step2":-0.02915205339281794,"_step":99,"kl_loss step2":-5.061345100402832,"accuracy_test step2":0.6299999952316284,"training accuracy step2":0.6144736409187317,"_timestamp":1.765461044065904e+09,"_wandb":{"runtime":55},"Cross Entropy Loss step 2":0.6895699501037598,"_runtime":55.24767218}