{"kl_loss":-1.5607885122299194,"_wandb":{"runtime":248},"_runtime":248.788847417,"accuracy_test":0.7383443117141724,"_timestamp":1.764771677602975e+09,"_step":5000,"loss_test":-0.1267317533493042}