{"_wandb":{"runtime":101},"accuracy_test":0.7347999811172485,"Correlation original params & latents":0.6354711415455331,"Cross Entropy Test Loss":0.49644720554351807,"acc train":0.7450000047683716,"_runtime":101.682485118,"_step":10000,"Cross Entropy Loss":0.4898955523967743,"_timestamp":1.7653851993450806e+09}