{"Cross Entropy Loss":0.488353967666626,"Cross Entropy Test Loss":0.49508553743362427,"accuracy_test":0.734375,"Correlation original params & latents":0.6234778821586519,"_timestamp":1.764870962812673e+09,"_step":10000,"_wandb":{"runtime":121},"_runtime":121.911040172}