{"Cross Entropy Loss":0.520082414150238,"training accuracy":0.7308563590049744,"Correlation original params & latents":0.2786883122087371,"_wandb":{"runtime":3444},"_step":10000,"_runtime":3444.412347105,"_timestamp":1.7653959476993008e+09,"kl_loss":-3.146796703338623,"accuracy_test":0.7250000238418579}