{"Correlation original params & latents":0.5929041598287407,"Cross Entropy Test Loss":0.49631068110466003,"acc train":0.7408750057220459,"Cross Entropy Loss":0.49062177538871765,"_wandb":{"runtime":38},"_runtime":38.837191566,"_step":10000,"_timestamp":1.765385406425499e+09,"accuracy_test":0.734749972820282}