{"Cross Entropy Loss":0.5132614374160767,"kl_loss":0.08051040768623352,"accuracy_test":0.7259009480476379,"Correlation original params & latents":0.01747229804676318,"_timestamp":1.7648637606321042e+09,"_wandb":{"runtime":366},"_runtime":366.200105131,"_step":5}