{"kl_loss":-4.685413837432861,"accuracy_test":0.7123757004737854,"_wandb":{"runtime":5293},"_runtime":5293.326117024,"Cross Entropy Loss":0.5449820756912231,"training accuracy":0.7288121581077576,"_timestamp":1.7652989139029744e+09,"Correlation original params & latents":0.2307747041521662,"_step":10000}