{"kl_loss":-1.5438039302825928,"accuracy_test":0.7360926866531372,"_timestamp":1.7647733421623943e+09,"_wandb":{"runtime":199},"_runtime":199.327526015,"_step":5000,"loss_test":0.48559245467185974}