{"Correlation original params & latents step2":-0.0014847615391749476,"accuracy_test step2":0.7170923948287964,"_wandb":{"runtime":157},"Cross Entropy Loss step 2":0.5339946746826172,"kl_loss step2":-5.264312744140625,"training accuracy step2":0.7136956453323364,"_step":199,"_timestamp":1.7654606128138237e+09,"_runtime":157.65960763}