{"Correlation original params & latents":0.01692771544589123,"Cross Entropy Loss":0.5128021240234375,"_timestamp":1.7654069073528779e+09,"_wandb":{"runtime":4324},"training accuracy":0.7270994782447815,"_runtime":4324.959658886,"accuracy_test":0.7312707304954529,"_step":10000,"kl_loss":0.6076714396476746}