{"Correlation original params & latents CP":0.20720778951829724,"_wandb":{"runtime":65},"_runtime":65.097227235,"_timestamp":1.765457348368964e+09,"_step":2000,"training accuracy":0.7546499967575073,"common process kl loss test":0.10007907450199127,"common process accuracy test":0.6851750016212463}