{"kl_loss":1.2756747007369995,"accuracy_test":0.7360249757766724,"Correlation original params & latents":0.03836698092008256,"training accuracy":0.734874963760376,"_wandb":{"runtime":4298},"_runtime":4298.96180145,"_step":10000,"Cross Entropy Loss":0.5081791281700134,"_timestamp":1.7653805948036857e+09}