{"Cross Entropy Loss":0.514546275138855,"_wandb":{"runtime":4396},"Correlation original params & latents":0.014871796333532732,"training accuracy":0.7261602282524109,"accuracy_test":0.728674054145813,"_runtime":4396.006264037,"_step":10000,"kl_loss":1.483842134475708,"_timestamp":1.7654420713771377e+09}